4.802046775817871	-2.413262367248535
5.2451934814453125	0.5933840274810791
3.4370338916778564	1.2030189037322998
2.969984531402588	-3.745469093322754
0.5653891563415527	-0.016486957669258118
5.587088108062744	-1.7303318977355957
1.6812429428100586	-2.4082305431365967
5.414222240447998	-2.5722692012786865
1.1676703691482544	-2.3327834606170654
1.9402177333831787	-1.4005670547485352
4.6377363204956055	-3.324039936065674
2.770266532897949	-3.0159637928009033
6.70469856262207	-1.0137029886245728
4.840235233306885	-0.4883343577384949
1.2345746755599976	-2.5289504528045654
0.7523560523986816	-0.07002763450145721
5.224940776824951	-1.7259811162948608
3.659762144088745	-3.8086392879486084
5.280405521392822	-1.0039554834365845
1.364907145500183	-2.6918070316314697
3.8781113624572754	1.6650938987731934
5.142871856689453	0.697043240070343
1.490991473197937	-2.309377431869507
2.857844591140747	-3.641648530960083
4.682636737823486	-2.1237995624542236
6.3150715827941895	-2.1819446086883545
0.7802878618240356	-0.3034558594226837
6.345176696777344	-1.79709792137146
4.251021862030029	-1.3907787799835205
2.019993305206299	-2.4238240718841553
3.8738486766815186	0.4664838910102844
4.471681594848633	-4.068900108337402
5.030209064483643	-0.029615655541419983
1.6980379819869995	-2.8364603519439697
5.887226581573486	-2.489356756210327
2.9836342334747314	-3.258746385574341
5.756215572357178	-1.6328123807907104
6.224189281463623	-1.0163336992263794
2.6334388256073	-0.19166181981563568
5.185136318206787	-0.7246411442756653
1.3433419466018677	-2.8352363109588623
3.8248329162597656	-3.668550491333008
0.5035145282745361	-0.9710322022438049
1.0918118953704834	-2.2847251892089844
3.048426389694214	-1.1768035888671875
0.9066096544265747	0.010966911911964417
3.0620272159576416	-2.0557913780212402
3.051863431930542	-3.1612801551818848
2.281680107116699	-0.44213980436325073
5.164382457733154	-2.9832499027252197
5.67654275894165	-1.7547712326049805
5.307758331298828	1.5099022388458252
1.9026296138763428	1.3698676824569702
2.2234299182891846	-2.376008987426758
0.6157400608062744	0.5432420372962952
2.9792673587799072	-3.4225080013275146
4.7616424560546875	1.5123941898345947
1.0391141176223755	-1.3438911437988281
2.6667027473449707	1.752791166305542
3.044212818145752	-3.714236259460449
3.258326768875122	1.9264554977416992
2.6448354721069336	-2.6052157878875732
5.9708356857299805	-1.842089056968689
6.189026832580566	0.22901125252246857
4.138131618499756	1.1522772312164307
2.8951680660247803	-3.080656051635742
6.097717761993408	-1.2750945091247559
2.4730887413024902	-3.349393844604492
3.757925271987915	0.7244272232055664
6.602112293243408	-0.14349965751171112
3.558804750442505	-2.442747116088867
1.2255666255950928	-1.2332621812820435
1.2999889850616455	-2.6914162635803223
5.327476978302002	-2.235321283340454
4.584972858428955	-1.629050612449646
6.4586052894592285	-0.5859499573707581
4.44516134262085	-2.70550274848938
3.058725118637085	-3.740976095199585
2.456913471221924	-3.5627832412719727
1.3556283712387085	-1.5997108221054077
5.699400901794434	-0.059223875403404236
6.3075714111328125	-0.6171690225601196
6.904210567474365	-1.1722731590270996
5.499988555908203	-1.0573813915252686
1.314984679222107	-0.26862287521362305
4.042436122894287	-3.7733521461486816
4.310617923736572	0.761531412601471
1.174037218093872	-0.6527538299560547
4.926173210144043	1.6321203708648682
1.628442645072937	0.601466178894043
5.021280765533447	0.7957281470298767
1.259655475616455	0.0928540974855423
2.54956316947937	1.042596697807312
5.61769437789917	-1.819046974182129
2.321702480316162	-3.070138931274414
6.120528221130371	-0.020358487963676453
0.47295570373535156	-1.211588740348816
3.4415640830993652	-3.695553779602051
4.504343032836914	-1.437251091003418
1.929686427116394	-3.1056160926818848
2.798658847808838	-1.5252130031585693
1.322183609008789	0.8384622931480408
1.3818680047988892	-2.7213308811187744
0.6491708159446716	-0.3036930561065674
1.1695709228515625	-1.9218801259994507
2.906459331512451	-3.7966973781585693
5.576399326324463	0.3497801423072815
5.485172271728516	-2.905742645263672
3.9298861026763916	0.9958856701850891
3.9935123920440674	0.5173735022544861
3.371941328048706	1.376145839691162
5.671802043914795	-0.0700111836194992
1.199257493019104	-2.6205248832702637
3.8526182174682617	-3.9784603118896484
4.651372909545898	1.7030459642410278
1.1050479412078857	0.30968737602233887
1.8079034090042114	0.7446984648704529
5.768428802490234	-0.7973989844322205
5.2865166664123535	0.8688609004020691
5.528188228607178	0.6005263328552246
4.542386531829834	0.013884618878364563
4.9204840660095215	1.589918613433838
5.231800556182861	-3.027251720428467
1.4054968357086182	-0.5268873572349548
1.5075041055679321	-2.759958267211914
4.043389797210693	-3.775806188583374
5.4620442390441895	0.14186717569828033
3.156931161880493	-1.883942723274231
1.7617406845092773	-3.251278877258301
4.994216442108154	-2.8866281509399414
4.091775894165039	-2.5671539306640625
2.3385016918182373	-0.35398414731025696
2.3011958599090576	-3.0443599224090576
0.9717358350753784	-1.8297693729400635
3.1628377437591553	0.9488103985786438
4.042063236236572	-3.3709537982940674
4.750533580780029	-0.9913154244422913
2.748995065689087	-3.950967311859131
6.813107967376709	-0.8992450833320618
2.494058609008789	-0.9034633040428162
1.8227838277816772	-2.471611976623535
1.9057471752166748	-2.265411853790283
1.606737494468689	0.8026105761528015
3.9288792610168457	-0.7854950428009033
3.124661445617676	-1.3718464374542236
2.338801860809326	-1.9804532527923584
3.982778787612915	-3.5493223667144775
4.39893102645874	-2.245124340057373
1.8143988847732544	-1.681221842765808
5.72983980178833	-0.799141526222229
2.337090492248535	0.15365685522556305
5.5861077308654785	-0.45401060581207275
2.0398812294006348	-3.30911922454834
0.9302725791931152	-1.6526079177856445
1.4306256771087646	1.2592952251434326
5.569847583770752	-1.7744214534759521
4.242937088012695	1.4097161293029785
5.047464847564697	-3.1898880004882812
3.152360677719116	2.1411612033843994
4.950805187225342	-1.7492690086364746
1.5107544660568237	-0.9051596522331238
6.1937665939331055	-2.397655487060547
1.0652098655700684	0.3185689449310303
2.299785614013672	-1.3953862190246582
3.7544052600860596	2.017794609069824
5.64065408706665	-1.566521406173706
1.2170915603637695	-0.9496126770973206
1.5469141006469727	-0.6390635967254639
2.2597689628601074	-3.477933168411255
6.4856276512146	-0.6316466927528381
1.4932917356491089	0.8283012509346008
5.717633247375488	-1.8826689720153809
1.0994181632995605	1.029018521308899
2.8006880283355713	-3.0751125812530518
1.3331612348556519	-2.757082223892212
3.7151238918304443	-3.298346996307373
1.1994165182113647	-0.36950206756591797
2.3565292358398438	-3.6951980590820312
4.802847862243652	-0.06529486179351807
5.880648136138916	-1.3317409753799438
2.3306965827941895	-3.0853271484375
3.368828535079956	-2.158453941345215
5.725643157958984	-0.037198230624198914
0.7828021049499512	0.024055883288383484
1.150991678237915	-2.4088640213012695
1.5773264169692993	0.3890196681022644
4.576910972595215	0.4628222584724426
6.544154644012451	-1.2270805835723877
4.306190490722656	-1.053475260734558
5.286190032958984	-0.29580456018447876
6.057075023651123	-1.5291236639022827
3.0592806339263916	-2.858572483062744
5.4977030754089355	1.0591084957122803
1.1906929016113281	0.26224833726882935
2.5318796634674072	1.476893663406372
1.4413315057754517	-2.1552038192749023
2.9813616275787354	2.1804707050323486
3.703716278076172	-4.045979976654053
5.47967004776001	-1.95746910572052
5.043862342834473	-1.023231029510498
1.3630989789962769	-2.4067585468292236
2.930436849594116	-3.6061267852783203
3.8322339057922363	-3.680286407470703
4.240223407745361	-2.828125238418579
3.812788486480713	-2.1027939319610596
3.712444543838501	-3.8575172424316406
4.836841106414795	1.2666950225830078
3.7391738891601562	-2.366807460784912
1.63271963596344	-3.226219892501831
4.686135768890381	1.4395902156829834
4.7172722816467285	0.7983437180519104
1.9043254852294922	-3.38468074798584
0.6627955436706543	-0.8359999656677246
6.009894371032715	-1.047096610069275
2.910921573638916	1.063730001449585
5.5107645988464355	-2.794309616088867
5.923049449920654	0.6710900664329529
2.2870032787323	0.17991425096988678
4.723987102508545	-0.09603038430213928
4.717625141143799	-1.5024688243865967
5.9686198234558105	-2.6229395866394043
4.822366237640381	1.060103416442871
4.0305681228637695	2.1892266273498535
1.203163981437683	-0.6725671887397766
1.6854201555252075	-1.4682122468948364
4.216048717498779	-3.018270254135132
1.237343430519104	0.7418204545974731
0.6356418132781982	-1.2348724603652954
3.639709234237671	1.0692156553268433
4.4812726974487305	1.59029221534729
1.155082106590271	-1.707268238067627
2.4137635231018066	-3.522709608078003
4.380669593811035	0.0921376496553421
5.227543354034424	-2.593398094177246
4.943454265594482	1.0974894762039185
4.936535358428955	-3.0731379985809326
3.2433717250823975	-3.2757225036621094
1.346960425376892	0.9410534501075745
4.038210391998291	1.0157088041305542
5.039897918701172	-2.258484125137329
1.9491761922836304	-3.2058310508728027
4.151907444000244	2.2193784713745117
6.429324626922607	-1.4133424758911133
0.718320369720459	0.621879518032074
5.429825782775879	0.5541874766349792
3.9615349769592285	-3.850184917449951
3.669037103652954	0.9331054091453552
0.662124514579773	-0.7802093625068665
2.123103618621826	-2.222430944442749
4.227383613586426	1.3173646926879883
4.418005466461182	0.34851235151290894
1.6913090944290161	-3.320793390274048
5.001115798950195	-2.741785764694214
5.625030517578125	-0.862244188785553
5.314848899841309	0.13670404255390167
4.1411309242248535	-3.375572443008423
3.2878687381744385	-3.7010626792907715
1.973788857460022	-0.31519031524658203
0.7569745182991028	-1.487034797668457
3.0476624965667725	-1.7756391763687134
2.7745118141174316	1.121896743774414
5.4778666496276855	0.33810561895370483
5.345827579498291	-0.22422485053539276
0.750431478023529	0.17091138660907745
2.9908382892608643	1.480652093887329
4.361008167266846	-3.6541588306427
5.927409648895264	-1.004334568977356
0.6803896427154541	-0.4197629690170288
1.9054332971572876	-0.26656049489974976
2.655285120010376	-3.5782365798950195
1.7427685260772705	-2.806792736053467
1.7028217315673828	-1.1713151931762695
1.1441651582717896	1.467226505279541
4.904238224029541	-2.0642073154449463
6.226304531097412	-2.3841872215270996
2.56208872795105	0.47623538970947266
1.352152705192566	-2.675386667251587
6.098141670227051	-1.1392693519592285
6.504565715789795	-1.780503511428833
4.021561622619629	-2.781911611557007
1.0833261013031006	-0.628976047039032
5.8328375816345215	-2.0691020488739014
3.0214993953704834	1.766432523727417
4.857604503631592	1.8152101039886475
5.493207931518555	0.965122640132904
0.7313680648803711	-0.9932152032852173
5.723531723022461	-0.05748353898525238
3.204796075820923	-2.532621383666992
0.8782618045806885	-0.43464282155036926
1.5905388593673706	-0.45629823207855225
2.1232352256774902	-3.3332715034484863
4.258837699890137	-3.612316846847534
3.1393473148345947	-2.0538759231567383
5.709658145904541	1.2736306190490723
3.5304601192474365	1.9500012397766113
3.654546022415161	-3.8740808963775635
4.858602523803711	1.314728856086731
1.7696890830993652	0.4174821376800537
5.999637126922607	-0.6809089779853821
4.564258098602295	0.8650210499763489
2.497276782989502	-3.4900357723236084
0.8634296655654907	-0.5637766122817993
5.727657794952393	-2.305691719055176
6.263769626617432	0.519630491733551
1.2289485931396484	0.08822448551654816
0.9500224590301514	-1.033284068107605
5.0051703453063965	0.6297749876976013
0.8758869171142578	-1.368444561958313
6.455215930938721	-1.443856954574585
2.918762445449829	-3.5396499633789062
1.2513502836227417	-2.5911874771118164
5.22820520401001	0.6828613877296448
2.451629400253296	-0.6135108470916748
0.7065916061401367	-1.1776517629623413
3.1777780055999756	1.6809825897216797
2.4960286617279053	-3.6040754318237305
3.786872625350952	1.4062395095825195
5.641571521759033	-1.8180826902389526
5.204742431640625	-2.427666425704956
1.2327932119369507	-1.8922085762023926
5.721561431884766	0.5089746117591858
4.738181114196777	-3.0755372047424316
2.9053642749786377	1.386574149131775
4.512792110443115	1.9316842555999756
1.9583216905593872	0.3780519366264343
6.170258045196533	-2.1927731037139893
5.203935146331787	0.9509677290916443
4.183699607849121	-3.520583152770996
4.7576212882995605	-0.3822534680366516
1.3110578060150146	0.694012463092804
6.143203258514404	-1.4206581115722656
4.980216979980469	-0.0029420554637908936
5.047526836395264	-0.031190529465675354
5.666306018829346	-1.4459495544433594
2.3782527446746826	1.0888653993606567
3.035998582839966	-1.3180267810821533
0.8315321803092957	-0.1281224638223648
0.9767509698867798	-0.05441953241825104
1.7002960443496704	1.0301783084869385
6.3123345375061035	-1.4803889989852905
4.035953521728516	1.1281769275665283
5.1556243896484375	-2.7882330417633057
1.6599239110946655	-0.991863489151001
3.969372510910034	-4.077972412109375
1.9351731538772583	1.1421233415603638
2.5013628005981445	-3.57656192779541
2.8654985427856445	-2.2222840785980225
6.203915119171143	-0.973983108997345
4.187248229980469	-3.0603885650634766
1.2269648313522339	0.06420929729938507
1.7005213499069214	0.30871427059173584
2.6675426959991455	-3.7065181732177734
5.654352188110352	0.0027555078268051147
1.1925535202026367	-1.6126399040222168
0.7594605684280396	0.17720727622509003
3.616032361984253	-3.8911938667297363
2.7248406410217285	-1.8628348112106323
2.6228766441345215	-3.7359044551849365
1.0770528316497803	-2.1700167655944824
5.654086589813232	0.7024070024490356
5.153189182281494	-3.066190004348755
4.394021034240723	-3.437941789627075
1.211498737335205	-0.530743420124054
1.2144588232040405	-1.253690481185913
1.1436657905578613	-0.7609884738922119
5.588962554931641	-2.306743860244751
1.4734021425247192	-2.8643524646759033
5.257206916809082	1.1923454999923706
3.322772264480591	-3.8281004428863525
0.9983644485473633	0.460334837436676
1.0441501140594482	-2.3732337951660156
2.1614460945129395	1.1594483852386475
1.061724066734314	0.7003771066665649
0.9182062149047852	0.1253228336572647
2.5697693824768066	0.6604335308074951
6.053665637969971	-1.2999379634857178
3.627957820892334	-1.8634235858917236
1.5323764085769653	0.027142837643623352
5.719120502471924	-1.9553031921386719
1.3713210821151733	-1.3683041334152222
3.494065046310425	1.9125251770019531
5.953464031219482	-2.499656915664673
1.6875388622283936	-3.079859972000122
1.2284997701644897	0.06757195293903351
1.6112948656082153	0.14182306826114655
6.119094371795654	-1.7895534038543701
3.996411085128784	0.8271500468254089
1.047995686531067	-0.6579011082649231
2.943930149078369	-2.4075968265533447
1.0745198726654053	-1.6669033765792847
5.611511707305908	-2.525691032409668
5.741818428039551	-0.9893031716346741
5.777667045593262	-1.4223008155822754
3.9308574199676514	-3.874756336212158
1.9438551664352417	-2.30222225189209
5.9464030265808105	0.3204748034477234
5.329691410064697	-1.5293490886688232
3.2655787467956543	-3.714592218399048
1.3354812860488892	-2.564049482345581
6.32788610458374	0.12487812340259552
5.30271577835083	-1.460251808166504
4.909780025482178	-1.0113221406936646
1.8211885690689087	0.9612194895744324
4.274474620819092	-2.1296448707580566
6.218448638916016	-0.18473957479000092
5.617393970489502	-2.1368093490600586
1.9354544878005981	-2.351058006286621
4.560852527618408	-1.8816394805908203
1.469846248626709	-2.824026584625244
1.4260705709457397	-1.7255537509918213
5.85706090927124	-3.1517395973205566
1.1170525550842285	-1.6011302471160889
0.7123590707778931	-0.725108802318573
1.1524804830551147	-0.3222990036010742
4.870217323303223	-1.8775767087936401
4.112186431884766	-3.9163095951080322
1.9458693265914917	-3.3368375301361084
2.9223928451538086	-2.9767792224884033
2.2551629543304443	-2.186288595199585
1.1293967962265015	-1.207559585571289
1.7586946487426758	-1.230590581893921
5.373768329620361	-0.2064153105020523
0.5352799892425537	-1.5142643451690674
1.0340720415115356	-1.666873574256897
2.687124013900757	1.83821439743042
4.645857334136963	-2.4334182739257812
1.8048831224441528	1.322249174118042
5.98746919631958	0.8054470419883728
1.7116458415985107	0.8242090344429016
4.8292131423950195	1.7613424062728882
6.019115924835205	-1.1511907577514648
4.822952747344971	0.2778887152671814
5.654693126678467	-1.8842976093292236
4.136602401733398	-3.207444429397583
2.4169979095458984	1.1456234455108643
4.59694242477417	1.592063546180725
1.8064576387405396	0.7720031142234802
3.606262445449829	-2.0485403537750244
2.5403759479522705	1.1632959842681885
3.9716060161590576	-3.7218542098999023
4.895643711090088	1.701927661895752
0.9036877155303955	-1.1459896564483643
1.5389879941940308	0.5376591086387634
3.147581100463867	-3.665881395339966
1.5843443870544434	-1.4933388233184814
4.11226749420166	-3.884251117706299
3.2841081619262695	2.128948450088501
3.5457046031951904	-3.7605326175689697
4.958569049835205	-2.479907512664795
4.89067268371582	0.15523763000965118
1.8878707885742188	-3.246906280517578
5.751449108123779	0.4619936943054199
5.661947250366211	0.17811758816242218
5.1693854331970215	0.9240197539329529
1.1531506776809692	-2.4458723068237305
2.6263246536254883	-3.6025333404541016
3.166376829147339	-3.3151612281799316
5.368218421936035	-3.0822455883026123
5.207426071166992	1.879220962524414
2.0720620155334473	-0.3383873701095581
2.8451156616210938	0.6390643119812012
1.4925960302352905	1.0671629905700684
4.923791408538818	1.6204159259796143
2.483766794204712	-2.882279396057129
4.588085174560547	1.4869059324264526
6.145888328552246	-0.4797908067703247
1.5134896039962769	-2.778895378112793
3.3659443855285645	-1.0945390462875366
2.844602108001709	1.7616344690322876
3.031994581222534	-2.7548422813415527
2.1253812313079834	-2.462568998336792
1.6600873470306396	-2.382080316543579
3.146127700805664	-2.509887933731079
4.885500431060791	0.9395104050636292
4.169264793395996	0.13748450577259064
3.132736921310425	-3.5899100303649902
3.7674782276153564	0.07669182121753693
5.629536151885986	-2.331007957458496
1.3076695203781128	-0.9303601980209351
4.8596062660217285	-0.6990434527397156
2.8773653507232666	-0.44357481598854065
2.3548898696899414	0.6178317070007324
1.5057709217071533	-1.499585509300232
4.155775547027588	-2.0346264839172363
1.2925961017608643	-2.554415464401245
4.0562615394592285	-2.4979846477508545
5.5778303146362305	0.02645467221736908
2.415919542312622	-2.4873812198638916
2.940645933151245	0.5603712797164917
3.9539926052093506	1.3359313011169434
6.354526042938232	-1.2775588035583496
3.6483914852142334	-3.5268304347991943
2.472673177719116	-3.6927404403686523
5.162036418914795	-2.3760485649108887
4.66355562210083	1.3592004776000977
5.6916680335998535	-0.1775117963552475
5.981138229370117	-1.1557749509811401
3.947411060333252	-3.3314599990844727
5.3206000328063965	-1.7915866374969482
3.859732151031494	-3.8621644973754883
1.4888709783554077	-0.5529354214668274
3.1803951263427734	-3.3173141479492188
1.779913067817688	-1.0790125131607056
4.259892463684082	-3.9150171279907227
6.07921028137207	0.27849531173706055
1.0149122476577759	-0.09046313166618347
2.6603808403015137	1.423451542854309
3.2033050060272217	-3.6934471130371094
3.1243910789489746	-3.677175998687744
2.914031505584717	-3.0145740509033203
2.3840272426605225	-3.329455614089966
3.0477726459503174	-3.441434383392334
2.463508367538452	0.26359790563583374
3.4009201526641846	-2.9128072261810303
3.9964025020599365	-1.932983160018921
6.249675750732422	-1.1794930696487427
3.997411012649536	1.4450948238372803
4.70421838760376	-2.964986801147461
1.3378851413726807	-0.7766974568367004
5.42701530456543	0.6408424973487854
2.2957756519317627	1.0373724699020386
1.6776834726333618	0.22248171269893646
1.239672064781189	-0.19723543524742126
2.5610408782958984	-2.9205162525177
4.633626461029053	1.6921721696853638
1.8270214796066284	-1.5949821472167969
4.601119518280029	1.8215184211730957
5.043937683105469	-1.2696634531021118
4.074105262756348	1.0965111255645752
3.042712450027466	-3.0962483882904053
4.697887420654297	-2.141557216644287
2.2264137268066406	0.4091809391975403
2.3754045963287354	-0.30308032035827637
3.4912490844726562	-3.4211058616638184
4.568869113922119	0.7840856909751892
3.7992970943450928	-3.7035679817199707
4.071840286254883	0.46059542894363403
3.836904764175415	-3.394437551498413
2.312701463699341	-3.2709503173828125
4.1124091148376465	-2.7846524715423584
1.9338603019714355	-2.1887309551239014
1.2623316049575806	0.25608402490615845
6.352409839630127	-0.8015671968460083
2.8909764289855957	-3.257797956466675
5.938023567199707	-0.7553050518035889
3.6933445930480957	-3.954547166824341
6.438365459442139	-1.8229751586914062
4.083791255950928	-2.4299840927124023
6.4751152992248535	-1.1880968809127808
4.519752502441406	-3.1156487464904785
2.489692449569702	1.0377812385559082
5.8055901527404785	-2.226282835006714
3.0273797512054443	-3.6768710613250732
3.2733867168426514	-3.6947038173675537
4.408775806427002	1.5771470069885254
5.441901683807373	-2.9013917446136475
1.6910713911056519	-3.1720821857452393
4.863430500030518	-2.7308878898620605
2.929318904876709	0.07310189306735992
4.636929988861084	-3.880251884460449
1.4526673555374146	-2.690544366836548
5.091640472412109	-3.061415195465088
2.6137332916259766	0.9701103568077087
5.613301753997803	-2.8713600635528564
1.4143849611282349	1.1389071941375732
5.2407355308532715	-1.2185922861099243
1.2687909603118896	-0.021137237548828125
2.364536762237549	-2.3819239139556885
4.605471611022949	-3.2253639698028564
2.77653431892395	-0.7571737170219421
5.927256107330322	-0.6075558066368103
3.9703452587127686	-3.9749362468719482
1.5692588090896606	-2.8602750301361084
2.6435046195983887	-3.5992319583892822
1.7588530778884888	-2.8823044300079346
3.9967920780181885	-3.875230312347412
1.4284332990646362	0.8389647603034973
5.086227893829346	0.8550631403923035
4.449118614196777	-0.48123103380203247
3.0273823738098145	-2.6007137298583984
1.6860321760177612	0.47448986768722534
2.808532476425171	-2.4754128456115723
5.7725090980529785	0.7006146907806396
2.6430041790008545	-3.254753589630127
4.537511825561523	-1.711659550666809
1.0544095039367676	0.8278675675392151
2.0002365112304688	-2.1481924057006836
3.6304771900177	-3.6849260330200195
1.7983314990997314	-3.0203258991241455
2.6319191455841064	-2.8116323947906494
1.2188304662704468	-0.06624533236026764
5.584150791168213	-0.7948684096336365
3.1309988498687744	1.2974694967269897
3.026550531387329	-3.6796438694000244
5.2742767333984375	-1.453855037689209
1.9878233671188354	-2.6127820014953613
4.518621921539307	1.7109369039535522
5.810976505279541	-2.602478265762329
5.709277153015137	0.7118563652038574
1.4853519201278687	-1.2643171548843384
0.8727043867111206	-1.5129092931747437
2.532959222793579	-2.754739284515381
6.449591636657715	-1.463362693786621
6.129006385803223	-1.257550835609436
1.2056130170822144	-2.3630919456481934
3.4580485820770264	-1.77097487449646
3.5908424854278564	1.5957345962524414
5.205255031585693	-2.128481149673462
2.901346206665039	1.9913835525512695
2.702826976776123	-3.7259507179260254
2.6104962825775146	1.851618766784668
3.246403455734253	-3.6219160556793213
5.068516254425049	1.445786952972412
3.139514207839966	-1.5491201877593994
2.4162211418151855	-0.7637155652046204
2.922860860824585	-2.647630214691162
3.6941423416137695	1.6984751224517822
1.7862296104431152	-2.0029208660125732
1.3539631366729736	-2.4701404571533203
5.189357280731201	-2.462989568710327
5.012310981750488	1.3690917491912842
1.711364507675171	-1.6710714101791382
5.026727676391602	1.1415159702301025
5.291601657867432	-2.459527015686035
1.3519314527511597	-1.2404987812042236
3.015070676803589	-1.011833906173706
2.2293436527252197	1.1378984451293945
2.966407060623169	-0.9312126040458679
4.4593048095703125	-0.1978772133588791
4.228514671325684	-2.490683078765869
3.945406198501587	-2.5794780254364014
3.405566930770874	-3.2026026248931885
1.7559058666229248	1.1761726140975952
5.518238544464111	-0.5898045301437378
0.9283071756362915	-2.0220701694488525
4.750590801239014	-2.2617063522338867
0.7702744007110596	-1.5103135108947754
3.24776029586792	-3.6212449073791504
1.3227816820144653	-2.5467605590820312
5.540372371673584	0.5931702256202698
2.577915906906128	1.692111611366272
2.8660428524017334	-3.3401808738708496
6.306331634521484	-2.528127908706665
4.973679542541504	-1.2046031951904297
2.3664662837982178	-3.379744291305542
4.918242931365967	-1.1684167385101318
3.503671407699585	-3.635450839996338
1.8687657117843628	-0.507225513458252
1.99714994430542	-3.149989128112793
5.953370571136475	-2.341066360473633
2.49845290184021	-1.193689227104187
2.5038437843322754	-2.5712404251098633
3.7747676372528076	-2.805757761001587
2.1112077236175537	-3.029270887374878
0.4857645034790039	-0.7475866675376892
1.7399805784225464	0.21879936754703522
6.003169536590576	-0.35802119970321655
5.021636486053467	-2.9906463623046875
3.7831337451934814	1.3405271768569946
3.1809146404266357	-3.0493078231811523
4.965809345245361	-2.0366079807281494
3.3231875896453857	-3.0138423442840576
5.958994388580322	0.20464085042476654
2.481903553009033	0.21888138353824615
3.3156092166900635	0.04634104669094086
5.159782409667969	-1.177353024482727
4.908480167388916	-0.017583250999450684
5.507718086242676	-1.4796820878982544
4.92807149887085	1.5073001384735107
6.189515590667725	0.3468884825706482
5.919159889221191	0.03048272430896759
3.0368080139160156	-3.9351742267608643
5.513413906097412	-2.0498361587524414
5.730251789093018	-1.9404706954956055
3.4576613903045654	-2.9069952964782715
5.950719356536865	-2.3075826168060303
1.6660115718841553	-3.041013240814209
1.733830451965332	1.702730417251587
1.2717591524124146	-2.6965854167938232
6.03542947769165	-0.6681743264198303
2.4301581382751465	-0.9019606113433838
5.433552265167236	0.9636656641960144
2.6932740211486816	1.2359373569488525
1.3909670114517212	-1.1958261728286743
5.707357883453369	-2.7294673919677734
3.8115499019622803	-4.092629432678223
2.6945533752441406	0.8387283682823181
1.7422568798065186	-0.01911751925945282
2.7299039363861084	-1.7937040328979492
6.021466255187988	0.5178319811820984
5.006712436676025	0.5309268236160278
2.874798536300659	-3.8797638416290283
2.6524696350097656	1.7542957067489624
5.362048149108887	-1.4397119283676147
1.6684134006500244	-1.6226496696472168
4.405553340911865	-3.317244529724121
3.9829792976379395	-3.74980092048645
1.4657412767410278	1.1068956851959229
3.0017335414886475	-3.793534755706787
5.523128509521484	0.06832422316074371
1.894063949584961	-0.7483165264129639
4.985015392303467	1.0407397747039795
4.567327976226807	1.4680354595184326
1.3894048929214478	0.12861944735050201
4.704757213592529	1.2470176219940186
4.016992568969727	-4.0854573249816895
3.1189992427825928	1.5236197710037231
0.9599994421005249	-0.6175784468650818
3.1379506587982178	-2.4124526977539062
5.024238109588623	1.2253973484039307
1.6540056467056274	-2.9137024879455566
3.375591278076172	-3.922431230545044
5.536500453948975	-3.2975575923919678
6.407032489776611	-2.0304036140441895
5.247262001037598	-2.6440060138702393
5.064571857452393	-2.7618112564086914
5.876885414123535	-2.3971235752105713
2.954087734222412	1.4391140937805176
2.127053737640381	1.5865854024887085
5.616586685180664	1.0065855979919434
1.2387937307357788	-2.319744348526001
6.050069332122803	-0.05269978940486908
4.11451530456543	1.8573427200317383
1.6033267974853516	-1.3180484771728516
2.212674617767334	0.7618806958198547
4.156558990478516	-4.066078186035156
3.190232276916504	-0.3256998062133789
1.1675195693969727	-0.30033427476882935
1.2127515077590942	-2.337542772293091
2.3496944904327393	1.7468748092651367
2.0119376182556152	-0.5467943549156189
4.486304759979248	-3.1249043941497803
5.92018461227417	-3.0700268745422363
6.331315517425537	0.3896874785423279
4.09470272064209	-1.494586706161499
5.641911029815674	-0.45220136642456055
4.8186798095703125	-1.9948893785476685
6.0099029541015625	-1.5342087745666504
1.2260257005691528	-2.0073182582855225
5.257055282592773	-0.493094801902771
4.7569899559021	-2.4596705436706543
2.0583701133728027	-0.1462661772966385
3.3899447917938232	1.9192628860473633
5.836320400238037	0.7301540374755859
0.8304088115692139	-0.8088969588279724
5.778452396392822	-0.26661741733551025
1.6653670072555542	-2.263414144515991
3.060818910598755	-3.6752564907073975
4.146170139312744	0.7248155474662781
1.6425138711929321	0.07427187263965607
0.707944393157959	0.6228129267692566
5.697106838226318	-0.8503876328468323
6.476688861846924	-1.250160574913025
1.9773293733596802	-2.0914649963378906
0.8258357048034668	-1.1698561906814575
1.4219311475753784	-0.49529123306274414
4.838332653045654	-0.335216224193573
5.64975643157959	-0.47983747720718384
4.165706157684326	-1.1686593294143677
5.248950481414795	0.08249332010746002
3.826087236404419	1.231633186340332
3.4540252685546875	-3.6560964584350586
3.4635658264160156	0.9822855591773987
1.9027639627456665	0.9690141081809998
3.176002264022827	2.142646312713623
3.7581734657287598	-4.022311210632324
4.392719745635986	-3.309008836746216
5.094536304473877	-2.5550785064697266
5.501080513000488	0.0527559369802475
3.4694793224334717	-3.1029908657073975
2.7182371616363525	0.7922741770744324
5.176818370819092	-2.2583165168762207
1.5225483179092407	0.3454664945602417
0.8350815773010254	-0.9613839387893677
6.516735553741455	-1.1090872287750244
4.05239200592041	-2.75830078125
5.560842037200928	-1.5926324129104614
3.9474313259124756	-3.5048763751983643
1.8949594497680664	0.816807210445404
3.7557573318481445	-3.8716955184936523
1.164878010749817	-2.5414106845855713
5.866482257843018	0.677069365978241
1.8361778259277344	0.4590417742729187
3.7905232906341553	-3.8292837142944336
3.669020414352417	-3.6037774085998535
5.1682610511779785	-0.9981248378753662
0.9503236413002014	0.1367046982049942
5.36325216293335	1.1116619110107422
4.533046245574951	-2.5937323570251465
5.088595867156982	-2.6002440452575684
4.6472320556640625	1.1798715591430664
3.5523605346679688	-3.9352333545684814
4.76814603805542	0.428977370262146
1.9007478952407837	0.43637025356292725
6.212323188781738	-1.6617939472198486
2.3114774227142334	-2.999199628829956
2.367699146270752	-3.0245418548583984
0.9709741473197937	0.7155125141143799
1.0570353269577026	-0.10469108819961548
5.178078651428223	-1.2589850425720215
1.7549747228622437	-0.6725346446037292
4.375965595245361	-0.2925645709037781
4.574409008026123	-0.4641568660736084
1.9644615650177002	-2.45353627204895
3.2629201412200928	1.4199563264846802
4.983392238616943	-2.2328169345855713
1.56011164188385	0.31210219860076904
5.117112636566162	-1.4461652040481567
1.5642236471176147	-1.3124568462371826
3.4635066986083984	-3.8026950359344482
5.35693883895874	-0.1759716421365738
4.022730827331543	-2.7515065670013428
1.7583593130111694	0.5994800925254822
5.281455993652344	-1.4178651571273804
6.125018119812012	-2.6769402027130127
6.408519268035889	-1.069259762763977
5.586900234222412	-1.2179195880889893
4.087956428527832	-4.292904853820801
5.025036334991455	0.8004233241081238
1.048382043838501	-0.8019213676452637
2.9162333011627197	1.7031174898147583
3.773707151412964	-3.9583680629730225
1.2075649499893188	-2.2232582569122314
3.5137088298797607	-3.3509063720703125
0.7278063297271729	-0.7988063097000122
5.809807300567627	-0.22071419656276703
3.359212875366211	2.006434917449951
1.255244493484497	-1.6158335208892822
3.950953245162964	1.6319200992584229
5.864984512329102	-1.7532501220703125
5.808705806732178	-2.4204535484313965
4.0532379150390625	-3.586472272872925
4.876363754272461	-2.6578147411346436
3.605684757232666	-3.9201853275299072
1.7960604429244995	0.05614389479160309
3.860602855682373	-3.878840923309326
5.895880699157715	-0.3658106327056885
6.172874927520752	-1.282257318496704
1.3092522621154785	-2.7620668411254883
1.507076382637024	-2.0134055614471436
5.019678592681885	-2.5023770332336426
6.227473735809326	-0.4559482932090759
4.551402568817139	1.4343254566192627
3.2250776290893555	-3.380793333053589
5.675064563751221	-1.2016818523406982
5.6880059242248535	-1.637142539024353
5.150679111480713	0.6463736295700073
1.9628241062164307	1.6055400371551514
3.778873920440674	1.5940024852752686
6.34346342086792	-0.3052477240562439
3.793675661087036	0.4171416163444519
1.959663987159729	1.8120183944702148
4.2403388023376465	-3.193776845932007
1.437825083732605	-1.9300129413604736
1.8929334878921509	0.8004102110862732
1.4701770544052124	1.3534812927246094
2.501030206680298	-2.569096803665161
5.325707912445068	-2.5409414768218994
1.7736636400222778	-2.5039730072021484
4.907679557800293	0.5971676111221313
6.200162410736084	0.11465422809123993
4.348562240600586	-2.455087900161743
5.092457294464111	-2.222316026687622
3.692448377609253	0.02708624303340912
1.043486475944519	-2.082463502883911
3.9096882343292236	-3.5202717781066895
5.012167930603027	-1.8124237060546875
5.051700115203857	-2.4416279792785645
1.7202471494674683	0.15689681470394135
6.3647332191467285	-1.021580696105957
1.7944594621658325	-1.576365351676941
3.1353323459625244	-3.7220189571380615
4.185088157653809	1.7644826173782349
5.743875026702881	-0.36601853370666504
6.981375694274902	-1.831285834312439
5.5746235847473145	-0.0525691956281662
1.6399142742156982	-1.474665880203247
2.2864134311676025	1.6125532388687134
1.5517398118972778	-2.0792267322540283
2.949615716934204	-2.474024772644043
0.9857946634292603	-1.5709142684936523
5.341749668121338	-1.7975172996520996
3.759418249130249	2.2675418853759766
1.7761540412902832	1.1234962940216064
2.08725643157959	-3.125408172607422
3.8308448791503906	-3.78715443611145
5.552701473236084	0.5085906982421875
1.156488060951233	0.4630553126335144
0.4382154941558838	-0.5817679166793823
4.228832244873047	-0.17468631267547607
5.915930271148682	-1.7992933988571167
3.1338436603546143	-3.707566022872925
4.104362964630127	-3.23087477684021
5.8689351081848145	-1.7172627449035645
2.168536901473999	-0.7964053750038147
5.980405807495117	0.06141205132007599
1.9921032190322876	0.20689402520656586
2.4026248455047607	1.108236312866211
1.5085399150848389	-0.7684056162834167
2.936347246170044	-2.6534061431884766
0.8582925796508789	-1.2694296836853027
5.63758659362793	-1.4893136024475098
4.679664611816406	1.4700751304626465
4.89109468460083	-2.002469301223755
1.7476214170455933	0.7588261961936951
3.0989091396331787	-3.7367236614227295
2.8760876655578613	1.29054856300354
5.995787620544434	-1.8119947910308838
2.350329637527466	1.5240070819854736
6.4165568351745605	-0.7678654193878174
4.8941216468811035	1.8345222473144531
2.181264638900757	-1.6299855709075928
2.1489322185516357	-1.128309726715088
4.207953453063965	-3.189743757247925
2.8088433742523193	1.6761233806610107
3.262861967086792	-3.3715333938598633
6.186835765838623	-0.5637186765670776
5.331767559051514	-0.8564785718917847
3.718034505844116	-3.36281681060791
3.5573980808258057	-3.8134212493896484
2.4436025619506836	-3.683927536010742
3.2823126316070557	-2.884903907775879
2.735562801361084	-2.9445443153381348
3.6774394512176514	-3.547008514404297
4.934488296508789	1.158583641052246
3.264925003051758	-3.296056032180786
3.518730878829956	2.227717399597168
6.415694236755371	-0.29380977153778076
1.0979318618774414	-0.7475879192352295
1.6313966512680054	0.34545254707336426
2.4040367603302	0.8902643322944641
5.379624843597412	-1.2714221477508545
2.8501930236816406	1.5962193012237549
1.1645203828811646	-0.4844585061073303
3.2922165393829346	0.010737553238868713
3.723785638809204	-3.255361795425415
0.7648736238479614	-1.6936488151550293
1.6322487592697144	0.5242432951927185
4.427887439727783	-3.174948215484619
4.251795768737793	-3.195333480834961
3.1961936950683594	1.2355849742889404
2.7382652759552	-3.325775384902954
2.4712305068969727	0.9097360968589783
4.864789962768555	-2.7886271476745605
4.238406658172607	1.7587332725524902
1.2467635869979858	-0.877679169178009
4.708926677703857	-2.993165969848633
2.104931116104126	-2.046440839767456
3.7920498847961426	-3.511754274368286
4.814744472503662	0.5396602749824524
2.142087459564209	-1.450217366218567
3.2586827278137207	-3.7067410945892334
5.086715221405029	0.3566741943359375
3.4021241664886475	-0.7584924101829529
2.23568058013916	-0.8804237246513367
4.532829284667969	-3.0263888835906982
6.408073902130127	-1.7242584228515625
5.506779193878174	-1.9529727697372437
5.241854190826416	-0.36741793155670166
3.959435224533081	-4.1347880363464355
4.490896701812744	0.8577201962471008
3.3315751552581787	-3.5633599758148193
0.7773745656013489	-0.24686500430107117
3.730933427810669	-4.241905212402344
3.9862921237945557	-3.5432660579681396
5.418385028839111	-0.3726491928100586
3.82999587059021	1.2069544792175293
2.2709567546844482	1.1101795434951782
1.4831219911575317	-1.3695399761199951
2.5667641162872314	0.36678004264831543
5.38009786605835	0.7078021764755249
1.4296071529388428	-0.8640543818473816
3.980668306350708	-1.7391589879989624
5.39039421081543	-2.6092348098754883
4.3452229499816895	0.24327833950519562
6.096891403198242	-1.3129909038543701
3.1770007610321045	-2.6053030490875244
4.74365234375	-2.4270691871643066
1.0889707803726196	-1.8740336894989014
5.931155681610107	-1.7479321956634521
0.920989990234375	-1.6315563917160034
1.8109036684036255	-0.054857999086380005
1.9790154695510864	-3.050210475921631
3.517002820968628	-0.6944880485534668
3.6383261680603027	1.3448288440704346
3.945525884628296	-3.2767038345336914
3.803461790084839	1.9401750564575195
1.481824517250061	0.35167378187179565
3.033254861831665	1.596111536026001
5.729469299316406	-1.750844955444336
3.392688512802124	2.342154026031494
2.7724063396453857	1.367107629776001
6.3504958152771	-1.0449187755584717
2.9679534435272217	-3.3780579566955566
1.887959599494934	0.8004228472709656
1.5490649938583374	0.8272183537483215
4.793211936950684	-1.8275562524795532
5.115528106689453	-1.3337236642837524
6.398221492767334	-0.9862414002418518
4.885119915008545	-2.9388442039489746
5.30238676071167	0.3641018867492676
1.1883407831192017	-0.5460878014564514
1.2130826711654663	-2.251573324203491
3.5020127296447754	-3.517591953277588
1.705649971961975	0.07142658531665802
1.7088617086410522	-0.27390244603157043
1.8085356950759888	0.47027748823165894
2.30281138420105	-1.0571271181106567
0.736928403377533	0.9025912880897522
3.5052263736724854	-3.5301296710968018
6.921025276184082	-1.4365260601043701
5.152220249176025	-1.9194374084472656
1.9988394975662231	-3.2479934692382812
4.157252788543701	-3.499703884124756
1.695304274559021	1.5359108448028564
4.8407135009765625	-0.27882689237594604
3.7864043712615967	-2.3596155643463135
2.6327009201049805	-3.1947169303894043
5.290127277374268	1.2836008071899414
2.2806217670440674	0.9679203629493713
4.909079551696777	-2.459521532058716
4.8943634033203125	-2.469625473022461
0.7884154319763184	-0.8835474848747253
1.206024408340454	-1.1264629364013672
3.772529125213623	1.6673789024353027
3.630305290222168	-3.720088243484497
3.6795952320098877	-2.649751663208008
1.0909621715545654	-1.9868329763412476
4.252960681915283	1.209012508392334
5.246170997619629	-0.7322055101394653
5.695123195648193	0.39836055040359497
1.7058578729629517	-2.7690720558166504
4.875274181365967	-3.0006346702575684
4.552471160888672	-3.079698324203491
5.466350555419922	-1.3273407220840454
4.732792854309082	-2.2937874794006348
2.8479421138763428	-2.6887567043304443
1.7406519651412964	-2.03513240814209
2.8246872425079346	1.6557412147521973
4.830326557159424	-2.34836745262146
4.68532657623291	1.8064491748809814
5.977271556854248	-2.0745394229888916
0.5698308944702148	-1.1554239988327026
1.4382379055023193	0.8322097659111023
1.4349315166473389	-2.9731876850128174
5.78624153137207	-2.2607128620147705
3.6982266902923584	1.594277262687683
4.8795270919799805	-2.843635320663452
5.604708671569824	-0.1551789492368698
3.4947879314422607	1.4990650415420532
4.602267265319824	1.616815209388733
2.6230077743530273	-3.494938611984253
1.842486023902893	-3.006814479827881
4.48729944229126	-2.947049140930176
1.5270272493362427	0.27860862016677856
5.809586048126221	-2.260765314102173
0.6990530490875244	-0.17767499387264252
1.9044102430343628	-2.2656426429748535
4.922567844390869	-2.5930051803588867
4.4016923904418945	-3.864492893218994
1.2525303363800049	-2.698625087738037
0.8373798727989197	-1.1481493711471558
4.9190897941589355	-2.446338653564453
1.391418218612671	-1.9462285041809082
4.535778999328613	-1.6690170764923096
2.1386606693267822	-3.087554931640625
2.600294589996338	-2.962324380874634
5.101428508758545	-2.312612295150757
3.5696401596069336	-1.9467798471450806
3.9397850036621094	-3.808279275894165
2.5486583709716797	-3.325636863708496
4.316329479217529	-3.19754958152771
0.7271155118942261	0.30393296480178833
2.2201459407806396	-1.2304296493530273
3.8380682468414307	-3.3769736289978027
3.365724563598633	1.2490663528442383
5.530539035797119	1.2238954305648804
5.313713073730469	-2.208714246749878
4.823521614074707	1.601463794708252
2.0448050498962402	-3.0337820053100586
1.8766323328018188	-2.6400671005249023
1.7812076807022095	-2.917088031768799
0.9831902980804443	-1.6010808944702148
2.591031074523926	0.7361814975738525
1.929431676864624	-3.2468461990356445
2.835195779800415	-3.495518207550049
4.4456305503845215	-2.0408451557159424
5.810673236846924	-1.8318047523498535
0.9277036190032959	-1.6168951988220215
3.5319864749908447	-2.6932101249694824
4.683804035186768	1.3948218822479248
6.542227268218994	-0.9555945992469788
5.725302696228027	-1.804298758506775
4.851813793182373	0.8987340331077576
2.178021192550659	0.4792226552963257
2.1031317710876465	-3.101545572280884
5.748265743255615	-1.5969252586364746
6.896026611328125	-0.8289546966552734
1.413011908531189	0.0596131831407547
2.91764497756958	-1.0212544202804565
2.8922858238220215	-3.182130813598633
3.9977803230285645	-3.4801135063171387
4.081357479095459	1.5758726596832275
0.9186723232269287	0.08693815767765045
6.444836616516113	-1.3094990253448486
4.646091938018799	-2.4914846420288086
2.455068826675415	-3.179360866546631
5.80640172958374	0.12506212294101715
5.452929973602295	-0.3886151909828186
5.282602310180664	-2.8033533096313477
2.0170071125030518	0.1651601940393448
3.669602632522583	-3.053597927093506
1.371207594871521	0.6109043955802917
4.597413063049316	-3.1346325874328613
1.7478052377700806	0.9817498326301575
3.754382848739624	-3.7462873458862305
1.8614673614501953	1.2467615604400635
5.238905906677246	-3.0299370288848877
1.980710506439209	-3.187401056289673
5.003022193908691	-1.1396865844726562
2.7197673320770264	0.1810634285211563
4.410440921783447	-1.4056146144866943
1.3470447063446045	0.22506166994571686
3.467817544937134	-3.249457836151123
4.593665599822998	-1.1593753099441528
1.1260143518447876	-0.3748869299888611
2.485400438308716	-3.212444543838501
3.403996229171753	1.1023586988449097
4.936134338378906	1.1724510192871094
4.960440635681152	0.004166349768638611
5.035828113555908	-2.4875197410583496
2.668842077255249	-3.177982807159424
1.8281811475753784	-3.0851874351501465
2.2030038833618164	-2.240189790725708
5.43818998336792	0.2782568335533142
3.979755401611328	-2.445142984390259
4.537197113037109	-2.5603575706481934
5.901469707489014	-2.625169277191162
0.7142466306686401	-1.183980941772461
5.602946758270264	-1.4017693996429443
3.823939085006714	0.26086342334747314
6.187824726104736	-0.40895044803619385
0.9301711320877075	0.6774846911430359
5.0340895652771	-2.995642900466919
4.752488613128662	-2.454792022705078
5.654990196228027	-1.5543746948242188
5.7731194496154785	-0.6277626156806946
1.383974313735962	0.7748413681983948
1.4545985460281372	-2.1174612045288086
2.331937074661255	-2.0302865505218506
4.625036716461182	-0.16805271804332733
5.247661113739014	-1.4302382469177246
5.340155601501465	1.2386817932128906
1.321172833442688	-1.3755507469177246
1.5614961385726929	-1.512839436531067
3.05684232711792	-3.2939906120300293
0.7875145673751831	-0.7816672921180725
1.02622652053833	-1.0377748012542725
4.29721736907959	1.3442344665527344
5.369811534881592	-2.0796360969543457
3.263101816177368	1.4359114170074463
1.3133280277252197	-0.6581577658653259
4.600244998931885	1.0946786403656006
2.3454816341400146	-0.7542440295219421
1.8069080114364624	1.1469697952270508
3.4327712059020996	-1.7131456136703491
0.7347748279571533	-1.2991282939910889
1.3289384841918945	-0.9978558421134949
4.445220470428467	-0.8675299286842346
1.3749343156814575	-1.000167727470398
4.824826240539551	-0.3773837983608246
1.8551973104476929	-1.4467977285385132
2.563478708267212	1.283155083656311
1.1672816276550293	-1.222258448600769
1.7420166730880737	-3.27595853805542
4.710616588592529	-2.9277665615081787
3.117879629135132	2.2507128715515137
1.7130688428878784	0.4981082081794739
1.7043219804763794	-2.3194997310638428
6.058681011199951	-0.3563588261604309
2.8130481243133545	-0.4031826853752136
2.962728261947632	-3.8667654991149902
4.249815940856934	-2.4555346965789795
6.2454023361206055	-0.7750503420829773
5.905351161956787	0.33832085132598877
5.603271961212158	-3.0427181720733643
1.4429720640182495	0.6483345627784729
2.021038293838501	1.3407282829284668
5.40985107421875	-2.5637941360473633
6.034671783447266	0.06360943615436554
2.7830114364624023	1.2838788032531738
0.9809672832489014	-0.23131872713565826
1.3001540899276733	-2.625394105911255
4.751308917999268	-2.217411994934082
3.2281415462493896	1.7111964225769043
5.957679748535156	-1.0935736894607544
3.0655677318573	1.799360752105713
3.0489697456359863	-3.8843095302581787
2.914567708969116	1.3390905857086182
6.732107639312744	-0.6355555653572083
1.5333579778671265	-3.0394837856292725
5.268040180206299	-3.0561866760253906
5.630560398101807	-0.7429724335670471
2.051224946975708	0.5463178753852844
4.657740116119385	-1.4840803146362305
1.831421136856079	-1.9688234329223633
5.366966247558594	1.1720755100250244
5.210276126861572	-2.7352468967437744
1.5254497528076172	0.752138614654541
5.336872577667236	0.36632049083709717
5.125504493713379	-0.058474645018577576
3.3544809818267822	-3.886307954788208
2.5978379249572754	1.8705809116363525
5.352109909057617	0.24145300686359406
5.305545330047607	-3.276196002960205
2.7519757747650146	1.5352022647857666
1.5650893449783325	1.1822497844696045
2.3197431564331055	-1.8450634479522705
4.289989948272705	-2.167593240737915
4.176579475402832	-1.4037526845932007
4.048389434814453	1.5374629497528076
2.3584439754486084	0.12558613717556
6.284383296966553	-0.9698957204818726
2.854323625564575	-0.7863284945487976
4.674623966217041	0.46519964933395386
1.3987798690795898	-0.03992195427417755
5.5324788093566895	-2.1554758548736572
2.9050841331481934	-1.7726242542266846
4.504150390625	-2.972764492034912
1.4762729406356812	-2.35766863822937
1.507292628288269	-3.0635316371917725
1.4831537008285522	-0.13495656847953796
3.3105735778808594	0.5949826836585999
5.604756832122803	-3.0139269828796387
3.8958559036254883	-3.2431159019470215
1.9064840078353882	-2.9610579013824463
5.561421871185303	-1.061722755432129
4.27844762802124	-3.1771059036254883
1.2455824613571167	-2.6276044845581055
2.548130750656128	0.9357725977897644
2.329102039337158	-3.0856711864471436
6.271829128265381	-1.5022462606430054
1.1669694185256958	-2.3983380794525146
2.239896059036255	-3.5106282234191895
2.5435917377471924	0.2201128453016281
4.199679851531982	-1.9965027570724487
5.420018672943115	-2.8762059211730957
3.1501269340515137	-1.9410467147827148
3.7910399436950684	1.1876713037490845
6.071765422821045	-1.2146472930908203
0.9386037588119507	-1.6273436546325684
1.2659162282943726	-0.9653592705726624
1.350195050239563	-2.831549644470215
1.933234691619873	1.5294100046157837
5.376637935638428	-1.9899334907531738
6.093962669372559	-0.44095176458358765
1.198676347732544	-0.38453835248947144
5.795383930206299	-0.04472018778324127
2.3880491256713867	1.6644152402877808
3.456591844558716	-3.9487569332122803
3.15432071685791	0.850034773349762
1.8924670219421387	1.2792673110961914
5.7281060218811035	-0.7951672673225403
4.430049419403076	-2.7272496223449707
6.027712821960449	-1.1301710605621338
3.2771806716918945	-2.5215067863464355
4.673181056976318	0.7588123679161072
5.2747979164123535	-1.7526705265045166
5.503379821777344	-1.0264469385147095
5.099502086639404	0.9860240817070007
2.805279016494751	-2.9797725677490234
2.929192543029785	0.8175477385520935
2.3139829635620117	1.5618674755096436
2.158064126968384	1.3901287317276
1.9879790544509888	-1.1461350917816162
1.3846477270126343	0.3621581792831421
4.204918384552002	1.3819786310195923
3.3013644218444824	-4.084218502044678
5.743714809417725	-1.1368741989135742
4.964477062225342	-1.709941029548645
1.4003870487213135	-0.8215155005455017
1.335166096687317	-1.6724709272384644
2.7609899044036865	-1.712149739265442
3.0105302333831787	-3.0120034217834473
1.004616379737854	-1.8568916320800781
2.69368314743042	-3.116363048553467
0.932703971862793	0.06971059739589691
3.5482683181762695	-3.964677333831787
2.463045597076416	0.0802387148141861
5.371329307556152	-2.716477870941162
4.318548202514648	1.2567005157470703
1.3827083110809326	0.3022615909576416
0.8978965282440186	-1.4451913833618164
3.1077721118927	-3.919987678527832
3.765472173690796	-3.255251169204712
6.357791423797607	-2.099510431289673
4.8218255043029785	-2.2527031898498535
5.422824382781982	0.8474475741386414
5.181787967681885	-1.8270728588104248
5.355722427368164	-0.7545530200004578
1.0258127450942993	-1.3350765705108643
5.343552112579346	-0.8088148832321167
3.3282039165496826	-1.4657597541809082
6.470887660980225	-0.1677803248167038
5.923295497894287	-0.34142613410949707
2.119149923324585	0.5412704944610596
2.129143714904785	1.581607699394226
1.461876392364502	-1.6762406826019287
2.988581895828247	1.618842601776123
5.411850929260254	-1.1828827857971191
4.407641887664795	1.0547385215759277
2.971470594406128	-2.603816270828247
5.775665760040283	-1.2582396268844604
2.3627095222473145	-2.186394214630127
3.172900915145874	2.238929033279419
5.571528911590576	-3.0587918758392334
0.9298413991928101	-0.9155351519584656
5.784948825836182	-2.5710604190826416
5.36871862411499	-0.882314920425415
4.553183078765869	-0.38283413648605347
3.3003737926483154	-0.3363119959831238
2.4727509021759033	-3.5900628566741943
1.7533818483352661	0.40165019035339355
6.140690326690674	-0.8795211911201477
6.7654500007629395	-1.9688328504562378
3.3765318393707275	-2.979194164276123
0.733664870262146	-1.144598364830017
6.163328647613525	-0.5902747511863708
2.6847174167633057	-0.4875304698944092
3.397125482559204	-3.3491921424865723
5.103956699371338	-2.4862093925476074
3.506000518798828	-3.950718879699707
0.9022461771965027	-0.6933289170265198
1.5611158609390259	0.011095508933067322
3.9752867221832275	-3.1100058555603027
2.3507113456726074	-2.5883140563964844
4.801865577697754	-0.07912634313106537
5.515800476074219	-2.1256043910980225
1.4339708089828491	0.11584050953388214
4.482898235321045	-3.58162260055542
4.480567932128906	0.9807199835777283
4.082483291625977	-3.868710517883301
1.1423579454421997	-2.087428331375122
1.5444992780685425	0.5787941217422485
3.8156211376190186	-0.03140699863433838
2.3856263160705566	1.1319389343261719
5.088120937347412	0.02751798927783966
1.6784262657165527	-2.4381823539733887
2.506462335586548	-2.8628058433532715
5.800562381744385	-1.4018393754959106
4.571081638336182	-2.8350179195404053
5.463797092437744	-2.9713616371154785
5.92362642288208	0.24603106081485748
0.5376181602478027	-0.8645159602165222
1.3011276721954346	-2.6073505878448486
1.38009774684906	-1.3837140798568726
4.9938178062438965	1.2395482063293457
4.789228916168213	-3.6050615310668945
5.53901481628418	-1.856405258178711
5.9161601066589355	-1.2204633951187134
3.317093849182129	1.1086698770523071
4.744775295257568	0.7234400510787964
3.0006775856018066	-2.469888210296631
4.905341625213623	1.4040629863739014
5.063305377960205	0.5051072835922241
3.19563364982605	-4.0376811027526855
3.924379348754883	1.9097228050231934
6.053977012634277	0.8931713700294495
5.3877787590026855	1.0549416542053223
3.570373296737671	-4.024588108062744
3.3903534412384033	1.2715901136398315
6.288168907165527	0.275543749332428
5.337957859039307	1.5215312242507935
2.3448755741119385	0.3815298080444336
4.042845249176025	-0.7232022285461426
2.912832021713257	-3.8657288551330566
3.109499931335449	2.0541539192199707
5.923243045806885	-1.3617565631866455
3.143174409866333	0.6713007688522339
1.706008791923523	0.8486010432243347
4.210825443267822	1.149645209312439
1.0676394701004028	-1.5367680788040161
3.2758631706237793	1.7419148683547974
1.3538087606430054	-1.3498882055282593
3.665745973587036	-3.008577585220337
5.917829513549805	-2.2409400939941406
4.735238552093506	1.2940959930419922
5.88051176071167	-1.978436827659607
4.9515604972839355	-2.4606099128723145
5.572770118713379	-2.637969970703125
2.4289791584014893	-1.8589047193527222
6.306893348693848	-2.2974843978881836
1.9460577964782715	-0.5378828644752502
5.638850688934326	-0.5699002146720886
1.3800464868545532	-2.906892776489258
6.109142780303955	-1.3350969552993774
0.7453514337539673	-0.2385050356388092
6.343482971191406	-1.981777548789978
4.593098163604736	-2.833651542663574
1.8692265748977661	0.7927036881446838
1.8904417753219604	-1.236777663230896
3.122267484664917	1.2435050010681152
2.0510191917419434	1.3476871252059937
5.173219680786133	0.7090545296669006
4.847225666046143	-1.5408200025558472
3.3096349239349365	-3.7818398475646973
3.152116537094116	-0.05887889862060547
6.090085506439209	-1.2521214485168457
2.540414571762085	1.9143638610839844
6.40153169631958	-0.7284669280052185
1.3324577808380127	-0.8525840640068054
3.800302505493164	-1.4455444812774658
1.1199265718460083	-0.27542322874069214
3.9382476806640625	-2.8376474380493164
3.618098497390747	1.2787785530090332
6.115887641906738	-1.937096357345581
3.386593818664551	1.623180627822876
0.7957062125205994	-0.015693962574005127
5.285532474517822	-0.5376151204109192
3.720353841781616	-4.1473565101623535
5.107264518737793	1.6303606033325195
1.5659174919128418	-2.6161766052246094
1.1036360263824463	-1.3715754747390747
3.2278449535369873	-0.42507097125053406
4.392070293426514	1.991626501083374
3.52470326423645	-3.9901187419891357
1.1114447116851807	-0.4980889558792114
5.612184047698975	-1.4801589250564575
5.79814338684082	-0.2545178532600403
5.332496166229248	-2.0302329063415527
1.727622389793396	-0.5245479941368103
1.6537595987319946	0.526094913482666
5.5207085609436035	-1.1543121337890625
2.464836597442627	-2.701881170272827
2.4493343830108643	-2.5643818378448486
4.786133766174316	-2.612015724182129
2.5026583671569824	-2.9514970779418945
2.172095775604248	0.2732985019683838
4.866027355194092	-2.95387864112854
4.4535136222839355	-3.821272134780884
3.6359965801239014	1.5723211765289307
1.3867863416671753	-2.357285261154175
3.3908042907714844	-3.5808260440826416
5.67131233215332	0.061193421483039856
5.716841697692871	-1.5263042449951172
2.2950022220611572	-3.613527297973633
2.311291456222534	1.0605270862579346
4.877416610717773	-0.11302520334720612
3.175615072250366	2.6092453002929688
5.648381233215332	0.21993301808834076
1.7128374576568604	-3.169379949569702
1.6412187814712524	-1.2450388669967651
1.3865458965301514	-1.99117112159729
4.371094226837158	-4.013069152832031
4.98536491394043	1.177952527999878
2.8634583950042725	-3.329637289047241
5.591139316558838	-0.6229261755943298
2.7245352268218994	-3.5354111194610596
1.8192957639694214	-3.129424571990967
2.130728006362915	-2.4954686164855957
3.4919373989105225	1.6224889755249023
4.199349880218506	-0.5757166743278503
2.898033618927002	1.7424248456954956
1.71308171749115	-2.9094839096069336
3.030345916748047	-3.4222185611724854
1.781448483467102	-2.3851428031921387
4.088204383850098	2.185579538345337
3.6199777126312256	-3.21456241607666
2.775977849960327	-2.7165567874908447
6.098372459411621	-1.1612927913665771
4.3484063148498535	-1.9169211387634277
6.062507152557373	0.05046601593494415
1.3628629446029663	-2.6701083183288574
3.097151756286621	-2.4576659202575684
5.03809118270874	-0.5899620652198792
3.628774642944336	-3.8479981422424316
2.5990755558013916	-3.0099968910217285
3.8927438259124756	-2.6887269020080566
5.573667526245117	-1.0198264122009277
5.265326976776123	0.8621172308921814
3.9585835933685303	0.13800330460071564
2.1969618797302246	-1.8583725690841675
2.7379066944122314	-1.841284990310669
2.7535810470581055	-3.4233856201171875
4.171601295471191	-1.186947226524353
3.209122896194458	-2.741535186767578
4.482796669006348	-2.5392377376556396
1.1168488264083862	-0.17563585937023163
4.5143537521362305	0.9527644515037537
5.3821821212768555	0.8450900912284851
5.51032018661499	-0.032329484820365906
1.267934799194336	-2.4718093872070312
3.850879430770874	-3.111846923828125
5.030455112457275	-0.5010880827903748
3.6575381755828857	1.676056146621704
5.469145774841309	0.8303311467170715
2.106969118118286	-3.356266975402832
3.4759914875030518	-3.9132747650146484
1.6593369245529175	0.9442823529243469
1.550335168838501	-1.8305102586746216
0.8938871026039124	-1.2120262384414673
4.409263610839844	0.6836159229278564
5.076467037200928	1.6357812881469727
5.078958511352539	-3.220071315765381
3.822756767272949	1.311793327331543
4.6859130859375	-3.0155370235443115
3.509765148162842	-2.769057273864746
1.4811697006225586	-1.731796145439148
3.1931116580963135	1.6688337326049805
2.6677212715148926	-1.9011362791061401
3.5311906337738037	-3.321685314178467
3.787925958633423	0.49728482961654663
3.6981804370880127	-3.5724289417266846
1.062389612197876	-0.2464447021484375
2.0730199813842773	1.2339717149734497
5.072789669036865	-2.5322368144989014
4.2611846923828125	-2.7083959579467773
5.082347393035889	0.621833860874176
3.0340120792388916	1.8972125053405762
4.332980632781982	-4.06909704208374
4.914388179779053	0.0517057329416275
2.021864175796509	-3.1124532222747803
2.093398094177246	1.3971844911575317
0.9325337409973145	-1.0834492444992065
3.0134992599487305	-2.059908151626587
1.1298710107803345	-1.5382728576660156
3.8333332538604736	1.9847824573516846
3.028355121612549	-3.6630971431732178
1.4779186248779297	-2.8967761993408203
4.684354782104492	-2.914198875427246
4.525885105133057	1.4252653121948242
4.1396050453186035	-1.3494285345077515
4.713949680328369	1.64892578125
5.442474842071533	-2.520134687423706
3.1199140548706055	0.3297075033187866
3.7277743816375732	-3.248887062072754
5.048867702484131	1.0995218753814697
3.5656309127807617	-0.21489325165748596
4.354030132293701	0.3736015558242798
5.154170513153076	-1.0660792589187622
4.254253387451172	0.3440224528312683
3.500464916229248	-0.43388819694519043
2.421875238418579	-3.274712085723877
3.411696672439575	-3.643390417098999
1.2497358322143555	-2.243521213531494
3.220233678817749	-2.137300491333008
2.827714204788208	1.8878204822540283
1.1468950510025024	-2.0852131843566895
1.3660162687301636	-2.5391101837158203
4.463823318481445	-2.2118494510650635
6.7834601402282715	-2.638700485229492
5.6327948570251465	-2.442753791809082
2.2878127098083496	0.2475111037492752
4.430614948272705	-2.7602310180664062
2.8495395183563232	-2.6988613605499268
0.9282845854759216	-1.4413853883743286
3.444810390472412	0.6484993696212769
3.562368154525757	-2.968867063522339
6.456663131713867	-1.523388385772705
4.787567138671875	-2.734445810317993
2.4589335918426514	1.5066500902175903
4.630335330963135	-0.19305646419525146
4.776555061340332	0.3937588334083557
4.771704196929932	-1.1014857292175293
0.8315848112106323	-0.9584885239601135
2.5965778827667236	0.1051761656999588
5.400887966156006	-1.4811410903930664
6.017513275146484	-1.3161765336990356
3.8964903354644775	0.8904114365577698
2.57499623298645	-2.7542548179626465
1.2498384714126587	-1.8513065576553345
4.212277889251709	0.8987018465995789
3.5722415447235107	-2.9146957397460938
2.607142686843872	0.01070144772529602
1.6729027032852173	1.1549609899520874
3.579129934310913	-2.8262779712677
2.341811418533325	1.139917254447937
3.0944337844848633	-2.2361350059509277
5.858867168426514	0.6045507192611694
2.520200490951538	-3.6455132961273193
2.869610548019409	1.6580815315246582
5.738003730773926	-0.29149580001831055
4.3364996910095215	1.1732070446014404
6.248828411102295	-0.6500250697135925
5.237406253814697	-1.8964707851409912
1.2860095500946045	-2.3507072925567627
2.4698729515075684	-0.7959638237953186
4.613986492156982	-2.5117173194885254
4.8538432121276855	-1.3840917348861694
3.3367903232574463	-1.528222918510437
4.358710765838623	1.5715610980987549
2.0594160556793213	-1.0797908306121826
4.097346305847168	-1.8663368225097656
4.299778461456299	-3.7855281829833984
3.2400763034820557	-3.1804349422454834
3.685884952545166	0.14103887975215912
4.512773036956787	1.664324164390564
2.8029251098632812	-3.5580670833587646
4.567537307739258	-3.659095048904419
4.4870171546936035	-2.538888931274414
5.551823616027832	-2.105299711227417
3.4205877780914307	-3.7719929218292236
5.141323566436768	-3.286406993865967
4.885324954986572	-3.0406811237335205
2.979482412338257	1.9930663108825684
5.118786334991455	0.9551836848258972
5.586331844329834	0.8814308047294617
1.2450642585754395	-2.736567497253418
2.914836883544922	2.0170769691467285
6.105035305023193	-2.4209184646606445
2.5051586627960205	-2.7845218181610107
6.126739025115967	-0.8199333548545837
1.1397236585617065	-1.6256011724472046
1.7284867763519287	1.045422911643982
1.6302986145019531	-1.9487417936325073
2.8700008392333984	-2.5750668048858643
4.410672664642334	0.8334869742393494
4.9211273193359375	-1.978899359703064
3.3065221309661865	0.834592878818512
1.0556559562683105	0.5925878286361694
3.4461491107940674	1.736180067062378
3.478337287902832	-3.597640037536621
3.6913130283355713	2.13081431388855
0.8916327953338623	0.008823111653327942
5.461278915405273	-2.7241251468658447
4.924845218658447	1.1279511451721191
4.862087249755859	1.348546028137207
1.6897531747817993	-3.0607223510742188
1.6870486736297607	1.5257782936096191
6.198761463165283	-2.5439441204071045
2.375805139541626	1.5015989542007446
6.421753406524658	-1.687848687171936
2.3236265182495117	1.3769878149032593
2.2922112941741943	1.2346059083938599
4.4745612144470215	-3.0066323280334473
2.4235668182373047	-1.8587321043014526
0.466489315032959	-0.3636019825935364
6.14066743850708	-0.619892954826355
2.699045419692993	-1.3287900686264038
0.6766224503517151	-0.3122466206550598
1.5457276105880737	-2.9017434120178223
2.6192407608032227	-2.790379285812378
6.261513710021973	-0.4132763743400574
0.725051999092102	-0.5485316514968872
3.6883654594421387	-1.190851092338562
5.281303882598877	0.7241944670677185
3.2769992351531982	1.9660365581512451
2.5306930541992188	-3.4037046432495117
4.358233451843262	-1.8691273927688599
5.80564022064209	-2.768246650695801
4.603657245635986	0.4372709393501282
6.020292282104492	-1.1440997123718262
3.5462329387664795	1.6832737922668457
1.8708621263504028	1.2993388175964355
1.1040207147598267	-2.3453965187072754
1.7314767837524414	0.48352307081222534
1.2675925493240356	-2.7138688564300537
3.5581929683685303	-4.096378803253174
1.8321675062179565	-3.1351795196533203
0.706641435623169	-0.797419548034668
5.300748348236084	-2.276881456375122
6.363680362701416	-2.309256076812744
4.551543235778809	-0.47928929328918457
0.9124401807785034	0.12327571213245392
5.002106189727783	1.4739407300949097
2.4070401191711426	-3.1834115982055664
2.3480770587921143	-0.8905990719795227
1.1278212070465088	-0.5612899661064148
3.1118175983428955	-3.0504257678985596
5.4235920906066895	-1.3230042457580566
4.869439125061035	0.9513170123100281
4.496495723724365	-1.7362606525421143
3.2531368732452393	2.0042669773101807
1.0407440662384033	-0.008056223392486572
4.573375701904297	1.2342259883880615
5.711654186248779	-2.1098523139953613
1.6479071378707886	-1.6476513147354126
5.5017900466918945	-1.8310470581054688
5.0848588943481445	1.0944468975067139
5.6733717918396	-1.1518564224243164
1.558396577835083	-3.0379679203033447
1.5691057443618774	-3.0327463150024414
4.63386869430542	1.4874134063720703
3.169945001602173	0.36030346155166626
3.2950234413146973	0.9341556429862976
2.4862351417541504	1.4370472431182861
3.2647645473480225	-3.1984739303588867
0.6483648419380188	-0.5304577946662903
4.584845542907715	0.7670816779136658
5.104878902435303	-2.6127541065216064
2.625473737716675	0.10374636948108673
3.228477716445923	-3.2186872959136963
2.6693477630615234	1.6298515796661377
0.926437258720398	0.42008692026138306
4.467837810516357	-0.9002190232276917
1.6514956951141357	0.2501797676086426
1.3701725006103516	-2.2411952018737793
1.6145139932632446	-2.913503646850586
6.281387805938721	-1.5364729166030884
1.9659768342971802	-3.090236186981201
1.2660022974014282	-2.5694854259490967
4.7948760986328125	1.5998284816741943
4.030477046966553	0.606224000453949
1.6120779514312744	-2.943284511566162
1.7714946269989014	-1.9732557535171509
0.5605114698410034	0.32871222496032715
4.969551086425781	-1.0071132183074951
5.61951208114624	-1.4834582805633545
5.300954818725586	0.15391920506954193
5.473652362823486	1.4259637594223022
1.3131903409957886	-2.591634511947632
5.494678020477295	-2.9762496948242188
5.700738430023193	-0.1783701628446579
2.871345043182373	-2.94590425491333
3.254491090774536	-3.083639144897461
5.847514629364014	-1.890801191329956
1.2478410005569458	-2.1992084980010986
2.5038483142852783	-3.4574873447418213
5.170638084411621	-2.3030846118927
1.753935694694519	0.9554528594017029
2.0360498428344727	0.44629156589508057
3.0999271869659424	0.15105171501636505
3.432459831237793	-3.7786338329315186
4.8118062019348145	1.6923551559448242
5.640231132507324	-0.33849287033081055
4.543878078460693	1.5204256772994995
5.577470302581787	0.28947776556015015
5.9450883865356445	-2.845161199569702
0.7115399837493896	-1.2591320276260376
4.520351886749268	1.3782060146331787
0.8265275955200195	-1.048765778541565
5.758612632751465	-0.111087366938591
2.548856258392334	1.3570880889892578
0.9893651604652405	0.07098628580570221
2.2127017974853516	-3.376838207244873
4.599094867706299	-3.374408006668091
1.0701162815093994	-1.0636639595031738
5.65980863571167	-2.193256139755249
2.003570079803467	1.0325177907943726
0.6916435956954956	0.07124938070774078
2.907749652862549	0.923107922077179
5.51054048538208	-2.5430891513824463
5.296125888824463	1.260422706604004
1.7052693367004395	0.3515581488609314
1.7139631509780884	0.33112120628356934
3.6481707096099854	-3.3649415969848633
0.3705306053161621	-0.6693779826164246
0.7908445000648499	-0.10338826477527618
2.923450231552124	1.286360740661621
3.5191128253936768	-3.745955467224121
3.4650685787200928	-3.6490979194641113
1.3839510679244995	0.24082700908184052
3.487842082977295	1.6503190994262695
5.50363302230835	-2.944690704345703
5.116825103759766	-0.32770276069641113
5.649410724639893	-2.9763660430908203
5.841190338134766	-1.9248738288879395
2.483755111694336	1.1247715950012207
4.079366207122803	-3.6084225177764893
3.7140181064605713	-2.6453442573547363
5.362392425537109	-2.2969412803649902
5.164407730102539	-1.5522913932800293
1.9193801879882812	0.5208301544189453
1.135345458984375	-0.5253479480743408
3.0351521968841553	1.9626481533050537
0.7325077652931213	-0.3689213991165161
6.462355136871338	-1.3265471458435059
0.9887840747833252	-0.6761354207992554
4.786942481994629	1.6292502880096436
4.644286632537842	1.5948654413223267
0.9453336000442505	-0.9287655353546143
4.7542243003845215	1.5990891456604004
2.4931607246398926	0.7389546036720276
3.141503095626831	-4.043557167053223
6.536613941192627	-0.6159063577651978
4.9577507972717285	1.46340811252594
3.599125385284424	-3.180457830429077
3.2989680767059326	-3.8216605186462402
5.513270854949951	0.21288509666919708
4.903616428375244	-2.2393252849578857
3.581609010696411	-3.237982749938965
4.51423454284668	-0.1892092227935791
2.792250633239746	0.485914945602417
4.677576065063477	-3.8373966217041016
5.241079807281494	-1.1037672758102417
2.8981378078460693	-3.1006319522857666
1.0935784578323364	-1.914756417274475
2.2652456760406494	-3.328472852706909
1.8186748027801514	-2.121119976043701
1.3424330949783325	-0.10651156306266785
5.226253986358643	0.5044353604316711
5.030553817749023	-2.722113609313965
3.906212568283081	-1.4769154787063599
2.676140308380127	-3.160409927368164
2.7076504230499268	0.9398184418678284
3.2574350833892822	-2.4628279209136963
4.675726413726807	0.8388944268226624
4.461999416351318	1.1604726314544678
4.382056713104248	1.4285296201705933
4.648126125335693	-3.138944149017334
5.482077121734619	-1.9132612943649292
4.4863481521606445	-2.803863525390625
4.172776699066162	0.37066376209259033
1.4651286602020264	-0.19743165373802185
1.4738136529922485	-1.3128411769866943
4.606705188751221	-3.2397894859313965
1.8500956296920776	-1.6198766231536865
2.1307878494262695	-3.346788167953491
2.9658865928649902	0.8001970648765564
6.190624713897705	-1.7491130828857422
2.074564218521118	-1.7285428047180176
0.8923802375793457	-0.052538082003593445
3.905996084213257	-1.8786541223526
2.6615169048309326	-3.1531505584716797
5.897340297698975	-0.19338266551494598
3.0271687507629395	-3.3820555210113525
1.2932484149932861	-2.704371213912964
3.0922462940216064	-2.378657817840576
2.294607400894165	-1.4330649375915527
4.793635845184326	1.5216550827026367
3.520369529724121	1.5758471488952637
1.595054268836975	-2.300330877304077
1.492614507675171	-2.8891923427581787
4.359889507293701	-2.487983226776123
5.378816604614258	0.07097266614437103
1.7599107027053833	0.5932198762893677
3.7572269439697266	2.085049867630005
1.7114436626434326	0.8848802447319031
4.707769870758057	1.5605465173721313
4.032755374908447	-3.4804627895355225
4.807897090911865	0.3527132272720337
2.8818366527557373	-3.532074213027954
0.8320566415786743	-1.9750434160232544
1.2740943431854248	-0.4995068907737732
3.4745545387268066	-1.259253740310669
4.787459850311279	-2.5921316146850586
3.6152303218841553	-2.881382703781128
5.406190872192383	1.5552102327346802
1.1839563846588135	-2.4562060832977295
1.998412013053894	-3.5007340908050537
3.409726619720459	1.640223503112793
5.15524959564209	0.06031323969364166
2.739168405532837	1.1061584949493408
6.366811275482178	-1.046099066734314
5.05377721786499	0.7821057438850403
3.339024782180786	1.9320955276489258
2.3098084926605225	-3.425856113433838
5.471444606781006	-0.38695186376571655
0.7416938543319702	-1.0954384803771973
4.8084282875061035	0.9250165820121765
1.4888358116149902	-1.209599256515503
2.959991455078125	2.1128013134002686
2.4430155754089355	-0.6242172122001648
4.289912700653076	-3.074348211288452
1.3814104795455933	-0.15912088751792908
2.5989744663238525	1.3853728771209717
4.313826084136963	-2.420532464981079
5.262274265289307	1.7663878202438354
2.4725539684295654	1.0660381317138672
3.146341323852539	-3.969998836517334
4.053123474121094	-3.745356559753418
5.566882133483887	-1.4672642946243286
5.008937358856201	-2.143246650695801
4.404140949249268	0.8270056843757629
4.255412578582764	-3.0751545429229736
1.9904447793960571	0.5716933608055115
3.236036777496338	-2.216869831085205
2.678842306137085	-2.6540021896362305
4.993087291717529	1.6506643295288086
5.446568489074707	-1.7241328954696655
4.553149700164795	-2.5573132038116455
1.5893921852111816	1.4170253276824951
4.869421482086182	-0.8471162915229797
5.518367290496826	-2.566551446914673
5.9284281730651855	-2.909085512161255
3.010258436203003	-1.2513797283172607
3.4210121631622314	1.325225591659546
5.750170707702637	0.9629829525947571
2.249073028564453	-0.10339772701263428
1.519842267036438	-3.141270875930786
4.938599109649658	-2.9124083518981934
4.735352039337158	-0.55854332447052
2.226284980773926	0.6230038404464722
6.422440528869629	-1.0023776292800903
2.4535329341888428	1.23162841796875
1.6081904172897339	1.1809899806976318
3.756006956100464	1.7001361846923828
5.661121845245361	0.8805162310600281
3.647841453552246	0.46833330392837524
4.48131799697876	-2.845818042755127
4.296596527099609	-2.7804276943206787
0.6365989446640015	-0.9586172103881836
3.4406776428222656	1.1626408100128174
4.302169322967529	-3.903311014175415
5.660730838775635	-2.5905539989471436
1.0802204608917236	-1.916088342666626
4.222306251525879	0.12366028130054474
5.732882976531982	1.2574896812438965
5.199670791625977	-0.16649481654167175
0.4877544641494751	-1.2314305305480957
5.217278003692627	-2.579423427581787
2.3434627056121826	-2.966214179992676
4.125397205352783	-2.9856553077697754
0.7198959589004517	0.14103688299655914
4.557546615600586	-1.0175570249557495
0.5994293093681335	-0.059503376483917236
3.061347484588623	-3.301551580429077
6.256049633026123	0.6820353865623474
4.9125189781188965	-0.9693149328231812
2.9092166423797607	-3.8771934509277344
1.4517254829406738	-2.9449574947357178
1.6168140172958374	1.28582763671875
2.950437545776367	1.9738960266113281
5.563150882720947	-1.2452194690704346
5.450771808624268	-1.909426212310791
3.40811824798584	-3.9848697185516357
3.3680059909820557	1.4708201885223389
4.955847263336182	-2.685434579849243
3.950427532196045	1.4463781118392944
0.9541924595832825	-1.7379480600357056
4.555761337280273	-2.9707133769989014
5.526004791259766	-2.124168872833252
1.767123818397522	1.1318464279174805
5.6078362464904785	-0.23489563167095184
5.020829200744629	-0.8705388903617859
1.2908800840377808	0.8741211295127869
4.93960428237915	1.684175729751587
5.470189094543457	0.9558386206626892
0.5815590620040894	-0.638297438621521
6.805063724517822	-1.2285994291305542
5.001119136810303	1.0295417308807373
3.894482374191284	-3.7422547340393066
2.7447688579559326	1.78033447265625
0.8721491098403931	-0.7022770643234253
2.0061771869659424	0.8775487542152405
5.888112545013428	-2.112710952758789
1.3493964672088623	-2.688810348510742
0.9009355306625366	-1.9246524572372437
2.9056808948516846	-3.068343162536621
1.0091978311538696	-1.1362097263336182
2.7688231468200684	2.177215814590454
5.854190826416016	-2.148556709289551
1.282699465751648	-2.791081190109253
4.245700359344482	-3.5772109031677246
1.998581886291504	-1.6387927532196045
1.461449384689331	-3.0053186416625977
2.604313373565674	1.3524924516677856
5.440246105194092	-2.2312188148498535
3.6650314331054688	0.18018420040607452
0.8722143769264221	-0.11055774986743927
3.5418944358825684	1.7898156642913818
5.042932987213135	-2.8583009243011475
6.092366695404053	-0.9980877041816711
0.9003045558929443	0.28409820795059204
5.486454010009766	-2.9823265075683594
6.218903541564941	-2.025864362716675
5.147398471832275	0.6075007915496826
4.96273136138916	0.061956390738487244
0.7896326184272766	-0.6572714447975159
5.075456142425537	-2.4444162845611572
2.839444160461426	0.4020897150039673
4.314486980438232	1.5517959594726562
2.3560569286346436	0.473629891872406
6.3938679695129395	0.2819468379020691
6.13370943069458	-1.9036498069763184
4.5175065994262695	-2.4067001342773438
5.494064807891846	-1.5795092582702637
0.8051851987838745	0.7841888070106506
1.248372197151184	0.9394256472587585
5.699800491333008	0.9017626643180847
1.8955401182174683	-1.814786672592163
6.350861072540283	-2.105379819869995
5.591627597808838	-2.369229316711426
1.5347319841384888	-0.34490954875946045
4.0760369300842285	0.8746065497398376
0.5563247203826904	-0.012293398380279541
2.0206825733184814	1.4070528745651245
1.6375786066055298	-3.1249916553497314
2.514357328414917	-1.563490867614746
3.4514079093933105	1.8710243701934814
4.860165119171143	1.5247852802276611
6.158107280731201	-0.7049362063407898
1.670049786567688	0.8808756470680237
2.0924930572509766	1.0405988693237305
3.231053352355957	1.4746860265731812
3.8443477153778076	-2.0763845443725586
6.130964756011963	-1.4970338344573975
5.720627784729004	-1.2895779609680176
2.4797475337982178	-2.0909171104431152
2.3084309101104736	-3.7331204414367676
4.23049783706665	-1.6322585344314575
4.336244106292725	-3.3543519973754883
1.9615846872329712	-1.2334195375442505
6.379422187805176	-0.8346808552742004
4.6838178634643555	-0.7135874032974243
4.75701379776001	1.5350329875946045
3.1684067249298096	0.2501419186592102
6.07620906829834	0.08429588377475739
3.308000326156616	-3.2631828784942627
5.715195178985596	1.2164815664291382
