-4.1330366134643555	-11.233358383178711
-11.186488151550293	-2.0664589405059814
-2.0856478214263916	-10.673961639404297
-6.029930591583252	-4.920085430145264
-11.47391128540039	-13.032224655151367
-12.29382610321045	-10.536811828613281
-3.4189114570617676	-0.5304749608039856
1.1774919033050537	-8.42266845703125
-3.1331942081451416	1.5899993181228638
-11.714077949523926	-14.44759750366211
-10.37173080444336	-4.2794389724731445
-9.389248847961426	-6.033260822296143
1.7617536783218384	0.5267778038978577
-9.05135726928711	-0.638437807559967
-1.5748741626739502	-13.949552536010742
-5.090842247009277	1.793392539024353
-1.327454924583435	-8.981500625610352
-6.0886359214782715	-9.592218399047852
-4.416679382324219	-0.34251686930656433
-6.965617656707764	-12.091222763061523
-6.519364833831787	-7.088832378387451
-6.371311664581299	-1.3716140985488892
-0.2192154824733734	-8.80156135559082
-13.415339469909668	-6.505210876464844
4.371160507202148	-4.890049457550049
-11.183774948120117	-2.260390043258667
-11.71019172668457	-10.38800048828125
1.5679008960723877	-9.007259368896484
-2.5176949501037598	-4.016419410705566
-11.48371696472168	-4.451037883758545
-0.26848337054252625	-3.0758745670318604
-5.140139102935791	-11.953842163085938
1.6768475770950317	-12.194786071777344
-10.405130386352539	-6.120297908782959
-7.004843235015869	-14.488761901855469
-9.422089576721191	-11.800267219543457
-5.419439315795898	-15.990373611450195
-11.61229419708252	-5.658319473266602
-6.216921329498291	-10.404274940490723
-10.643667221069336	0.7372404932975769
0.45768237113952637	-3.261871814727783
-0.05668565630912781	-3.250117301940918
-3.5708870887756348	1.4127296209335327
-12.026267051696777	-1.6831507682800293
-7.610058307647705	0.9167261719703674
-8.781156539916992	1.4904491901397705
-9.551039695739746	-5.708152770996094
-5.899387836456299	1.8779211044311523
0.5869448184967041	-0.5515140295028687
-7.649586200714111	-0.8943890929222107
1.221393346786499	-3.1736772060394287
-7.962562084197998	-14.778387069702148
1.0161333084106445	-9.664506912231445
-12.041451454162598	-9.985580444335938
4.004288673400879	-3.6205286979675293
1.0216236114501953	-2.137202262878418
0.023893579840660095	-12.17730712890625
-11.106466293334961	-3.415877342224121
-1.4129234552383423	-14.1676025390625
-9.930839538574219	-6.215795040130615
2.6663053035736084	-9.100231170654297
-10.568229675292969	-5.408968925476074
-4.4228034019470215	-10.22272777557373
-10.964140892028809	-6.003232002258301
-0.6194199323654175	-7.382197856903076
-11.930115699768066	-9.267269134521484
-6.4215826988220215	-5.2291693687438965
-11.73902416229248	-2.926618814468384
-0.7626606225967407	-10.964014053344727
-5.8327765464782715	-12.067869186401367
-7.368030071258545	0.9878193736076355
-8.687798500061035	-11.559832572937012
1.712195873260498	-8.907343864440918
-11.11921215057373	-11.236165046691895
4.139833927154541	-7.511648654937744
-12.017383575439453	-9.040173530578613
-6.768975734710693	-0.605670154094696
-14.939312934875488	-7.801575660705566
-0.380508154630661	-3.1853199005126953
-10.033921241760254	-14.707208633422852
0.32656654715538025	-4.853200435638428
-10.317339897155762	-11.529266357421875
-8.858582496643066	-12.222793579101562
-4.1391777992248535	1.9130288362503052
-6.342181205749512	-14.316380500793457
-10.637858390808105	-7.378324031829834
-2.4218244552612305	1.8046022653579712
-7.101883411407471	-2.8928983211517334
-5.918550968170166	-3.2900960445404053
-6.713193416595459	-5.186278820037842
2.4064455032348633	-7.005113124847412
-7.635537624359131	-4.27433443069458
3.183021068572998	-9.412575721740723
-8.561185836791992	-11.265213012695312
-3.1606011390686035	1.3235424757003784
3.9120476245880127	-8.867042541503906
-8.113394737243652	-10.176224708557129
-9.482362747192383	-4.506514549255371
-1.8654096126556396	-1.2444318532943726
-4.055422782897949	-0.3125399649143219
-6.192704677581787	-14.84655475616455
-9.190935134887695	-12.261098861694336
0.26249226927757263	-6.765272617340088
-2.639382839202881	2.047724962234497
-9.9141263961792	-10.34046459197998
-9.537335395812988	-11.732589721679688
-3.4778103828430176	-12.316780090332031
-3.1438682079315186	-5.217620372772217
-2.7752363681793213	1.54436457157135
-4.167069911956787	-11.892589569091797
-3.7230029106140137	1.3929542303085327
-9.742836952209473	-9.740951538085938
-4.632791996002197	-14.591451644897461
-6.880433559417725	-13.481985092163086
-1.599500298500061	-1.783298373222351
3.6799066066741943	-7.686398983001709
-3.5159921646118164	-1.7388710975646973
-10.73584270477295	-5.628127098083496
1.2377640008926392	-12.581263542175293
-2.6595356464385986	-2.4854061603546143
-1.9559248685836792	0.16980603337287903
-10.910780906677246	-12.005969047546387
-4.639075756072998	2.181859254837036
-6.068477153778076	1.3691246509552002
-6.351219654083252	-2.110995054244995
-4.132108211517334	-11.030919075012207
-3.4103951454162598	-15.631216049194336
-4.738427639007568	-6.763733863830566
4.6529998779296875	-6.511114120483398
-3.377899646759033	-13.157951354980469
-0.4859192669391632	-3.2568719387054443
-8.069405555725098	-7.576657295227051
-7.353113651275635	0.7094042897224426
2.732870578765869	-9.098062515258789
0.9871578216552734	0.4394083321094513
-10.91817569732666	-9.700369834899902
-1.880750298500061	2.058307647705078
-10.355944633483887	-6.880965709686279
-4.464710712432861	-1.1115397214889526
-1.3031827211380005	-5.684474945068359
0.4505758583545685	-4.215194225311279
-0.4460965096950531	-1.9111647605895996
1.1699038743972778	-1.0618393421173096
-5.448089122772217	-12.33877182006836
-10.610400199890137	-9.364202499389648
3.8667566776275635	-6.876032829284668
-5.92782735824585	-12.105987548828125
-5.241292476654053	-15.970043182373047
0.5200225114822388	-13.161235809326172
-8.027159690856934	-7.286067485809326
-7.752079010009766	-5.149210453033447
-3.4701194763183594	2.1638123989105225
-7.466951847076416	-12.162010192871094
-10.52003002166748	-8.718503952026367
-3.326010227203369	2.152839183807373
-6.730092525482178	-7.233353137969971
-4.348113536834717	-12.993717193603516
1.112864375114441	-6.482105731964111
-0.1908256709575653	-8.149103164672852
-5.158183574676514	1.7972095012664795
-7.850024700164795	-11.117260932922363
2.676215887069702	-8.317415237426758
-1.087333083152771	1.6809134483337402
-10.953339576721191	-9.241262435913086
-2.893806219100952	-13.746697425842285
-7.446167469024658	-5.773598670959473
-7.160908222198486	1.6411643028259277
-7.5970330238342285	-11.490156173706055
-0.2817557156085968	0.917315661907196
-10.036925315856934	-6.664672374725342
0.35667309165000916	-9.736565589904785
-7.525186061859131	-11.635976791381836
0.02261236310005188	-10.609292030334473
3.8004207611083984	-6.272103309631348
-6.474320888519287	0.19356098771095276
-11.793262481689453	-6.092060565948486
3.553225040435791	-9.524386405944824
-4.03637170791626	2.189929962158203
-3.0898025035858154	-11.80795669555664
-9.22554874420166	-2.7223827838897705
-7.973413944244385	-5.441296100616455
0.18143293261528015	-10.55858325958252
0.46139249205589294	-11.653146743774414
-5.797680377960205	-3.217393636703491
-6.117498874664307	-4.048329830169678
-6.017012596130371	-4.433812141418457
2.1021993160247803	-6.207824230194092
3.5764622688293457	-4.915713310241699
0.9402464628219604	0.8003511428833008
-9.73125171661377	-8.82779312133789
0.7450977563858032	-11.60262680053711
-8.41699504852295	-14.487570762634277
-10.945277214050293	-4.9329376220703125
-7.249057292938232	-7.855041980743408
-4.296067237854004	-6.08538293838501
-6.498478412628174	-14.51402473449707
-2.6064486503601074	-10.025213241577148
-2.94944429397583	2.289621114730835
0.38229912519454956	1.4684638977050781
-0.5099612474441528	-9.098602294921875
-9.698958396911621	-11.51938533782959
-5.267111301422119	-10.068643569946289
-6.619478225708008	0.03786543756723404
-6.039831161499023	-9.677614212036133
-0.5101768970489502	-13.304583549499512
-9.439000129699707	-11.084248542785645
-0.8050987720489502	-4.041507244110107
-4.90022611618042	-10.799123764038086
-6.725762367248535	-4.555431842803955
-6.277429580688477	-12.1196870803833
-4.862890243530273	-8.472625732421875
-4.375349521636963	-11.776334762573242
-7.526625156402588	-6.868627548217773
3.493452787399292	-9.545336723327637
-9.524140357971191	-10.094141960144043
-7.615936279296875	-2.0375142097473145
1.153751015663147	-6.132458209991455
-2.322625160217285	-3.969534397125244
-5.096547603607178	-11.673894882202148
-4.105645179748535	-3.1435348987579346
0.4853003919124603	-1.5753059387207031
-3.4365408420562744	-3.87587833404541
-1.3791614770889282	-3.9229507446289062
3.986575126647949	-5.177280902862549
-7.776742458343506	-5.273634910583496
-1.40323007106781	1.5236045122146606
-4.396279811859131	-0.702834963798523
-2.7798712253570557	2.264680862426758
1.6307331323623657	-7.3057637214660645
3.984419345855713	-8.305721282958984
-2.4547860622406006	-10.802288055419922
-7.101298809051514	-9.48408031463623
0.00433233380317688	-3.5311338901519775
-7.530039310455322	-6.576595783233643
-5.810909748077393	-11.99902629852295
-5.031107425689697	-9.994824409484863
-0.6468758583068848	-14.50286865234375
-6.506208896636963	-8.2014741897583
-1.1906709671020508	-2.0427732467651367
-7.175711631774902	-12.294157981872559
1.7126357555389404	-10.548149108886719
-3.5356369018554688	-8.52276611328125
-4.871170520782471	-11.932196617126465
-2.0174052715301514	-8.473012924194336
3.807626485824585	-7.134234428405762
-7.688055992126465	-13.65237808227539
-3.9124526977539062	-10.99128246307373
-6.362660884857178	-6.190141201019287
-0.7503942251205444	-11.013839721679688
-10.699838638305664	-7.735748767852783
-3.8773860931396484	-1.097389817237854
-7.2339019775390625	-10.00471305847168
-1.1645323038101196	0.1964643895626068
-6.3089919090271	-14.648319244384766
2.0808069705963135	-5.30267333984375
-1.4386547803878784	1.475076675415039
-3.570183753967285	-14.46768569946289
-6.162909030914307	-15.210654258728027
-5.292051315307617	-13.453709602355957
-6.04000997543335	-11.158285140991211
0.7720376253128052	0.79481041431427
-5.473680019378662	-11.890063285827637
0.7428834438323975	-4.96753454208374
-2.3005478382110596	-4.417441368103027
-0.5343608856201172	-13.844792366027832
-7.569214344024658	-6.772189140319824
-1.8120497465133667	-6.09602689743042
0.3903174102306366	-7.955733776092529
-7.5455546379089355	-12.421332359313965
-7.599737644195557	-14.738683700561523
-7.677836894989014	-7.498241901397705
3.9545326232910156	-6.812513828277588
-7.929431438446045	-2.383227586746216
-8.451301574707031	-11.844799995422363
-4.0656585693359375	-10.74889087677002
-7.00798225402832	-5.516682147979736
-2.0684969425201416	-2.5504872798919678
-3.9397501945495605	-1.0924750566482544
-8.466998100280762	-8.912508010864258
-9.353545188903809	-6.786813735961914
-7.22818660736084	-11.255085945129395
-5.053237438201904	-13.355999946594238
0.08032655715942383	-10.834831237792969
-9.673216819763184	-10.317630767822266
0.08260646462440491	-12.613693237304688
-3.0619640350341797	-6.265296459197998
-0.6889848709106445	0.6294571757316589
-1.7431780099868774	-12.416077613830566
-11.15675163269043	-12.34442138671875
-2.490844488143921	-11.065896987915039
-0.8050868511199951	-10.795446395874023
-7.212923526763916	-10.536380767822266
0.78864586353302	-14.045504570007324
-10.1941499710083	-6.746560573577881
-3.344717502593994	-1.0936832427978516
-7.686191558837891	-8.140056610107422
-7.356611728668213	-2.9506142139434814
2.8801040649414062	-2.887692928314209
-3.1369166374206543	-14.969403266906738
-1.0979496240615845	-9.58000373840332
-6.386228084564209	-6.200444221496582
-3.1772961616516113	2.382521629333496
-5.496645927429199	-9.476733207702637
-7.212785243988037	-4.744909763336182
2.5215682983398438	-12.203497886657715
-9.229549407958984	-11.262262344360352
1.8440459966659546	-0.07729633897542953
-0.6871615648269653	1.5522972345352173
-4.112905025482178	-6.9138007164001465
-8.791726112365723	-12.09765625
1.6603405475616455	-10.487922668457031
-9.13099479675293	-10.616994857788086
1.4572594165802002	-12.047163009643555
-6.939788818359375	-5.513195037841797
-9.563456535339355	-10.162702560424805
-7.0690388679504395	-3.9440741539001465
1.6384302377700806	-0.8430318236351013
-0.6437975168228149	-9.982711791992188
1.1144354343414307	0.5242301225662231
3.936133861541748	-6.664177417755127
-12.060295104980469	-6.190257549285889
-0.26972857117652893	-8.436881065368652
-3.4494266510009766	-11.766714096069336
-0.8116216659545898	-6.622539043426514
1.2658674716949463	-11.975382804870605
-6.607125759124756	-13.735515594482422
-4.445521354675293	1.7713617086410522
-8.248147010803223	-13.395586013793945
-0.06624379754066467	-8.364511489868164
-6.342227458953857	-13.272575378417969
0.3209095597267151	-2.8686699867248535
-1.0870863199234009	-4.594212055206299
-3.127596378326416	-2.092801809310913
-8.430688858032227	-13.805267333984375
-5.861232280731201	-3.005082607269287
-7.030203342437744	1.1680998802185059
-0.5923577547073364	1.5017623901367188
-11.11613941192627	-10.476057052612305
-5.284994125366211	-11.201780319213867
-10.196197509765625	-3.0101113319396973
0.8292485475540161	-13.319273948669434
-8.820783615112305	-5.479928970336914
-0.5068833827972412	-4.782467365264893
-7.42704963684082	-0.9924296736717224
4.018038749694824	-8.848963737487793
-12.16698169708252	-9.810270309448242
-6.0739216804504395	-5.333743572235107
-8.614106178283691	-2.8964974880218506
1.9430772066116333	-1.3433480262756348
-12.617110252380371	-3.88620924949646
-2.5023040771484375	-11.737616539001465
-7.2976765632629395	-1.1282261610031128
-1.3079830408096313	-13.408620834350586
-8.122666358947754	-14.083124160766602
-6.83804178237915	-10.006034851074219
-11.219341278076172	-0.8360176682472229
-0.6738712787628174	1.0041743516921997
-11.467260360717773	-11.944514274597168
-13.159092903137207	-2.8316078186035156
-12.614087104797363	-6.280659198760986
0.97536301612854	-11.609103202819824
-6.83077335357666	-8.579410552978516
-3.44193172454834	1.8186696767807007
-8.51684856414795	-1.1748591661453247
-0.7740640640258789	-8.646258354187012
-14.209153175354004	-9.29791259765625
0.6749002933502197	0.8805419206619263
-7.373484134674072	-5.82874059677124
0.7476105690002441	-6.612804889678955
-11.373273849487305	-3.7223916053771973
-0.41328051686286926	-3.2305796146392822
-9.083955764770508	-1.4958127737045288
-7.6864142417907715	-1.3799337148666382
-6.6015400886535645	-13.636738777160645
-6.353137493133545	1.8011820316314697
-9.78645133972168	-0.7838436961174011
0.05325326323509216	-3.5564730167388916
-11.408916473388672	-8.414572715759277
-8.31493091583252	-8.558492660522461
-10.091706275939941	-1.8208725452423096
3.185802698135376	-8.154928207397461
-6.034627437591553	-10.080442428588867
-11.940549850463867	-3.9589285850524902
-13.104683876037598	-4.05391788482666
-2.4210546016693115	0.5600333213806152
-9.117024421691895	-3.3008060455322266
5.504375457763672	-6.659251689910889
-11.52661418914795	-5.647487640380859
-9.253231048583984	-1.2447322607040405
-11.144343376159668	-8.667825698852539
2.450486898422241	-10.240150451660156
-0.7850666046142578	-2.7000679969787598
0.4536510407924652	-1.8815679550170898
-6.323205947875977	1.2973881959915161
-1.0888503789901733	-5.746355056762695
-10.16166877746582	-1.815557599067688
-3.5590271949768066	-15.325886726379395
-10.752585411071777	-11.325981140136719
1.596691370010376	-6.330385684967041
-12.915104866027832	-9.381800651550293
-9.285798072814941	-6.980548858642578
-8.790916442871094	-1.8678861856460571
0.6749776601791382	-2.446206569671631
-8.956282615661621	-13.733216285705566
-2.6049013137817383	-13.504400253295898
-7.78778600692749	-2.1330971717834473
-10.76386833190918	-8.794316291809082
-9.2951021194458	-6.640556335449219
-12.697188377380371	-3.5445618629455566
-12.071221351623535	-9.417814254760742
1.342718482017517	-5.608236789703369
-9.961493492126465	-13.987373352050781
-2.7953598499298096	-13.817233085632324
-11.835153579711914	-2.725584030151367
1.7902132272720337	-11.124691009521484
-9.266277313232422	-0.4763208329677582
-1.3942618370056152	-10.330470085144043
-5.167532920837402	-9.873845100402832
-8.079434394836426	-6.574889183044434
-10.428740501403809	-2.4222090244293213
-1.0330637693405151	-14.4097318649292
-12.375276565551758	-4.698651313781738
-10.587934494018555	-3.081156015396118
-9.771210670471191	-3.8523895740509033
3.7537882328033447	-8.906208038330078
-9.58253002166748	-4.242727279663086
-7.730119705200195	0.526353657245636
-5.307900905609131	-1.9726227521896362
-1.2343844175338745	-0.7867429852485657
-8.874279975891113	0.5784747004508972
-1.7443562746047974	-7.58250093460083
-2.4096179008483887	-2.0368704795837402
-0.19647815823554993	-0.9646784663200378
-3.434030532836914	-1.2261980772018433
-1.8193482160568237	-2.721113681793213
-13.101570129394531	-8.901229858398438
-1.4141029119491577	-10.041276931762695
-6.872602939605713	0.8530668616294861
1.5670483112335205	-1.8136343955993652
-9.740033149719238	-3.316642999649048
-10.87955379486084	-10.94096851348877
-10.12668514251709	-3.915311574935913
-0.1985398828983307	-0.8861287236213684
-8.542034149169922	-2.0575942993164062
-5.952098369598389	0.970235288143158
-9.419690132141113	-2.777712821960449
0.387859970331192	0.3908197581768036
-5.607871055603027	-1.3714321851730347
-3.6701669692993164	1.9580241441726685
-8.85233211517334	-0.8860365748405457
-7.825154781341553	-12.73733901977539
-8.59957504272461	-3.728325128555298
1.6524184942245483	-10.088897705078125
-9.58984661102295	-4.020502090454102
-1.6744847297668457	-11.843472480773926
-3.938877582550049	-4.897441864013672
-6.7547078132629395	1.004697322845459
-11.715298652648926	-8.093846321105957
2.0428900718688965	-8.776981353759766
-12.587824821472168	-7.6979193687438965
-0.17929187417030334	-9.452529907226562
-6.047941207885742	-2.480241298675537
-4.630843162536621	0.9502273201942444
-10.04101848602295	-4.783244609832764
-8.392735481262207	-7.631314754486084
-8.042074203491211	-1.9897059202194214
-5.76375150680542	-13.429156303405762
-10.973082542419434	-5.6058030128479
3.5181643962860107	-4.597171783447266
-10.735245704650879	-3.198166847229004
-4.874971866607666	-6.314938545227051
-9.167550086975098	-1.9493781328201294
-0.6312992572784424	-3.3936891555786133
-7.443740367889404	-14.561715126037598
-12.347965240478516	-6.855880260467529
-11.855140686035156	-4.915792942047119
-5.746209621429443	-2.7110509872436523
-7.603163719177246	-1.7553390264511108
-0.9347480535507202	-12.990213394165039
-13.470853805541992	-7.827149391174316
-1.654341697692871	-1.5922826528549194
-8.983057975769043	-6.427091121673584
-9.368060111999512	-6.678743362426758
-7.4244208335876465	-14.856634140014648
-12.850245475769043	-8.764115333557129
-6.637094974517822	-2.276573419570923
-9.967267990112305	-8.611477851867676
-12.08121395111084	-10.403555870056152
2.0651614665985107	-5.9702534675598145
-10.665889739990234	-3.6999998092651367
-2.2819864749908447	-11.406465530395508
-3.95340633392334	-2.4187512397766113
4.649630546569824	-4.725746154785156
-10.310323715209961	-11.67636489868164
-1.5166354179382324	-11.035303115844727
-6.519526958465576	1.383861780166626
-2.67638897895813	-11.59138298034668
-9.071089744567871	-0.04948052018880844
-0.43407759070396423	-10.309435844421387
-12.932372093200684	-7.128124237060547
-4.627926349639893	-14.84111213684082
-8.196870803833008	-0.8633670210838318
-0.21358934044837952	-7.500184059143066
-11.635490417480469	-3.0113537311553955
-11.600062370300293	-7.266598224639893
-8.105923652648926	0.5262064337730408
-1.2002100944519043	-9.341543197631836
-11.276491165161133	-2.110405445098877
-9.783019065856934	-8.914978981018066
-5.779308795928955	-1.8465543985366821
-5.799323558807373	-12.239325523376465
-12.940086364746094	-2.976578712463379
3.484287977218628	-1.99604332447052
-10.881754875183105	-10.016439437866211
-4.412052631378174	-0.10667797178030014
-9.395292282104492	-2.205617904663086
-9.328595161437988	-7.003111839294434
-12.009934425354004	-8.672019004821777
-10.078241348266602	-4.847897529602051
-9.750733375549316	-11.483728408813477
-0.10594895482063293	-11.524991989135742
-9.466741561889648	-3.723381280899048
1.0197125673294067	-4.951094150543213
-11.223288536071777	-12.527605056762695
-1.556789755821228	-7.500422954559326
-9.36221981048584	-13.693763732910156
0.2181260734796524	-12.966291427612305
-11.007826805114746	-6.72715425491333
-10.850441932678223	-12.903444290161133
-9.750658988952637	-2.6055688858032227
-2.0464141368865967	1.6327520608901978
-11.486294746398926	-3.602914571762085
-4.119724273681641	-14.364340782165527
-9.782967567443848	-12.496216773986816
-2.4852259159088135	-4.262149810791016
-9.041668891906738	-5.913706302642822
0.9709365367889404	-2.7376654148101807
-8.25446605682373	-0.9628155827522278
-7.22946834564209	-8.160197257995605
-11.062159538269043	-13.574636459350586
2.851613998413086	-7.048289775848389
-8.542724609375	-1.3565361499786377
-3.893630027770996	-2.383225202560425
-3.2405929565429688	-2.7964553833007812
-9.919684410095215	-6.047135829925537
-11.79617977142334	-11.102164268493652
-1.3897044658660889	-0.2203524112701416
-10.342966079711914	-0.9229642748832703
-0.3464384377002716	-9.487188339233398
-7.017266273498535	-2.1710307598114014
0.9775389432907104	-5.563880920410156
-7.7738800048828125	-2.2539196014404297
-4.349158763885498	1.8664045333862305
-11.885492324829102	-4.621729373931885
-8.61856460571289	-12.20238208770752
-11.897829055786133	-4.770371437072754
-0.8656039237976074	-0.2956535518169403
-9.798867225646973	-12.417434692382812
5.117658615112305	-7.030986785888672
-10.863877296447754	-3.396425724029541
-3.2943649291992188	-10.203390121459961
-11.907297134399414	-8.842684745788574
-0.754186749458313	-8.528311729431152
-6.065242290496826	2.027482032775879
-0.8453750610351562	-0.047461822628974915
-12.954800605773926	-7.828617572784424
-0.2730509340763092	-7.488165378570557
-3.5635368824005127	-11.068882942199707
-9.827569961547852	-7.814624309539795
-3.324594259262085	-10.665404319763184
-9.150039672851562	-13.217684745788574
-2.2853939533233643	-12.445550918579102
-2.4184165000915527	2.01004958152771
-9.915549278259277	-10.773567199707031
0.12010738253593445	-8.861419677734375
0.977023720741272	-4.968340873718262
-1.369610071182251	-5.293878078460693
-11.39799976348877	-9.048383712768555
-10.859323501586914	-3.957535743713379
0.1660960614681244	-6.9229230880737305
-2.926201343536377	1.235416054725647
-7.988663196563721	-12.082365036010742
-10.895049095153809	-10.847079277038574
-7.562535762786865	1.444108247756958
-7.9531121253967285	-10.767354011535645
-12.467616081237793	-7.612700462341309
-4.407656192779541	-14.076678276062012
-9.691784858703613	-8.847992897033691
0.7057521343231201	-11.29826831817627
-5.654337406158447	-10.917350769042969
-8.217522621154785	-4.073445796966553
-0.8742600679397583	-1.3051799535751343
-8.595429420471191	-11.092157363891602
-9.888192176818848	-8.103788375854492
0.05366449058055878	1.1310681104660034
-4.025043487548828	-0.45313695073127747
-1.3664380311965942	-8.082865715026855
-9.478020668029785	-13.188264846801758
-12.160046577453613	-6.785290241241455
-6.157186508178711	1.0771570205688477
-2.4694485664367676	-0.04495822638273239
-10.307168006896973	-8.608139991760254
-3.2798619270324707	-2.5247726440429688
-6.452412128448486	-8.506834030151367
-5.734481334686279	0.9741104245185852
-3.982588291168213	-13.281288146972656
-0.20948526263237	-11.89409065246582
-10.712125778198242	-8.554841995239258
0.6610485315322876	-12.818971633911133
-5.5031280517578125	-0.41584083437919617
-6.635165691375732	-0.02211805433034897
-12.473063468933105	-3.413816452026367
4.871053695678711	-8.651813507080078
-5.867632865905762	-0.7860031127929688
0.6233336925506592	-11.347286224365234
-10.587807655334473	-8.763203620910645
0.41757091879844666	0.748176097869873
-9.024670600891113	-11.712903022766113
1.0723360776901245	-1.280652642250061
-5.621288299560547	1.616051435470581
2.780306577682495	-6.651057720184326
-8.252388000488281	-13.780364990234375
0.8635019063949585	-11.337921142578125
-5.210728168487549	2.227794647216797
-7.641331195831299	-13.194596290588379
-12.240080833435059	-9.277731895446777
-2.858485698699951	-7.7878875732421875
-6.146212100982666	-11.277935981750488
-5.210547924041748	0.1284877359867096
-6.973105430603027	-13.979286193847656
-0.5833678245544434	1.501332402229309
-11.270164489746094	-7.046370506286621
-1.610419750213623	-5.8521881103515625
-7.8835835456848145	-9.850275039672852
-11.467616081237793	-8.617671966552734
-10.994942665100098	-9.149993896484375
-5.465243816375732	-13.60207748413086
-11.298164367675781	-6.261260032653809
-8.344382286071777	-5.975809097290039
-4.78835391998291	-8.69455337524414
0.008948594331741333	-11.665909767150879
-10.156977653503418	-12.194644927978516
-3.860140323638916	-13.73457145690918
-2.315600633621216	-5.485373020172119
-5.994129180908203	-1.0559874773025513
-6.3351311683654785	2.0354955196380615
-9.130105972290039	-1.8899792432785034
-9.05629825592041	-4.334141254425049
1.2156906127929688	-8.838037490844727
-6.414330959320068	-0.6561134457588196
2.052180767059326	-10.3331298828125
-8.407739639282227	-5.8091864585876465
-7.887478828430176	-12.754965782165527
-1.9200047254562378	-1.5758980512619019
0.2035628855228424	-0.4531897008419037
-5.842381954193115	-9.586044311523438
-6.586151123046875	-6.35666561126709
-7.768702030181885	-13.037460327148438
-4.00495719909668	-7.243132591247559
0.8811421394348145	-10.893800735473633
0.858353853225708	-11.092351913452148
-8.939413070678711	-4.735975742340088
-10.766373634338379	-10.83762264251709
-4.74665641784668	1.7262800931930542
-12.594326972961426	-8.147738456726074
-7.082294940948486	-12.224100112915039
2.64056134223938	-1.4820709228515625
-6.182036876678467	1.5097064971923828
-7.745086193084717	-0.6832166314125061
-5.493639945983887	-8.503780364990234
-6.565836429595947	-11.667619705200195
-8.844573974609375	-4.924005508422852
0.060822099447250366	-6.972647666931152
-0.6960364580154419	-0.7504225969314575
0.01008656620979309	-5.2654500007629395
-10.967297554016113	-7.887653350830078
1.3393566608428955	-8.013110160827637
-5.0342936515808105	-2.3984575271606445
-4.0073699951171875	-5.915632724761963
-11.199336051940918	-2.2202987670898438
-3.6452102661132812	-10.885175704956055
-11.062129020690918	-7.819901943206787
-0.6447246074676514	-11.081636428833008
-12.184722900390625	-7.173591136932373
-5.616477966308594	-11.216316223144531
-12.185909271240234	-6.730555057525635
-2.489433765411377	-9.0202054977417
-11.205371856689453	-4.490708827972412
1.14351487159729	-0.1169942244887352
-7.074524879455566	-5.001864433288574
1.4310383796691895	-8.70777702331543
-2.4085350036621094	-1.1880229711532593
-1.8014837503433228	1.3188318014144897
-8.381396293640137	-10.448344230651855
-10.338613510131836	-3.7415740489959717
-6.525918960571289	1.6165260076522827
-6.99943208694458	-12.240246772766113
-0.5054835081100464	-9.895955085754395
0.8276021480560303	-8.974092483520508
-8.44328784942627	-0.9358078837394714
-12.685491561889648	-11.489500999450684
-2.6365389823913574	-1.922081708908081
-3.1736278533935547	-15.819029808044434
-8.377569198608398	-3.7895636558532715
3.3241710662841797	-7.611076354980469
-9.574265480041504	-3.4250972270965576
2.305091142654419	-9.15180778503418
-11.361833572387695	-8.772608757019043
-0.23322203755378723	1.306694507598877
-9.452446937561035	-12.080963134765625
-5.500433444976807	-8.847858428955078
-2.825770139694214	-0.35510995984077454
-0.7183893918991089	-5.30768346786499
-0.6363948583602905	-5.445901393890381
2.3162310123443604	-2.4505996704101562
-11.60350513458252	-6.546286106109619
-0.1449853479862213	1.2471096515655518
-7.162617206573486	1.4883722066879272
-10.810992240905762	-7.346667289733887
-6.313592433929443	1.7087388038635254
1.940372109413147	-0.4287886321544647
-9.391709327697754	-9.986717224121094
2.650899648666382	-7.333550453186035
-9.851444244384766	-9.695679664611816
-1.5035921335220337	-5.848916530609131
-5.813994884490967	2.0108137130737305
-0.43219223618507385	-3.9218692779541016
-1.6572767496109009	-9.716652870178223
-11.10181713104248	-6.6877617835998535
-3.2031683921813965	-13.195747375488281
0.2692164182662964	0.7903537154197693
-2.2781481742858887	0.7095098495483398
-5.704513072967529	-16.063785552978516
-4.494417667388916	-11.759984016418457
1.0357410907745361	-5.465195178985596
0.593876838684082	-10.29824447631836
-3.1378188133239746	-15.066658973693848
-0.7968087196350098	-14.161263465881348
-5.91910982131958	-7.485686302185059
-0.6864452362060547	-8.759626388549805
2.136911392211914	-10.655078887939453
-4.260430335998535	-14.098743438720703
0.16161683201789856	-7.608733654022217
1.0152004957199097	-12.689802169799805
-3.360663890838623	-1.9502373933792114
-2.012338876724243	-14.324731826782227
0.5431721210479736	-12.424407005310059
0.4941069483757019	0.28386494517326355
-5.149560928344727	-12.740660667419434
-7.841233730316162	-11.868307113647461
4.856767177581787	-7.171353340148926
-0.04525533318519592	-9.231210708618164
2.7132434844970703	-3.8788065910339355
0.4328497350215912	-10.471403121948242
0.7199822664260864	-3.138806104660034
-3.4292101860046387	-5.5698370933532715
-9.484506607055664	-0.9658346772193909
-9.642216682434082	-10.472701072692871
0.6534554958343506	-4.848874568939209
0.5470318794250488	-11.171640396118164
2.4811065196990967	-8.800000190734863
-11.511990547180176	-9.900975227355957
-1.8757942914962769	2.0979461669921875
-2.0512843132019043	-12.950464248657227
0.3659708797931671	-7.180734634399414
-0.7205266952514648	-11.94047737121582
3.2830076217651367	-1.8160475492477417
-6.080810070037842	1.7042349576950073
-5.972472667694092	-0.6934786438941956
-9.789689064025879	-4.611663341522217
-7.125911235809326	-12.412761688232422
-4.82304048538208	-11.464887619018555
-1.2250324487686157	-10.739006996154785
-0.17148199677467346	-15.023069381713867
0.2715737819671631	-2.459772825241089
-10.04428768157959	-6.890699863433838
1.8803364038467407	-0.44105932116508484
-6.939903736114502	-13.777484893798828
4.095061779022217	-3.9808335304260254
0.19928821921348572	-11.951136589050293
1.8908089399337769	-11.915966033935547
-9.796216011047363	-12.297172546386719
-6.44498872756958	-14.668070793151855
-10.930949211120605	-8.470897674560547
-6.435418605804443	1.5022209882736206
-6.1623454093933105	-11.857112884521484
2.996704339981079	-4.107141971588135
0.7855615615844727	-12.191210746765137
-4.556993007659912	-9.597726821899414
-10.695799827575684	-11.984770774841309
-7.596498966217041	-1.8109642267227173
-1.770790457725525	1.6819932460784912
-0.4115247428417206	-4.75731897354126
-5.03876256942749	-8.962665557861328
-3.642479419708252	2.375584602355957
-9.067265510559082	-7.105753421783447
-7.846523761749268	-13.285026550292969
-4.167520999908447	-2.180276870727539
-0.037032097578048706	-13.932581901550293
-3.048234224319458	-11.232138633728027
1.4432345628738403	-5.550048828125
-7.0568766593933105	-12.788691520690918
0.9480080604553223	-1.1438403129577637
-11.07678508758545	-10.797608375549316
-0.05625203251838684	-13.856999397277832
-4.94622278213501	-11.074578285217285
-6.583251953125	-13.758906364440918
-7.6332879066467285	1.7518523931503296
-2.611076593399048	-12.087347030639648
-0.5542521476745605	-10.859609603881836
-9.691977500915527	-5.666970729827881
-5.756824970245361	0.3707987368106842
-6.480461597442627	-3.994063377380371
-11.246261596679688	-11.314903259277344
2.2055163383483887	-8.260711669921875
-0.4919707477092743	-13.455224990844727
-8.293953895568848	-7.666639804840088
-9.647740364074707	-11.273059844970703
1.785784125328064	-6.183212757110596
-1.2299028635025024	-14.303661346435547
-3.6204302310943604	-6.0256218910217285
-1.3162016868591309	-9.844393730163574
-1.157842755317688	-12.186923027038574
-10.954140663146973	-0.5840359330177307
-6.0326666831970215	-0.6504080891609192
3.368302345275879	-5.675883769989014
-5.9159979820251465	-12.929006576538086
0.4682581126689911	-8.710770606994629
-2.971698045730591	-12.950374603271484
-0.44189539551734924	-12.591346740722656
0.1447322964668274	0.4434721767902374
-6.244418621063232	1.4234607219696045
1.8487588167190552	-7.227738857269287
-8.937798500061035	-12.627729415893555
-2.853549003601074	0.27737870812416077
0.39696452021598816	-12.765092849731445
-9.47596549987793	-13.042030334472656
-8.47531795501709	-12.331988334655762
0.3638753592967987	-2.550863265991211
-2.321852207183838	-12.707051277160645
-10.229056358337402	-8.129694938659668
-7.886352062225342	-2.2609574794769287
-4.528994560241699	-10.347028732299805
-10.556540489196777	0.6359965205192566
-0.27874282002449036	0.5903040170669556
-6.465773582458496	-13.705145835876465
-8.892566680908203	-6.0657572746276855
-7.718371868133545	-11.905457496643066
-1.1997277736663818	-3.235093116760254
-11.036787986755371	-9.884891510009766
-2.1455678939819336	-12.715516090393066
-11.231925010681152	-9.82506275177002
-4.4590229988098145	-0.3578408658504486
-12.09973430633545	-2.049107313156128
-0.6915364265441895	-12.853721618652344
-10.995052337646484	-10.602039337158203
-1.0728402137756348	-8.072070121765137
-6.6637654304504395	-4.8426833152771
-0.8602019548416138	0.795070469379425
-6.991124153137207	-13.288726806640625
-0.6604422330856323	-1.221697449684143
-3.5415124893188477	-7.347578525543213
-4.21088171005249	-14.039875030517578
-14.149648666381836	-10.988550186157227
-2.052095890045166	-13.597711563110352
1.7159793376922607	-6.596545219421387
-4.4219794273376465	-7.90602970123291
0.9738942384719849	-7.126514911651611
1.1267441511154175	-9.66915225982666
-6.693807125091553	-8.786481857299805
-3.3500537872314453	2.379535436630249
-5.376020908355713	-11.237337112426758
-3.8621935844421387	1.3670755624771118
-10.856301307678223	-14.651703834533691
2.8891518115997314	-11.103265762329102
-11.271483421325684	-12.19982624053955
-5.693278789520264	1.7550204992294312
-11.990939140319824	-10.948996543884277
-6.5566534996032715	2.0233981609344482
-11.404679298400879	-12.350357055664062
-2.146629810333252	-12.858887672424316
1.2076176404953003	-8.524809837341309
-1.5640398263931274	-14.77688217163086
-6.88496208190918	-10.472505569458008
-2.306760787963867	0.4698506295681
-3.3949084281921387	-9.007575988769531
-7.952937602996826	-11.508026123046875
-9.698040008544922	-10.28616714477539
-7.8078742027282715	-8.471142768859863
-7.475168704986572	1.7876920700073242
-4.611934661865234	-12.657000541687012
-3.6275272369384766	-14.377902030944824
-2.2943782806396484	-11.785412788391113
-8.364298820495605	-4.721436023712158
-4.383033275604248	2.277827262878418
-0.2983737885951996	-9.278861999511719
2.995033025741577	-5.888251781463623
-4.4937286376953125	-14.054746627807617
-7.59677267074585	-4.099581718444824
-4.902028560638428	-13.353940963745117
2.187504291534424	-6.467086315155029
-11.815966606140137	-7.958694934844971
3.873673439025879	-5.271032333374023
-0.4529050886631012	-1.4418600797653198
-10.395010948181152	-3.960935115814209
-7.763060092926025	-6.530709743499756
-0.2078128159046173	1.6737746000289917
-6.771249294281006	1.56675124168396
0.2781927287578583	-5.455687046051025
0.24620577692985535	-4.090884208679199
-6.636536121368408	-4.604581356048584
-2.4322197437286377	-10.595431327819824
-1.454433560371399	-7.711708068847656
-13.438117980957031	-8.523303985595703
-7.810403347015381	-13.599150657653809
-10.86918830871582	-8.185867309570312
-5.375366687774658	-11.018305778503418
0.3639999330043793	-6.79080057144165
2.8583145141601562	-1.9036370515823364
-11.578472137451172	-13.192031860351562
-2.3769216537475586	1.5535038709640503
-5.034110069274902	-11.867944717407227
2.7657523155212402	-10.305257797241211
-12.531376838684082	-10.545600891113281
-11.072596549987793	-4.349839687347412
-13.090109825134277	-9.603181838989258
1.6246031522750854	-3.1554088592529297
-11.330170631408691	-6.475845813751221
1.0089024305343628	-10.984062194824219
-4.073239326477051	-1.5334663391113281
-6.407308101654053	-2.4390132427215576
-6.171816825866699	-6.979406356811523
-4.695647716522217	1.8560186624526978
1.8010183572769165	-5.817594528198242
-0.5867519378662109	-13.398675918579102
-8.800289154052734	-12.6554594039917
-9.160223960876465	-7.7864155769348145
-5.192162990570068	2.3582873344421387
0.16464677453041077	1.2393964529037476
-10.225244522094727	-7.737684726715088
-9.543946266174316	-8.751708984375
-6.003054141998291	-4.440237998962402
-5.3007965087890625	-13.269250869750977
-5.000589847564697	-9.213578224182129
-10.516377449035645	-12.296998977661133
-8.468697547912598	-5.1177077293396
2.1893184185028076	-5.551659107208252
-10.94379997253418	-3.6614267826080322
0.06015583872795105	-9.39686393737793
-0.6217377185821533	-1.4231027364730835
5.157884120941162	-5.171760082244873
-6.031422138214111	-3.483823299407959
-2.0825185775756836	-14.395598411560059
-5.152575492858887	-2.2371160984039307
-4.619452953338623	0.7385221123695374
-9.728824615478516	-8.313915252685547
-7.034066677093506	-1.9579485654830933
-3.8700547218322754	1.937091588973999
-9.643875122070312	-7.6509809494018555
-7.448845386505127	-8.603114128112793
-8.8363676071167	-3.41904878616333
-7.804722309112549	-1.9576276540756226
-4.092794418334961	-14.495925903320312
-8.874866485595703	-7.842863082885742
-6.127455234527588	-3.0267257690429688
-6.50718355178833	-2.8538756370544434
-3.88851261138916	-10.813777923583984
-7.718428134918213	-9.662020683288574
-7.1963276863098145	-5.561135768890381
-1.3163738250732422	-1.4867931604385376
-0.4355275332927704	1.445412516593933
-7.621496677398682	-2.5384979248046875
-0.3764353096485138	-2.288397789001465
-2.0141701698303223	-1.3054898977279663
-2.5099849700927734	-14.09282112121582
-8.03300952911377	-11.48561954498291
-6.707255840301514	-6.414516448974609
-6.332663059234619	0.7638024687767029
-2.330585479736328	-11.216875076293945
-10.682300567626953	-6.288346767425537
-6.126424789428711	0.7650956511497498
-6.506424427032471	-2.112860918045044
1.5632210969924927	-5.171261310577393
-4.99594259262085	-10.359431266784668
5.379838466644287	-8.965392112731934
-1.1450982093811035	-1.1439642906188965
-10.897964477539062	-7.618061542510986
-6.9311137199401855	-1.8004133701324463
-2.5486435890197754	1.5982450246810913
-2.49862003326416	0.32698696851730347
-5.948270320892334	-9.18733024597168
-7.569027423858643	0.791409432888031
-8.112369537353516	-10.04940414428711
-6.53506326675415	-10.396020889282227
-1.7450183629989624	1.5179611444473267
1.9672274589538574	-4.220473766326904
-6.433443546295166	-13.95086669921875
-5.6241984367370605	-0.9240061640739441
0.7984496355056763	0.13737061619758606
-8.507591247558594	-5.273205280303955
-2.648782730102539	-13.07446575164795
-10.906006813049316	-3.874741554260254
1.8103653192520142	-4.974972724914551
-9.194587707519531	-0.4268997609615326
-3.505635976791382	2.0488128662109375
-8.278733253479004	-2.7574172019958496
-4.106664180755615	-12.74433708190918
-3.552090883255005	-3.2986538410186768
-3.3072421550750732	-0.4348997473716736
-8.545120239257812	-5.344663619995117
-3.0445384979248047	-1.4719170331954956
-9.439976692199707	-0.6061230301856995
-2.030146837234497	-14.615755081176758
-7.153316020965576	-8.655401229858398
-3.4880266189575195	-9.788851737976074
-9.156065940856934	-12.414100646972656
-3.7714853286743164	-15.335338592529297
-9.022933959960938	-9.647189140319824
-0.764188289642334	-8.780214309692383
-8.05801773071289	-1.6418440341949463
-0.5152711868286133	-3.172976016998291
-5.9987711906433105	-12.33025074005127
0.212753027677536	-8.181861877441406
-9.173863410949707	-8.873359680175781
-7.380423069000244	-13.625497817993164
-3.796584367752075	-7.782853126525879
1.437543511390686	-10.366250991821289
-9.123806953430176	-6.771151542663574
-9.098907470703125	-1.3688902854919434
-7.150417804718018	-4.652491569519043
-4.374560832977295	-12.483972549438477
-9.544296264648438	-9.815069198608398
-6.696304798126221	-5.367929935455322
-8.207008361816406	-9.804193496704102
0.85865318775177	-9.860895156860352
-7.9712233543396	-14.051738739013672
-5.010685920715332	-12.607383728027344
-7.730681896209717	-8.715497970581055
0.15929803252220154	-5.268772125244141
-7.97896146774292	-8.019235610961914
0.26898452639579773	-7.8327155113220215
-4.810206890106201	1.155983805656433
-9.31472110748291	-5.110540390014648
-8.855591773986816	-10.143909454345703
-1.786493182182312	-9.114192008972168
-2.9086952209472656	1.5949279069900513
-6.413058757781982	-0.7968750596046448
-2.836775302886963	-5.896565914154053
-1.8187607526779175	-0.2012735903263092
-9.477709770202637	-9.147855758666992
-0.5919921398162842	-11.445327758789062
-5.390158176422119	-2.7605035305023193
3.631659507751465	-7.532032012939453
-7.444708347320557	-11.760154724121094
-8.581599235534668	-6.912460803985596
-5.321046352386475	-2.6906659603118896
2.60093092918396	-10.205011367797852
-7.672260761260986	-4.0532636642456055
-6.519289493560791	-13.921104431152344
1.1795966625213623	-4.230987071990967
-2.844285488128662	1.6657406091690063
-3.143508195877075	-10.674100875854492
0.3293982446193695	-12.178659439086914
-7.890251636505127	-7.280696868896484
-7.020812511444092	-12.872400283813477
-4.059293270111084	-2.606957197189331
-0.8050669431686401	-11.965399742126465
-8.954071998596191	-11.677154541015625
-4.585547924041748	1.8930102586746216
-5.437857627868652	-1.8658897876739502
3.8792154788970947	-7.70277738571167
-8.352953910827637	-3.5723047256469727
-3.8101298809051514	-1.677378535270691
-9.96942138671875	-1.2450803518295288
1.1601152420043945	-8.113784790039062
-10.663394927978516	-4.591217517852783
-1.823256254196167	-9.585308074951172
-10.162593841552734	-8.91015625
-8.016752243041992	-7.738187789916992
-0.6054996252059937	-1.3417564630508423
-6.909810543060303	2.1306509971618652
0.29757925868034363	-2.0947823524475098
-13.917181015014648	-4.286165714263916
-1.5362145900726318	-4.6397929191589355
-2.7836880683898926	-4.503012180328369
-5.0800395011901855	-5.569635391235352
-12.381157875061035	-9.426292419433594
-1.5921951532363892	-0.9208458065986633
-0.2304239571094513	-1.9058765172958374
-8.903264045715332	-2.857192277908325
-4.047662258148193	-14.257438659667969
-10.437698364257812	-5.724237442016602
2.069481611251831	-10.364501953125
-10.027371406555176	-3.7029035091400146
1.429705023765564	-11.672613143920898
-6.540884494781494	-1.9965864419937134
-3.539191246032715	-8.413182258605957
-10.588812828063965	-6.867279052734375
1.577520728111267	-6.9336934089660645
-2.970928430557251	-1.052839994430542
-6.230823040008545	-8.383111953735352
-5.375643253326416	-6.130450248718262
-8.764430046081543	-4.084223747253418
-5.263766765594482	0.8572779297828674
3.4585530757904053	-6.702520847320557
-11.445160865783691	-5.910068988800049
-7.719034671783447	-15.96403694152832
-10.658731460571289	-7.941060543060303
-1.5853904485702515	-3.0471267700195312
-11.324053764343262	-6.616471767425537
-0.884418249130249	-12.484952926635742
-6.03130578994751	1.0229328870773315
-9.803929328918457	-3.875901222229004
-6.843198776245117	0.9107384085655212
-2.659428596496582	-0.40230515599250793
-7.7311015129089355	-11.947998046875
4.414434909820557	-4.846789836883545
-3.4534707069396973	-10.836594581604004
0.18699046969413757	-9.464122772216797
-10.179341316223145	-2.084320068359375
1.2399309873580933	0.9194216728210449
-2.944507360458374	-1.0810661315917969
-0.5345535278320312	0.785973846912384
-9.341501235961914	-7.771033763885498
-0.1440335214138031	-5.663559436798096
-4.472567081451416	-10.48666000366211
0.12127372622489929	-10.873503684997559
-8.58193302154541	-8.74366569519043
-2.6657094955444336	-14.150561332702637
-6.731791019439697	-9.653341293334961
0.6999493837356567	0.7256408333778381
-8.758625984191895	-12.814239501953125
-0.7320796251296997	1.5897396802902222
-11.083511352539062	-9.898581504821777
-3.289668560028076	-0.282094806432724
-7.564605236053467	-11.540336608886719
-1.2098653316497803	0.09088234603404999
-5.643777847290039	-8.486719131469727
0.35175415873527527	-12.373855590820312
-8.074864387512207	-6.109034061431885
-4.980905055999756	0.26719215512275696
-7.173244476318359	-7.058596611022949
-7.926022052764893	-5.190805435180664
-6.055384159088135	-14.329669952392578
-10.135712623596191	-4.86927604675293
-5.027284145355225	1.9122830629348755
-11.66497802734375	-1.7022523880004883
-10.570359230041504	-9.161795616149902
-6.209878444671631	-10.768754959106445
-6.007900714874268	1.6489711999893188
-0.7601288557052612	0.3479708731174469
1.6297788619995117	-4.574582099914551
-7.3548688888549805	-6.680112361907959
-8.6537504196167	-1.6129660606384277
0.3027136027812958	-5.304609298706055
-5.323620319366455	1.7660664319992065
-3.391211986541748	-11.550848960876465
-9.571911811828613	-6.676173686981201
-6.617679119110107	-7.134363174438477
-9.156296730041504	-6.753077030181885
-6.7439351081848145	-13.49190616607666
-9.644492149353027	-4.910510063171387
2.8001389503479004	-4.347134113311768
-4.367228031158447	-0.06126096099615097
3.0654354095458984	-10.141952514648438
-9.486405372619629	-7.688388347625732
-4.1269636154174805	-1.0089596509933472
-4.4528045654296875	-1.7771852016448975
-1.8032379150390625	-6.961327075958252
-6.965148448944092	-1.0369007587432861
0.12156865000724792	-4.316478252410889
-7.179394721984863	-4.290687084197998
-4.5362629890441895	-10.139212608337402
-5.5387091636657715	-1.7234467267990112
-1.5080934762954712	-1.1475098133087158
-9.649048805236816	-10.386007308959961
-9.430439949035645	-9.312919616699219
-4.411996841430664	1.9470573663711548
-7.719740390777588	-0.07520302385091782
-10.38641357421875	-5.632256031036377
0.9552226066589355	-7.596310138702393
-6.628195285797119	-4.676998138427734
-0.8036947250366211	-2.5958027839660645
-0.7894021272659302	-2.818936824798584
-10.335333824157715	-8.667229652404785
-4.331840991973877	0.039711035788059235
0.8096076250076294	-10.757060050964355
-4.908652305603027	-2.334684371948242
-1.1129032373428345	-1.6340221166610718
-1.5075002908706665	-0.3534766733646393
1.9154952764511108	-7.6592583656311035
-8.499390602111816	0.6906569600105286
-2.362809181213379	-0.8293684124946594
-4.326318264007568	1.159566044807434
0.7708785533905029	-12.589802742004395
-10.27466106414795	-10.404939651489258
-6.6885857582092285	-2.6971471309661865
-5.540276050567627	1.7198548316955566
-8.639052391052246	-13.514623641967773
-12.668049812316895	-5.666237831115723
1.441262125968933	-7.334743976593018
-8.10009479522705	-4.16304349899292
2.8605589866638184	-7.931008815765381
-5.0718302726745605	-9.60934066772461
-2.0385708808898926	-9.685068130493164
-7.546245574951172	0.08938828855752945
3.0562922954559326	-1.7506135702133179
-11.083099365234375	-7.522303581237793
0.6543554067611694	-2.9245386123657227
-1.0797905921936035	-1.3181601762771606
1.2384803295135498	-0.4656982123851776
-7.893441677093506	1.0983561277389526
1.3210363388061523	0.7079737782478333
-12.05255126953125	-10.157013893127441
0.9635938405990601	-4.41143798828125
-7.173647403717041	-1.7535357475280762
0.4196290969848633	-11.813652992248535
-7.592336177825928	-2.5833427906036377
-6.556445121765137	-12.397546768188477
-7.3706231117248535	0.5486218333244324
-7.180226802825928	-2.2466816902160645
-9.400111198425293	-1.3073912858963013
2.240539789199829	-11.298727035522461
-0.2791045010089874	-1.316133737564087
-4.776856899261475	-5.242804050445557
-9.927894592285156	-1.9186114072799683
-0.1132451593875885	1.2942475080490112
-5.840282917022705	-0.940359890460968
2.9684808254241943	-4.088165760040283
-4.101956844329834	-0.4863228499889374
1.52579665184021	0.46772924065589905
-13.277206420898438	-7.492008686065674
0.1875375211238861	-7.289422988891602
-5.071320533752441	-4.164915084838867
1.0681085586547852	0.435285359621048
-4.260733604431152	-1.1963690519332886
0.1567695438861847	-1.306233525276184
-4.897318363189697	2.0816800594329834
-0.49310311675071716	-12.156991958618164
-6.121287822723389	-1.2241450548171997
0.7036041021347046	-8.981008529663086
-13.91921329498291	-8.568981170654297
-2.648759365081787	-6.295901775360107
-9.234820365905762	-0.0690809115767479
-5.048565864562988	-13.233329772949219
-8.576492309570312	-7.1178297996521
5.026479244232178	-8.062533378601074
-13.626815795898438	-8.551578521728516
-9.717875480651855	-12.843365669250488
-1.424430251121521	-0.4904317557811737
2.6367340087890625	-9.35782241821289
-11.886541366577148	-2.5632100105285645
-0.7002198696136475	-1.7434200048446655
-2.4499127864837646	-2.6253321170806885
-8.23042106628418	-12.621184349060059
-5.192317962646484	-0.30325648188591003
-3.2973344326019287	-12.339624404907227
-6.878901958465576	-0.9742370247840881
-1.111393928527832	-10.156432151794434
-12.781421661376953	-11.172378540039062
2.1442012786865234	-9.082136154174805
-8.498233795166016	-3.7977044582366943
-8.034770011901855	-14.151034355163574
-3.1064043045043945	-2.3041467666625977
-8.393646240234375	-4.876588344573975
-2.9021096229553223	0.6039553284645081
1.3853837251663208	-11.812580108642578
-3.228445529937744	0.9056392312049866
-12.218855857849121	-2.013566017150879
-12.12397289276123	-8.237156867980957
2.739107131958008	-4.653342247009277
-6.645493984222412	-0.07782002538442612
1.6060601472854614	-0.4142836034297943
-11.365336418151855	-0.5852544903755188
-6.393191814422607	-7.83547830581665
-7.384389400482178	0.28413382172584534
-1.6878172159194946	0.6905998587608337
-4.857057094573975	-1.498275637626648
-2.0516810417175293	-9.658185958862305
-9.283330917358398	-0.3134218156337738
1.0288677215576172	-8.943084716796875
-6.186086177825928	0.465777188539505
3.0321569442749023	-2.7046871185302734
2.129218339920044	-6.637775897979736
3.6720118522644043	-7.587658882141113
-4.4491190910339355	-0.16181477904319763
-8.994505882263184	-13.531820297241211
-7.299869060516357	-0.5790504813194275
-8.352555274963379	-12.083884239196777
-6.815701007843018	1.5249608755111694
-1.4507427215576172	-8.787860870361328
-7.411457061767578	-0.27007004618644714
-4.600922107696533	-5.280272483825684
-8.700200080871582	-0.37351498007774353
-9.766544342041016	-8.82159423828125
-3.5450758934020996	1.9616178274154663
-7.051521301269531	-12.199226379394531
-8.997698783874512	-0.4644603431224823
3.5171101093292236	-4.425478458404541
-9.760777473449707	-0.6961148381233215
-11.634329795837402	-12.006892204284668
-7.013375282287598	0.08729449659585953
0.13958343863487244	-12.199254989624023
-5.222326755523682	-0.7933922410011292
0.7789974212646484	-5.799919605255127
-12.018473625183105	-7.724592208862305
2.2081146240234375	-0.3180100619792938
-10.3132963180542	-7.4885945320129395
-1.643057107925415	0.09440965205430984
-11.71351146697998	-11.870079040527344
-0.546017050743103	0.030973978340625763
-8.917219161987305	-2.1174566745758057
1.6104408502578735	-9.758398056030273
-10.753246307373047	-2.574124813079834
-8.822393417358398	-11.234428405761719
-8.688372611999512	-2.8025450706481934
-0.43524327874183655	-2.5500686168670654
-1.0016741752624512	-0.9966574311256409
1.3708454370498657	-0.7045742869377136
-6.516160488128662	-0.847317636013031
1.4587724208831787	-4.5740437507629395
-6.702272891998291	2.097071886062622
-1.5079169273376465	-11.272918701171875
-8.88120174407959	-2.478260040283203
3.0280721187591553	-5.8426337242126465
-8.002979278564453	-8.908631324768066
-6.992091655731201	-1.1043075323104858
-10.226428031921387	-0.7364309430122375
-3.9954166412353516	-14.910789489746094
-11.206941604614258	-9.184221267700195
-2.4432289600372314	-14.154203414916992
-9.9445161819458	0.804109513759613
-0.8018798828125	-1.8870686292648315
-11.131033897399902	-8.966888427734375
-2.2939717769622803	-12.23721981048584
-10.089317321777344	-4.674757480621338
-4.9422783851623535	-12.55123233795166
-11.366059303283691	-12.464411735534668
-9.80554485321045	-10.28510570526123
-10.550073623657227	-6.8515305519104
-10.137686729431152	-4.095289707183838
-10.843653678894043	-9.04735279083252
-9.240835189819336	-9.6040678024292
-0.9888932704925537	-2.5127615928649902
-2.27872371673584	1.883813738822937
-4.623307704925537	2.0571508407592773
-5.327985763549805	-13.46223258972168
-9.525411605834961	-1.9256826639175415
1.8440998792648315	-9.82522964477539
-1.3867968320846558	-1.4495960474014282
-3.490622043609619	-0.11583872884511948
-7.283990383148193	-0.8689324259757996
0.7707095146179199	-10.944134712219238
-7.771557331085205	0.6479496359825134
-6.146629810333252	-8.924057006835938
-4.494260311126709	1.7498997449874878
-9.22834300994873	-2.438261032104492
-10.958081245422363	-6.298672676086426
-0.34946539998054504	-1.5051672458648682
-2.8596231937408447	0.5495882630348206
-0.3190537989139557	-7.31341028213501
-7.12014102935791	-0.49969109892845154
-10.036663055419922	-13.312663078308105
-10.784920692443848	-1.477353811264038
-6.692301273345947	0.6738380789756775
-13.259467124938965	-3.137066602706909
-8.772780418395996	-1.444074273109436
-11.71965503692627	-4.108636379241943
4.167391300201416	-5.093534469604492
-11.771441459655762	-9.414061546325684
-5.55177116394043	-15.777024269104004
-9.617725372314453	-7.008835315704346
0.8053845167160034	-0.5576130747795105
-6.1283793449401855	1.7922197580337524
-2.252424955368042	-6.018449306488037
-4.988186359405518	1.5600690841674805
-2.1764063835144043	-15.10620403289795
-4.933239459991455	-13.409774780273438
-5.0325093269348145	-11.542379379272461
-6.214282512664795	1.0237466096878052
0.7449499368667603	1.2072985172271729
-9.865349769592285	-8.311502456665039
-4.406985759735107	-13.988874435424805
-1.0376499891281128	-8.261001586914062
-6.203397274017334	-6.352875709533691
-0.12530294060707092	-4.37399435043335
-1.8612260818481445	-10.264724731445312
-6.637014389038086	-1.5525394678115845
0.6894160509109497	-4.406426906585693
-0.8717440366744995	-2.1667914390563965
-5.207209587097168	-7.112194538116455
-2.34175443649292	-13.332335472106934
-6.487478733062744	-13.315469741821289
-7.022228240966797	-0.4545224606990814
-3.0173416137695312	2.3052282333374023
-8.081585884094238	-11.96109676361084
-10.251660346984863	-12.891448974609375
-5.318898677825928	-4.956984996795654
-5.304914951324463	-9.29313850402832
-4.115482330322266	-2.2071714401245117
-5.552525043487549	-10.613119125366211
-5.23642110824585	-1.0651124715805054
-6.177707195281982	-12.25278377532959
-9.948240280151367	-2.8813934326171875
1.461854100227356	-9.289111137390137
-4.564028263092041	0.3836952745914459
-3.4372191429138184	2.140684127807617
-8.648000717163086	0.3278328478336334
-1.4446877241134644	1.0927456617355347
-3.666049003601074	-13.07265567779541
-3.1391210556030273	-14.664710998535156
-7.104241371154785	0.35798588395118713
-1.0583919286727905	1.70609712600708
-9.496960639953613	-11.374332427978516
2.200730085372925	-9.187698364257812
0.808273196220398	-6.998226642608643
-0.6146242618560791	-12.883246421813965
-2.2457704544067383	-3.843082904815674
-1.6687867641448975	1.9019560813903809
-2.948366403579712	-1.1799732446670532
-5.910311222076416	-0.5303313136100769
-10.490211486816406	-4.824942111968994
-8.241850852966309	-2.29317045211792
-0.11774036288261414	-2.97417950630188
-6.931795597076416	-9.84915542602539
-10.426815032958984	0.09535709768533707
0.8777210712432861	-12.225603103637695
-5.251424312591553	1.574762225151062
3.3623785972595215	-2.955922842025757
-5.459765911102295	-14.412004470825195
-5.602935314178467	2.0720157623291016
-2.3996498584747314	1.515945553779602
-9.12236499786377	-1.2913919687271118
0.9097952842712402	-8.836240768432617
-8.187455177307129	-9.501150131225586
-0.4289613664150238	-1.522443175315857
0.526232898235321	-12.508968353271484
-8.344178199768066	-1.98342764377594
-6.641031742095947	0.8830743432044983
-1.667923092842102	-9.07849407196045
-5.292369365692139	1.8843258619308472
-9.321433067321777	-4.495703220367432
5.323152542114258	-8.750810623168945
-7.2188520431518555	-13.587444305419922
-8.72402572631836	-10.831263542175293
-12.43949031829834	-4.157379150390625
-6.743277072906494	-1.8318814039230347
-2.027207136154175	-0.2437131404876709
4.075129508972168	-3.092984199523926
-11.27302360534668	-5.344959259033203
1.9589931964874268	-8.883668899536133
-9.762406349182129	-2.265139102935791
-4.379262447357178	-11.991743087768555
-0.4749095141887665	-2.6918139457702637
-5.512312412261963	-1.89467453956604
-3.553839683532715	-0.6416372656822205
-1.303432583808899	0.5903938412666321
-5.171370506286621	-0.13525733351707458
0.8385897874832153	-4.438658237457275
-1.4815552234649658	-5.697992324829102
-5.282802581787109	-10.569337844848633
-9.359025001525879	-4.634450912475586
0.7244453430175781	-0.6487901210784912
-2.095374345779419	-0.23104551434516907
1.4840588569641113	0.21873918175697327
-4.344946384429932	-1.9867409467697144
0.256798654794693	-7.209375858306885
-5.780867099761963	-3.9596381187438965
-4.419710636138916	2.27311110496521
-3.6426944732666016	0.320546954870224
-10.7671537399292	-9.65898323059082
-2.8665552139282227	-3.648094415664673
-5.134898662567139	-11.128632545471191
-2.9937844276428223	0.9016709327697754
-8.928596496582031	-1.4706072807312012
-5.903841495513916	-1.5712833404541016
-8.351831436157227	-5.333288669586182
-2.3803462982177734	-6.035116195678711
-4.288764953613281	2.534050941467285
-8.542994499206543	-4.958098411560059
-3.91786527633667	-10.30656623840332
-7.266273021697998	-0.8618947863578796
-10.66444206237793	-7.260101318359375
-7.826766490936279	-2.3747711181640625
-0.3526298701763153	-3.620476722717285
-7.693401336669922	-0.36104270815849304
-6.667627334594727	-3.7814712524414062
-4.874959468841553	1.5838422775268555
0.6160351037979126	0.8025769591331482
-6.9674177169799805	0.16077759861946106
-13.357592582702637	-11.570944786071777
0.11901885271072388	-1.7118499279022217
-3.0020129680633545	-15.336907386779785
-10.7877197265625	-1.1696586608886719
-7.278157711029053	0.05174485594034195
-9.38463306427002	-1.702802300453186
-0.7933619022369385	-13.156923294067383
-9.52192211151123	-0.4954563081264496
0.46911558508872986	-6.650061130523682
-7.855635643005371	0.1830853521823883
-0.7847353219985962	-0.8590244650840759
-7.349599361419678	0.2168218195438385
-7.802618980407715	-8.47179126739502
-5.598621845245361	-1.7602789402008057
1.063506841659546	-2.244157314300537
-0.43507900834083557	-1.997688889503479
-0.8938436508178711	-14.039100646972656
-2.7521252632141113	-0.8093969821929932
2.6788244247436523	-9.581433296203613
-6.666676998138428	0.17819896340370178
-11.066826820373535	-0.036054693162441254
-4.899999618530273	0.3048047125339508
-4.821966648101807	-9.541695594787598
-10.02625560760498	-0.850024402141571
-5.816308498382568	-15.51793098449707
0.465974897146225	-3.2591335773468018
-6.054378986358643	-13.410022735595703
-10.142030715942383	-0.07130011171102524
2.7917137145996094	-5.335677623748779
-1.1650053262710571	-1.4667131900787354
-2.0881528854370117	-2.221926689147949
-3.036900043487549	-1.5692319869995117
-1.8760380744934082	-10.548784255981445
-1.934932827949524	-0.13877150416374207
-8.846145629882812	-15.517539978027344
-3.258208751678467	-1.2707502841949463
0.5997052192687988	-10.12110710144043
-3.5063230991363525	-0.7832160592079163
-1.720366358757019	-10.094587326049805
-5.370940685272217	-14.075677871704102
1.2336008548736572	-6.465299129486084
0.12600192427635193	-9.68262767791748
0.7882442474365234	0.7968430519104004
-7.139218807220459	-1.3461803197860718
-6.732650279998779	-14.10377311706543
-2.3126182556152344	-1.2041845321655273
-3.3241264820098877	-10.263792037963867
-8.646963119506836	-2.8751189708709717
-5.9107232093811035	-3.2310802936553955
-1.2867321968078613	-6.00338888168335
0.4740041196346283	0.46842584013938904
-6.389899730682373	-14.351287841796875
-5.845122814178467	-9.556167602539062
-8.109980583190918	-12.108808517456055
-3.28989577293396	-15.421696662902832
-7.3690314292907715	-0.5957691073417664
-1.991454005241394	2.042787551879883
-8.076985359191895	-3.0816283226013184
-3.8841657638549805	-12.016993522644043
-5.119832515716553	0.9170320630073547
-8.692649841308594	-4.334554672241211
-3.6764116287231445	1.8148125410079956
2.2721991539001465	-8.9321928024292
-10.736817359924316	-6.48182487487793
-2.2596435546875	-10.60892391204834
-11.370240211486816	-1.4734342098236084
4.666210174560547	-3.618917942047119
-11.053460121154785	-8.031807899475098
-6.448547840118408	-9.615227699279785
-10.034773826599121	-8.806238174438477
-1.6818252801895142	1.061160683631897
-6.8992018699646	0.6555643677711487
-4.755067825317383	-15.45843505859375
-1.3368762731552124	-2.3370893001556396
-6.943533897399902	-10.101285934448242
-7.610718250274658	-14.28294849395752
1.253336787223816	-11.507140159606934
-8.4725923538208	1.518391728401184
-9.941344261169434	-12.504137992858887
-11.297268867492676	-12.025688171386719
0.9921709299087524	-2.1565656661987305
-8.705985069274902	-8.917867660522461
-0.0816856324672699	-12.730375289916992
-2.942227363586426	-14.826146125793457
1.4439460039138794	-7.247771263122559
-8.870732307434082	-8.129921913146973
0.5941212177276611	-6.116973400115967
-5.415639877319336	-13.444947242736816
-9.275317192077637	-7.390838623046875
0.6739747524261475	-10.485830307006836
-0.9892058372497559	-13.574475288391113
-10.911751747131348	-5.974024295806885
-9.328632354736328	-7.900969505310059
0.6125650405883789	-7.858499050140381
-6.682780742645264	-11.072845458984375
-4.774427890777588	-13.708284378051758
-11.03247356414795	-0.9481121897697449
-1.3412357568740845	1.7706788778305054
1.484139084815979	-7.727258205413818
-9.955214500427246	-12.478492736816406
-2.0906739234924316	-12.680341720581055
-2.788918972015381	-9.682598114013672
-1.7238377332687378	0.8950479626655579
0.13279035687446594	1.120424747467041
1.5487158298492432	-12.74305248260498
-9.888261795043945	-5.429865837097168
-2.118248462677002	-11.326329231262207
-5.682141304016113	-12.896411895751953
-9.466014862060547	0.4934528172016144
1.7444584369659424	-8.952374458312988
2.1168642044067383	-5.694920539855957
-10.674201011657715	-8.65800666809082
-3.2994370460510254	2.094646692276001
-9.324317932128906	-13.037894248962402
-0.6764729022979736	1.6481395959854126
-9.521811485290527	1.1612111330032349
-1.3044542074203491	-2.810397148132324
-9.172375679016113	-14.545985221862793
-1.788543462753296	-11.048660278320312
-4.945694923400879	-10.065059661865234
-5.496204853057861	-13.723407745361328
-1.0226225852966309	-14.560404777526855
-6.6717023849487305	-15.493959426879883
-9.757521629333496	-7.138370990753174
-7.112760543823242	-7.334682941436768
-3.5756406784057617	-13.638486862182617
-5.272878170013428	-10.942569732666016
0.7003382444381714	-8.474554061889648
3.54514479637146	-9.423471450805664
-12.235641479492188	-7.941580295562744
3.723275899887085	-9.24732780456543
-4.226423740386963	0.35184863209724426
-3.0205578804016113	-14.783360481262207
-6.096780776977539	-14.429224967956543
-0.1407754123210907	-8.97217082977295
-0.6571325063705444	-11.685776710510254
1.0931559801101685	-0.3519551455974579
-10.871809005737305	-11.7365083694458
-4.309088706970215	1.7471164464950562
-5.681684494018555	-13.011241912841797
-14.745817184448242	-4.89987850189209
-2.8047938346862793	-12.015779495239258
-1.191161036491394	-14.358856201171875
2.2072982788085938	-9.180858612060547
-5.22107458114624	0.7240718007087708
-9.560839653015137	-5.027101516723633
0.9651395082473755	-10.542932510375977
-10.098817825317383	-3.7630672454833984
-0.5262222290039062	-9.18195915222168
-0.11018291115760803	-8.573785781860352
2.863070011138916	-5.180723667144775
1.2562413215637207	-9.27005386352539
-8.09798812866211	-2.7022933959960938
-10.774383544921875	-4.184564113616943
-7.5547661781311035	-0.29387959837913513
-5.637259006500244	-12.881417274475098
-5.7728071212768555	-12.410333633422852
-11.048102378845215	-12.164371490478516
-2.1982791423797607	-2.5339062213897705
-0.8761546611785889	-1.6321953535079956
-6.578271389007568	-9.690885543823242
-9.56948184967041	-9.041622161865234
2.503910779953003	-7.078201770782471
-5.592721939086914	-13.549927711486816
-10.88330364227295	-8.205291748046875
-9.466931343078613	-4.737669944763184
-0.5683015584945679	-8.913427352905273
-9.682806968688965	-9.658783912658691
-12.409004211425781	-5.55904483795166
-11.256424903869629	-12.629568099975586
-9.10331916809082	-10.859439849853516
-4.557484149932861	-14.507719039916992
0.6448553800582886	0.6916238069534302
-2.8406894207000732	-3.911740779876709
-4.774581432342529	-1.7103835344314575
-10.598509788513184	-5.86701774597168
-6.434544086456299	-5.344565391540527
-7.81884241104126	-11.705562591552734
-9.554384231567383	-9.380810737609863
-8.480677604675293	-3.92134165763855
0.28406402468681335	-8.479778289794922
-8.155415534973145	-12.2022705078125
0.5907970666885376	-7.274138927459717
-9.438948631286621	-11.709985733032227
1.9380207061767578	-3.261198043823242
-3.580061912536621	1.9027522802352905
-4.536331653594971	-11.61086654663086
-5.9613423347473145	-13.412249565124512
-5.3770751953125	-2.1335973739624023
-10.649867057800293	-10.293573379516602
-2.773125171661377	-5.514944553375244
-7.093812942504883	-4.259410858154297
0.2414047122001648	-13.266261100769043
-0.5178428888320923	-7.785549640655518
4.4449076652526855	-5.376033306121826
-5.150020122528076	-3.519911050796509
-2.4282171726226807	-12.722661972045898
-8.776947021484375	-7.018517017364502
-4.421257972717285	-8.616960525512695
-9.204495429992676	-11.475147247314453
-3.3003087043762207	-9.78376579284668
-2.96683669090271	-13.011529922485352
-3.596827507019043	0.28296056389808655
-3.9914002418518066	-13.083106994628906
-3.1625759601593018	-16.233158111572266
-6.102596759796143	-9.155168533325195
1.5835918188095093	-0.9147946238517761
-0.6528258323669434	-3.632544994354248
-4.8133955001831055	-15.502535820007324
-9.454378128051758	-9.912511825561523
-10.871798515319824	-12.186141014099121
-4.326221942901611	-15.120420455932617
-6.474936008453369	-13.652498245239258
-4.338332653045654	2.266244888305664
-0.23299142718315125	-13.945255279541016
-9.054022789001465	-4.199692249298096
-1.7944413423538208	-11.857234001159668
-11.254222869873047	-7.255878448486328
2.898294448852539	-7.987124919891357
-7.817671775817871	-13.58784294128418
-0.916922926902771	-2.9974753856658936
-9.686516761779785	-9.397658348083496
-2.5518295764923096	-6.4345502853393555
-10.634377479553223	-3.802794933319092
-1.0146321058273315	1.7185513973236084
-8.610633850097656	-12.348047256469727
-7.1240153312683105	-11.761058807373047
-2.1020238399505615	-11.632969856262207
3.567143201828003	-3.907632827758789
-4.733179569244385	-11.118484497070312
-11.150168418884277	-10.705867767333984
2.2905941009521484	-9.441227912902832
-6.145750522613525	-6.265966415405273
-6.0850396156311035	0.8499074578285217
-0.3388715386390686	-12.919595718383789
-4.952380180358887	1.6527093648910522
-5.306341171264648	-7.705521106719971
-10.877129554748535	-7.929593563079834
1.6546578407287598	0.10081902891397476
-6.797447681427002	1.0986716747283936
0.6420232057571411	-11.449630737304688
1.9144830703735352	-10.258647918701172
-1.1495633125305176	-4.132026195526123
-6.307387828826904	1.4722099304199219
0.44435450434684753	-13.585677146911621
-8.784697532653809	-4.154916286468506
-3.311944007873535	-3.8578548431396484
-9.848682403564453	-7.89758825302124
3.0043997764587402	-13.589791297912598
-4.081139087677002	-15.179505348205566
0.7559692859649658	-10.132660865783691
-10.641677856445312	-9.613693237304688
-5.9486799240112305	-13.825748443603516
-7.5170793533325195	-13.187535285949707
-8.244293212890625	-10.383443832397461
-1.1692626476287842	-1.8193061351776123
0.574824333190918	-7.84052038192749
4.581140995025635	-9.65494155883789
1.0742428302764893	-2.247788906097412
-5.028059959411621	-13.389296531677246
1.3715057373046875	-1.3721486330032349
1.1428292989730835	-11.65652847290039
-8.81849479675293	-11.497513771057129
-2.369992971420288	-15.07279109954834
1.206905722618103	-8.913168907165527
-3.1709163188934326	2.1448118686676025
-8.65109920501709	-7.330784320831299
-2.9306564331054688	-12.591110229492188
-3.0592188835144043	1.17812979221344
-9.733988761901855	-6.245729923248291
-3.6075501441955566	-13.73482608795166
-2.224097490310669	-11.980097770690918
-3.574666976928711	-13.630270957946777
-4.039697170257568	2.0693063735961914
1.924382209777832	-3.8380227088928223
-10.985608100891113	-9.918880462646484
-4.801480293273926	-5.918172359466553
-4.90498685836792	-13.425030708312988
-1.6502134799957275	-13.575701713562012
0.9787805080413818	-8.152886390686035
-2.7709779739379883	-6.00924825668335
-2.398674249649048	1.8064149618148804
-5.729258060455322	-13.230239868164062
-1.1976590156555176	-5.2241950035095215
-4.154646396636963	-4.936647891998291
-11.86388874053955	-5.062563419342041
-4.695215702056885	-16.127195358276367
-5.514156341552734	-13.180950164794922
-8.543119430541992	-11.298526763916016
-7.412132740020752	-13.988866806030273
4.806155681610107	-6.67725944519043
-3.0233078002929688	-9.383767127990723
-0.18355253338813782	-9.568700790405273
-0.7867861986160278	-10.906776428222656
0.06887412071228027	-12.6400146484375
-0.2789664566516876	-6.044296741485596
-0.6676230430603027	-11.441434860229492
-4.910375118255615	-1.2558785676956177
-4.4926018714904785	-4.081039905548096
-7.494223117828369	-12.892704010009766
3.4037134647369385	-9.064373016357422
-7.067101001739502	-11.18333625793457
2.5301787853240967	-5.348151683807373
-7.838169574737549	-3.308197498321533
-2.0436131954193115	-12.376178741455078
2.28204345703125	-10.596012115478516
0.4418093264102936	-10.615909576416016
-5.053904056549072	1.5457134246826172
-6.8580451011657715	-0.05616637319326401
-10.527597427368164	-11.982479095458984
-0.26622897386550903	0.7132704854011536
-4.690708637237549	-11.183313369750977
-0.44785764813423157	0.8721769452095032
-3.9377827644348145	-3.9872803688049316
4.426422119140625	-4.7950825691223145
0.38577505946159363	-4.622870922088623
0.8382843732833862	-11.994745254516602
-12.516870498657227	-3.8192622661590576
-2.85123872756958	-1.1371901035308838
-4.453331470489502	-15.205747604370117
0.7472268342971802	-5.591775417327881
-7.014749526977539	1.792320728302002
-2.206996440887451	-3.4715535640716553
-11.335892677307129	-5.8064045906066895
-3.8398561477661133	-13.755579948425293
-7.042325496673584	-11.970056533813477
-0.8438811302185059	-2.68674635887146
-9.133430480957031	-10.211701393127441
-1.8115293979644775	-13.471598625183105
-5.4294753074646	-11.724323272705078
-2.4488627910614014	-1.0038131475448608
-4.814881801605225	-12.498991966247559
1.049501895904541	0.5695170760154724
2.2173798084259033	-5.225625038146973
0.29563024640083313	-6.649089336395264
-8.871891975402832	0.04190651327371597
-8.333178520202637	-9.748918533325195
-0.9469187259674072	-0.9497639536857605
0.3600040674209595	-5.312068462371826
-5.620876789093018	-14.83532428741455
-2.9349520206451416	-4.286861896514893
-6.5011372566223145	1.615607738494873
-3.1434645652770996	-11.353944778442383
-11.713406562805176	-6.865714073181152
-1.620692491531372	-3.3045272827148438
-5.556969165802002	-11.79260540008545
-8.114431381225586	-9.183538436889648
-7.256269931793213	-9.31503677368164
1.5219532251358032	-3.625885486602783
-7.476081371307373	-10.587352752685547
2.8912277221679688	-1.210738182067871
-9.45543384552002	-11.04155158996582
-10.487934112548828	-7.965698719024658
-0.6648571491241455	-2.172001838684082
1.6934159994125366	-1.4102526903152466
-9.568753242492676	-0.804149329662323
1.6580791473388672	-7.777665138244629
-3.497174024581909	-0.9081709980964661
-7.517510890960693	-12.164288520812988
-6.1857428550720215	-12.631467819213867
-2.4467883110046387	1.8164767026901245
-7.328645706176758	0.7635346055030823
-0.41920945048332214	-2.844498872756958
-10.929588317871094	-8.166376113891602
-4.269651412963867	-8.995748519897461
-0.34401631355285645	-7.86821985244751
-5.690909385681152	-11.701774597167969
-3.2829856872558594	-11.883642196655273
-13.022366523742676	-2.8090996742248535
-5.034739971160889	-7.400631427764893
-2.825617790222168	-12.123509407043457
-9.270915031433105	-7.4739909172058105
-6.5401692390441895	-12.111287117004395
-1.8858989477157593	0.982546865940094
-9.44467830657959	-3.295624256134033
-6.677126407623291	0.8078146576881409
1.5787137746810913	-4.555656909942627
0.3459610641002655	-2.9266891479492188
-0.8390915393829346	-6.9374470710754395
-9.282416343688965	-5.76713228225708
-2.6962673664093018	-11.257050514221191
-7.018734931945801	-0.7772323489189148
-6.905756950378418	-12.630617141723633
-9.989483833312988	-7.5382466316223145
-0.12916409969329834	-11.980953216552734
-5.539238452911377	-10.3509521484375
-1.6826145648956299	-13.623419761657715
-6.5168890953063965	-10.81093692779541
-1.1766860485076904	1.8820711374282837
-10.472247123718262	-4.6999921798706055
-1.9258054494857788	-10.573596954345703
-8.106216430664062	-14.02850341796875
-4.32192850112915	-13.398210525512695
-8.02408218383789	-1.033873200416565
1.1426666975021362	-10.343548774719238
-4.705117702484131	1.4712715148925781
-6.522961139678955	-0.8405328392982483
-1.7641503810882568	-2.042966604232788
-2.1552321910858154	-12.570365905761719
-5.863587856292725	1.8940316438674927
-2.2101333141326904	-8.759525299072266
-9.58321762084961	-0.7085536122322083
-8.269086837768555	-3.017299175262451
-8.48920726776123	-10.350800514221191
3.9193713665008545	-9.335445404052734
-4.901657581329346	0.026815809309482574
-3.629940986633301	-14.987983703613281
-8.266915321350098	0.45333877205848694
-1.0259214639663696	1.3408170938491821
-1.57418954372406	-1.6680617332458496
-0.3292982876300812	1.4574391841888428
-7.272263050079346	0.7857542634010315
-8.617180824279785	-5.743436813354492
-7.092271327972412	-10.813743591308594
1.3055901527404785	-11.468499183654785
-6.364559173583984	-10.324113845825195
-0.7960203886032104	-13.351625442504883
-10.15677547454834	-10.403755187988281
-2.6829490661621094	-11.610963821411133
-4.256184101104736	-0.31328025460243225
-8.12651538848877	-0.1481979787349701
-9.604077339172363	-5.553941249847412
-1.4796594381332397	-0.4098411500453949
-3.8583836555480957	-0.121194027364254
3.545628309249878	-2.6088714599609375
-3.0815160274505615	-0.5921468138694763
-3.3477699756622314	-1.7188549041748047
-8.673467636108398	-8.136473655700684
0.8320006132125854	-10.63058853149414
-9.7347412109375	-4.364946365356445
-7.974833965301514	-9.28939151763916
-8.82719898223877	-8.243313789367676
-1.6544567346572876	-10.89234733581543
-8.982457160949707	-8.630062103271484
-8.278496742248535	-4.209530353546143
-1.5022857189178467	-2.089597702026367
0.11011654138565063	1.4917595386505127
-1.2770415544509888	-3.6600396633148193
-9.05810832977295	-9.826875686645508
-3.167149543762207	-15.387260437011719
-8.220097541809082	-9.387609481811523
-1.8465656042099	-0.1250702142715454
-4.854468822479248	-9.748108863830566
-2.628746271133423	0.9815948605537415
-1.8885294198989868	-3.6530299186706543
0.14199218153953552	-7.733782768249512
-3.624927043914795	-14.338377952575684
-8.252703666687012	-13.605756759643555
-2.8537979125976562	-11.35502815246582
-5.544270038604736	-12.90224838256836
0.9689891338348389	-2.106506586074829
-7.824126243591309	-9.251697540283203
-0.7297344207763672	-1.110283613204956
-4.698624134063721	-14.14346694946289
-3.825188398361206	-1.8253302574157715
-10.231851577758789	-6.189988613128662
-7.864125728607178	-10.530112266540527
-8.064398765563965	-13.869462013244629
-12.80709457397461	-6.0679168701171875
-9.936031341552734	-4.384706020355225
-10.138951301574707	-11.508421897888184
-0.9683047533035278	-5.939189910888672
-9.897246360778809	-1.1228731870651245
-5.382699489593506	-12.92708969116211
0.9785366058349609	0.7857832312583923
-6.00545072555542	1.856669306755066
-10.937788009643555	0.11707750707864761
-10.41062068939209	-7.418059349060059
-7.416987895965576	-9.305530548095703
-9.447072982788086	-2.820577621459961
-11.347126960754395	-7.789607524871826
-4.7078351974487305	-2.3065688610076904
-2.351010799407959	1.988900065422058
-4.7885050773620605	2.134894847869873
-4.952253818511963	-11.98066520690918
-9.416666984558105	-6.293362140655518
-0.47204533219337463	1.6692605018615723
-1.4846183061599731	-4.439112663269043
-1.3003143072128296	-4.387965202331543
-8.388066291809082	-10.41196060180664
-9.79798412322998	-7.545432090759277
-4.916858196258545	1.6355739831924438
-3.3215184211730957	-11.699953079223633
-10.93645191192627	-6.674922466278076
-9.760016441345215	-2.594939708709717
-9.404597282409668	-2.4451353549957275
-5.43989372253418	-1.4095803499221802
-2.3820338249206543	-0.2272915244102478
-0.6360235214233398	-10.359646797180176
-6.46459436416626	-0.750697910785675
-12.65517807006836	-11.926427841186523
-8.48912239074707	-3.537562847137451
-3.5011448860168457	0.14741244912147522
-1.688057541847229	-0.23504996299743652
-7.361989498138428	-4.001496315002441
-3.8793420791625977	-11.573951721191406
-4.650351047515869	-11.963768005371094
-7.369161128997803	-2.1564114093780518
-0.6047506332397461	-10.869861602783203
-10.323050498962402	-1.0329046249389648
-2.2297933101654053	-12.550762176513672
-5.80740213394165	-0.8487405180931091
0.8712695837020874	-11.884979248046875
-6.046423435211182	-12.081180572509766
-2.6660165786743164	-2.1421515941619873
-4.730726718902588	-5.472616195678711
-0.45429888367652893	1.634932279586792
-6.845009803771973	-10.902289390563965
-2.3496274948120117	-13.400802612304688
-2.2492005825042725	-12.352885246276855
