0.34418609738349915	0.03573834151029587
0.381590873003006	-0.009091071784496307
0.3708357512950897	0.005678005516529083
0.31205490231513977	0.03554949909448624
0.33700740337371826	0.0023819059133529663
0.34275150299072266	0.06774412095546722
0.30068886280059814	9.375065565109253e-05
0.3525189459323883	0.03483482450246811
0.363172322511673	-0.046336494386196136
0.2904396951198578	0.01966976374387741
0.279858261346817	0.017361946403980255
0.3689870536327362	0.00035365670919418335
0.356242835521698	-0.015401072800159454
0.3470733165740967	0.03151092678308487
0.28789007663726807	0.00421585887670517
0.3504209816455841	-0.051241420209407806
0.36445239186286926	-0.015186935663223267
0.34453779458999634	0.0059098973870277405
0.3536674678325653	0.009138219058513641
0.3020264804363251	-0.016512349247932434
0.4269171953201294	-0.061720333993434906
0.4357031285762787	0.08031852543354034
0.30186527967453003	0.04394768923521042
0.31262844800949097	0.023100927472114563
0.3138130009174347	0.020877808332443237
0.35164764523506165	-0.001515991985797882
0.2887198328971863	0.03460158407688141
0.2842720150947571	0.011870518326759338
0.3402051031589508	0.0036635249853134155
0.3490343391895294	-0.00773223489522934
0.36148881912231445	-0.02507156878709793
0.34851279854774475	-0.014961324632167816
0.3352788984775543	0.008053906261920929
0.36750099062919617	-0.021885648369789124
0.32488882541656494	-0.00014096498489379883
0.3183751106262207	0.04249567538499832
0.38108453154563904	-0.06541746109724045
0.29843610525131226	0.0113707035779953
0.39292410016059875	-0.04598969966173172
0.34048640727996826	-0.025645606219768524
0.3333956003189087	-0.007619902491569519
0.41169217228889465	-0.03808062523603439
0.356318861246109	-0.024636492133140564
0.3880421817302704	0.014708131551742554
0.34612634778022766	-0.0017732828855514526
0.36756351590156555	0.06332264095544815
0.3552402853965759	0.0016318336129188538
0.31735721230506897	-0.037714652717113495
0.39966657757759094	-0.07423853129148483
0.42848554253578186	-0.020055867731571198
0.3115931749343872	0.007113948464393616
0.34215250611305237	0.036248065531253815
0.3226386308670044	0.005885817110538483
0.3882819712162018	-0.053684256970882416
0.2776220440864563	0.0177360400557518
0.35977137088775635	-0.0072288066148757935
0.32480865716934204	0.033747754991054535
0.3106857240200043	0.022747687995433807
0.3323765993118286	0.013607464730739594
0.2797526717185974	0.011695586144924164
0.3935813903808594	0.0063261911273002625
0.36439958214759827	-0.02569790929555893
0.35094332695007324	-0.033511750400066376
0.2905181646347046	0.009555533528327942
0.3764028251171112	0.016382932662963867
0.3898778259754181	-0.010143108665943146
0.336391806602478	0.011271893978118896
0.39829105138778687	-0.002316780388355255
0.3125160038471222	0.00404425710439682
0.36884424090385437	-0.031526826322078705
0.3230632543563843	-0.014418795704841614
0.2897607088088989	0.042236559092998505
0.3088846206665039	0.030226856470108032
0.30297714471817017	0.016139835119247437
0.3452995717525482	-0.017824076116085052
0.35772109031677246	-0.011593781411647797
0.36865857243537903	-0.04290129989385605
0.3284960687160492	-0.015365257859230042
0.34143128991127014	-0.014511749148368835
0.4366742670536041	-0.0529976561665535
0.33311063051223755	-0.023109979927539825
0.29234451055526733	0.002949163317680359
0.3220289647579193	-0.01690126210451126
0.3637823462486267	-0.023459292948246002
0.33687886595726013	0.013454131782054901
0.29434970021247864	0.03147310018539429
0.3218541741371155	0.0005992278456687927
0.31694841384887695	-0.04612799733877182
0.33911940455436707	0.04446323961019516
0.355362206697464	0.011490732431411743
0.37077730894088745	-0.0038423389196395874
0.3502035439014435	0.011254891753196716
0.38021695613861084	-0.01159125566482544
0.346967488527298	0.001958698034286499
0.3736499845981598	-0.008125387132167816
0.33102163672447205	0.008323557674884796
0.3407897651195526	0.011247783899307251
0.3134162724018097	0.006169624626636505
0.34849026799201965	0.02823304384946823
0.3000911772251129	0.07665757089853287
0.4054968059062958	-0.06696905940771103
0.3674148917198181	-0.012897640466690063
0.3749772310256958	0.028805501759052277
0.3860110640525818	0.031509362161159515
0.2791081666946411	0.020539171993732452
0.37991440296173096	-0.015418075025081635
0.36687126755714417	-0.05206800252199173
0.3523670732975006	0.01738901436328888
0.40194275975227356	-0.05016975849866867
0.37503787875175476	-0.035704486072063446
0.3464009165763855	-0.03692837804555893
0.3278411626815796	-0.025011010468006134
0.33496323227882385	-0.005937471985816956
0.3494208753108978	0.029262490570545197
0.37486645579338074	0.03211671859025955
0.41214630007743835	-0.014326788485050201
0.34962183237075806	-0.005120523273944855
0.3506210148334503	0.008564688265323639
0.39537379145622253	-0.03144558519124985
0.390921026468277	-0.03726714104413986
0.3796604573726654	-0.03009956330060959
0.32036203145980835	0.012910597026348114
0.35985976457595825	-0.00465606153011322
0.37941253185272217	-0.012862496078014374
0.3212810456752777	0.028267666697502136
0.34161025285720825	0.035168349742889404
0.33349165320396423	-0.020342335104942322
0.3830740749835968	-0.04058708995580673
0.3002278506755829	0.021535977721214294
0.38308462500572205	-0.07636918872594833
0.3383376896381378	-0.017163008451461792
0.41062140464782715	-0.01791168749332428
0.3151218891143799	-0.0028942152857780457
0.3646675944328308	-0.00010730326175689697
0.2966004014015198	0.0650395005941391
0.3356979191303253	-0.01967470347881317
0.38511380553245544	0.03414158523082733
0.3823433816432953	-0.045868776738643646
0.40577632188796997	-0.019332975149154663
0.3522002100944519	-0.010906293988227844
0.3827362656593323	0.03596898168325424
0.36641019582748413	0.006032593548297882
0.31428685784339905	0.005853317677974701
0.3202917277812958	0.013666823506355286
0.36106452345848083	-0.02234310656785965
0.339994877576828	-0.005397498607635498
0.3217134177684784	0.021485932171344757
0.3844340741634369	0.011765934526920319
0.35695233941078186	0.019867613911628723
0.33076074719429016	-0.02427816390991211
0.32718774676322937	0.006192401051521301
0.340445339679718	-0.015589907765388489
0.3313331604003906	-0.0053429678082466125
0.3515259623527527	-0.03936747461557388
0.3732685446739197	-0.012471400201320648
0.41681233048439026	-0.024132639169692993
0.35685795545578003	-0.028410516679286957
0.3505891263484955	-0.021853134036064148
0.36338794231414795	0.0009980127215385437
0.2816305458545685	0.008204720914363861
0.4124482274055481	-0.033685289323329926
0.3657512962818146	-0.031810782849788666
0.2848730683326721	0.0566471703350544
0.3157001733779907	0.03277244418859482
0.3256721496582031	0.03580940514802933
0.343654602766037	-0.003608487546443939
0.38780519366264343	0.033739469945430756
0.3508717715740204	0.02471797913312912
0.30831846594810486	0.008288785815238953
0.34483543038368225	-0.005074165761470795
0.306247353553772	0.009268812835216522
0.3881182372570038	-0.03921372443437576
0.33613964915275574	-0.004735328257083893
0.308763712644577	0.01459280401468277
0.35241055488586426	0.007231175899505615
0.3450333774089813	8.5391104221344e-05
0.3423921465873718	0.004241593182086945
0.3357659578323364	-0.029290027916431427
0.3143381178379059	0.04144119471311569
0.2903082072734833	-0.007275208830833435
0.27789372205734253	0.012421846389770508
0.3799530863761902	0.004008211195468903
0.3681444227695465	-0.01816587895154953
0.3697335124015808	-0.0003585740923881531
0.31913676857948303	0.04204510524868965
0.40309464931488037	-0.03598707169294357
0.35045427083969116	0.03622167557477951
0.3366008996963501	0.03471917659044266
0.3537949025630951	0.0008716285228729248
0.3591345548629761	-0.031077556312084198
0.3470705449581146	-0.01579096168279648
0.4351114332675934	-0.07021477073431015
0.3889656960964203	-0.04362184554338455
0.3485698699951172	-0.03295957297086716
0.39219585061073303	-0.044373832643032074
0.3469019830226898	-0.02301519364118576
0.277608722448349	0.004913993179798126
0.36165061593055725	-0.03083013743162155
0.26158636808395386	0.04574940726161003
0.3761194050312042	-0.047819264233112335
0.31952792406082153	0.012940444052219391
0.32934075593948364	0.01475776731967926
0.30738991498947144	0.06101817637681961
0.39480358362197876	-0.030561648309230804
0.360635906457901	0.011404477059841156
0.2907753884792328	0.019660569727420807
0.3766743838787079	-0.015191622078418732
0.3671327531337738	-0.03271917253732681
0.3600001037120819	0.045343950390815735
0.36997345089912415	-0.01156432181596756
0.3926944136619568	-0.02057277411222458
0.3343539535999298	0.0027127116918563843
0.3161783218383789	0.01841745525598526
0.3937407433986664	-0.06940599530935287
0.3449421226978302	-0.009424187242984772
0.2646467983722687	0.02990952879190445
0.37362509965896606	-0.024982191622257233
0.314474880695343	0.02305852621793747
0.2965012788772583	0.010116495192050934
0.37552326917648315	0.006549857556819916
0.33059167861938477	-0.030300982296466827
0.39196404814720154	-0.02223316580057144
0.3825046718120575	-0.019338227808475494
0.3635440468788147	-0.03275170177221298
0.36443814635276794	0.018916167318820953
0.36692389845848083	-0.006356224417686462
0.380700945854187	0.00979612022638321
0.3787234425544739	-0.008074313402175903
0.3126414120197296	0.03100787103176117
0.3865470290184021	-0.04971691220998764
0.33985286951065063	-0.009112030267715454
0.38371625542640686	-0.0185604989528656
0.2617223560810089	0.04682762548327446
0.3202425241470337	0.004811696708202362
0.26612353324890137	0.040166355669498444
0.35519108176231384	-0.004688329994678497
0.34055763483047485	-0.007410265505313873
0.40532582998275757	-0.028331689536571503
0.3771391808986664	-0.0017273351550102234
0.39698126912117004	0.005508631467819214
0.4083186089992523	-0.04140900820493698
0.3585343360900879	0.019709251821041107
0.29639944434165955	-0.004048481583595276
0.31564128398895264	0.007600702345371246
0.38377538323402405	-0.044310711324214935
0.2567600607872009	-0.0005549713969230652
0.3347811996936798	-0.05931731313467026
0.32741183042526245	0.0008650049567222595
0.3547233045101166	-0.012722812592983246
0.2506709098815918	0.0230429545044899
0.33367177844047546	-0.020480908453464508
0.32972919940948486	0.00454295426607132
0.3610652685165405	-0.055719636380672455
0.33464181423187256	-0.00982685387134552
0.35803717374801636	-0.02013760805130005
0.3407764136791229	0.045041341334581375
0.3420015573501587	0.001323513686656952
0.3243476152420044	0.019408494234085083
0.33023887872695923	0.015493325889110565
0.3458036482334137	0.028636150062084198
0.3674258887767792	-0.02763798087835312
0.3640422523021698	0.05407985672354698
0.34277835488319397	-0.05100380629301071
0.32291433215141296	0.0243869349360466
0.4175480306148529	-0.07132961601018906
0.3502531945705414	0.007167480885982513
0.39533641934394836	-0.0513242706656456
0.31332260370254517	-0.0032751932740211487
0.3040701150894165	0.01379801332950592
0.3615897595882416	0.00865095853805542
0.36173975467681885	0.01662449538707733
0.31832385063171387	-0.011025197803974152
0.35531994700431824	-0.021368034183979034
0.3501656651496887	0.023160748183727264
0.29037949442863464	0.004687458276748657
0.33001455664634705	0.010998688638210297
0.33896857500076294	-0.06742667406797409
0.3161775469779968	0.01055549830198288
0.3716815114021301	0.014614172279834747
0.3848213851451874	-0.0028976574540138245
0.40279731154441833	-0.04727032035589218
0.39150598645210266	-0.04517499357461929
0.3192777633666992	0.017447680234909058
0.34329065680503845	-0.001901194453239441
0.39583060145378113	-0.05473565310239792
0.3629376292228699	-0.010045357048511505
0.3094925582408905	0.050843238830566406
0.31756392121315	-0.0031122416257858276
0.3955880105495453	-0.052753470838069916
0.3578159511089325	0.01391495019197464
0.41171690821647644	-0.02159726619720459
0.3351193368434906	-0.016727030277252197
0.3111713230609894	0.02590969204902649
0.3804413378238678	0.007860548794269562
0.3368935286998749	0.012758277356624603
0.3639707863330841	0.035040102899074554
0.4107230603694916	0.004789978265762329
0.3878667950630188	0.01070065051317215
0.3481689691543579	0.007690355181694031
0.32670164108276367	0.00615401566028595
0.3057446777820587	0.0022391006350517273
0.31943219900131226	0.019997254014015198
0.336721807718277	0.026119649410247803
0.3467833399772644	-0.06016030162572861
0.37988272309303284	-0.0289246067404747
0.327251136302948	-0.0027435123920440674
0.32738223671913147	0.012058675289154053
0.3331822156906128	0.04693583771586418
0.3859345316886902	-0.03445146232843399
0.37106645107269287	-0.037777237594127655
0.42552879452705383	-0.041197843849658966
0.33395981788635254	-0.011267326772212982
0.3509921729564667	0.01243627816438675
0.32023119926452637	0.016997739672660828
0.3021286129951477	0.029301732778549194
0.3894672393798828	0.0024547651410102844
0.3089112639427185	-0.02509867399930954
0.4316585659980774	-0.062286071479320526
0.4047621786594391	0.025511473417282104
0.349075585603714	0.017255932092666626
0.2950855493545532	-0.011494293808937073
0.2946246266365051	0.047276172786951065
0.3039715886116028	0.0017873048782348633
0.4132483899593353	-0.05032683163881302
0.31727537512779236	-0.003854997456073761
0.319803923368454	0.001998312771320343
0.34930509328842163	-0.014624342322349548
0.32873639464378357	0.0005797296762466431
0.35826462507247925	-0.04107899218797684
0.3647611439228058	-0.03454238921403885
0.34557339549064636	0.02540164440870285
0.33803489804267883	-0.006033368408679962
0.3647392988204956	-0.00931829959154129
0.3257627785205841	0.008007317781448364
0.3229884207248688	0.02666979283094406
0.38169777393341064	-0.04884236305952072
0.3083247244358063	-0.007802784442901611
0.3299587368965149	0.004862166941165924
0.35540804266929626	0.005017228424549103
0.33377671241760254	0.0027939453721046448
0.3553968071937561	-0.015483342111110687
0.4108850061893463	-0.044053561985492706
0.3639380633831024	0.02108781784772873
0.2883390486240387	0.017623871564865112
0.38069948554039	-0.0681537315249443
0.31963008642196655	-0.001680806279182434
0.32394570112228394	0.022426776587963104
0.3344810903072357	0.00588197261095047
0.3802734315395355	-0.05903845280408859
0.35841116309165955	-0.04976441711187363
0.34289583563804626	-0.016357913613319397
0.3014039397239685	0.04863514006137848
0.3931889832019806	-0.03871970623731613
0.41329875588417053	-0.05034404247999191
0.3357272744178772	0.015383541584014893
0.3792756497859955	-0.0010232850909233093
0.3491883873939514	0.0037723779678344727
0.3684033453464508	0.03560516983270645
0.28926610946655273	0.03271661698818207
0.3258255422115326	-0.007965140044689178
0.421410471200943	0.02126096934080124
0.34552767872810364	0.015240386128425598
0.3456243872642517	-0.02698367089033127
0.2860742211341858	0.01009465754032135
0.3697654902935028	0.053171925246715546
0.3467578887939453	-0.03809761255979538
0.3139408528804779	-0.008062772452831268
0.3770156502723694	0.026240624487400055
0.32876941561698914	-0.0002376660704612732
0.38081204891204834	-0.015160448849201202
0.397153377532959	-0.01010207086801529
0.42775759100914	-0.03864073008298874
0.319251149892807	0.0037751346826553345
0.36447256803512573	-0.038905851542949677
0.35932719707489014	0.012513034045696259
0.3406004309654236	-0.015876799821853638
0.3912467062473297	-0.043508730828762054
0.3927353620529175	-0.030154205858707428
0.33987370133399963	0.00501658022403717
0.36683717370033264	-0.042527936398983
0.36244046688079834	0.020946554839611053
0.3207976520061493	0.023461036384105682
0.36522141098976135	0.02780381590127945
0.35858994722366333	-0.02966751903295517
0.36167579889297485	-0.03673806041479111
0.3537697494029999	-0.004398472607135773
0.32669761776924133	0.030271925032138824
0.3004288077354431	0.012114904820919037
0.3421931564807892	-0.011728502810001373
0.30372199416160583	0.015761785209178925
0.32930174469947815	0.03279905021190643
0.31438642740249634	0.008416891098022461
0.3462563157081604	-0.03995183855295181
0.3848411738872528	-0.023593232035636902
0.33425408601760864	0.0074167400598526
0.33601081371307373	-0.012794412672519684
0.3248201906681061	0.059734050184488297
0.3105584383010864	-0.06811928004026413
0.3475901484489441	-0.012094825506210327
0.3334941565990448	0.010690920054912567
0.28806230425834656	0.026341602206230164
0.38235965371131897	-0.016559071838855743
0.39280545711517334	-0.032825686037540436
0.3855170011520386	-0.005781300365924835
0.3715499937534332	-0.021589219570159912
0.3389532268047333	-0.013783305883407593
0.38818827271461487	-0.049493543803691864
0.3208756148815155	-0.0017861723899841309
0.33447498083114624	-0.0021641626954078674
0.3387068510055542	0.02497580647468567
0.3573397994041443	-0.044340603053569794
0.313812255859375	0.009265266358852386
0.4123310148715973	-0.014773957431316376
0.2956409752368927	0.0107530876994133
0.29716920852661133	-0.026607833802700043
0.4452421963214874	-0.07493021339178085
0.3668852150440216	-0.05277129262685776
0.36927762627601624	-0.04766424745321274
0.39307475090026855	-0.03557651489973068
0.33300304412841797	-0.010115005075931549
0.3087391257286072	-0.019233666360378265
0.29537642002105713	0.03275486081838608
0.3314684331417084	0.018938370048999786
0.2742479741573334	0.018274717032909393
0.3427251875400543	0.017441533505916595
0.3468659520149231	-0.035164974629879
0.3593917191028595	0.025724567472934723
0.37065258622169495	0.07478947192430496
0.2914460301399231	0.03479240834712982
0.3069058060646057	-0.006729088723659515
0.3994957208633423	-0.016712360084056854
0.31387731432914734	0.016085587441921234
0.3527284264564514	0.007599867880344391
0.3547155261039734	-0.02789735049009323
0.36329540610313416	-0.009645335376262665
0.31004297733306885	0.042387962341308594
0.4157022535800934	-0.06504406780004501
0.3155601918697357	0.011318966746330261
0.39094847440719604	0.04298074543476105
0.3612119257450104	-0.023344136774539948
0.3093366026878357	0.026789501309394836
0.39907753467559814	-0.030349768698215485
0.36267149448394775	-0.020297907292842865
0.3782341182231903	-0.02032236009836197
0.39069828391075134	-0.004993699491024017
0.36179986596107483	-0.014892622828483582
0.31252187490463257	0.006484083831310272
0.2874422073364258	-0.0212850421667099
0.38805344700813293	-0.02396898716688156
0.32610177993774414	0.006158418953418732
0.3453865349292755	0.015638433396816254
0.36616408824920654	0.0016135498881340027
0.3184642195701599	8.597970008850098e-05
0.34031111001968384	-0.022699594497680664
0.36316677927970886	-0.009850405156612396
0.41953209042549133	-0.04201021045446396
0.3636023700237274	-0.07444260269403458
0.400971919298172	-0.02603926509618759
0.38235005736351013	-0.0022411346435546875
0.36833712458610535	-0.05898053199052811
0.4018368422985077	-0.037758179008960724
0.3635033667087555	-0.006989188492298126
0.3062867820262909	0.02923663705587387
0.32764244079589844	-0.006134413182735443
0.2983752191066742	0.039382338523864746
0.35087060928344727	0.007713183760643005
0.331821084022522	0.0074919164180755615
0.34446507692337036	-0.0133657306432724
0.37412717938423157	-0.06726520508527756
0.33989080786705017	-0.018177039921283722
0.33753475546836853	0.017833150923252106
0.33466389775276184	0.013232238590717316
0.3407067656517029	-0.0049530863761901855
0.2776292562484741	0.017223313450813293
0.23910802602767944	0.05124957859516144
0.3585226237773895	-0.006110303103923798
0.34220582246780396	0.019407562911510468
0.33486396074295044	0.007419683039188385
0.3128931522369385	-0.01907428354024887
0.4279981553554535	-0.04901362210512161
0.3614788055419922	-0.003445260226726532
0.3645119369029999	-0.018574349582195282
0.34483975172042847	0.03889836370944977
0.3051071763038635	0.01053716242313385
0.3700063228607178	-0.027213163673877716
0.2946944832801819	-0.003598824143409729
0.3271562457084656	-0.012340866029262543
0.35035666823387146	0.015078872442245483
0.37654009461402893	-0.02310866117477417
0.2691863477230072	0.06382381916046143
0.3627328872680664	-0.03799877315759659
0.34697026014328003	-0.03505019098520279
0.37386593222618103	-0.03034951537847519
0.3456594944000244	0.019029907882213593
0.33542364835739136	-0.006013043224811554
0.32262080907821655	-0.026287727057933807
0.3418603539466858	0.03493113815784454
0.41182833909988403	-0.05347099155187607
0.3936767876148224	0.01947437971830368
0.30854514241218567	-0.0013647675514221191
0.31457778811454773	0.033625341951847076
0.36762717366218567	-0.02543684095144272
0.30045244097709656	0.0445682555437088
0.38482487201690674	-0.02624315768480301
0.4270300567150116	-0.0517631396651268
0.3223448693752289	0.017950311303138733
0.30353018641471863	0.02951439470052719
0.3771685063838959	0.0075874924659729
0.3835632801055908	0.01606493443250656
0.3165244460105896	0.02161221206188202
0.31535887718200684	0.020126283168792725
0.3149166405200958	0.010248929262161255
0.3912760019302368	-0.03029630333185196
0.31322866678237915	0.0034516453742980957
0.3431496322154999	0.0052028074860572815
0.3120872974395752	0.03062787652015686
0.3895084261894226	0.005856640636920929
0.29602494835853577	0.018475964665412903
0.3686181902885437	-0.007726944983005524
0.42707669734954834	-0.04285208135843277
0.3502439558506012	-0.01842992752790451
0.3526201546192169	-0.021951958537101746
0.3260471820831299	-0.003200627863407135
0.32461270689964294	0.0017113015055656433
0.38538578152656555	-0.05548607558012009
0.3131833076477051	0.034713782370090485
0.31309035420417786	0.022522784769535065
0.3954343795776367	-0.012187093496322632
0.2964477837085724	0.0054981037974357605
0.31190791726112366	0.016031794250011444
0.31861063838005066	0.04333578795194626
0.2934635579586029	0.04217856377363205
0.36979177594184875	-0.006651677191257477
0.3396022915840149	-0.01961207389831543
0.4173414409160614	-0.024379469454288483
0.3688661754131317	-0.007255963981151581
0.3667397201061249	-0.03685786575078964
0.3353237807750702	0.016100607812404633
0.4037063419818878	-0.049680791795253754
0.41152265667915344	-0.06494124978780746
0.3336845636367798	0.006922990083694458
0.402071088552475	-0.050649575889110565
0.26071828603744507	0.03916606679558754
0.36994194984436035	0.02351316064596176
0.2874544560909271	-0.0049072131514549255
0.29258450865745544	0.0294756218791008
0.3394610583782196	-0.006557002663612366
0.4049094021320343	-0.02288386970758438
0.378536581993103	-0.020953550934791565
0.3780999481678009	-0.020977146923542023
0.38655591011047363	-0.013228796422481537
0.3103203773498535	0.028481625020503998
0.32822591066360474	-0.0008762925863265991
0.3819248080253601	-0.0034856200218200684
0.3448219895362854	-0.0488036647439003
0.38072457909584045	-0.023904025554656982
0.36577728390693665	-0.006046272814273834
0.3965469300746918	-0.06495612114667892
0.32349079847335815	-0.005813881754875183
0.33463236689567566	-0.030279479920864105
0.35558268427848816	0.017857961356639862
0.32365766167640686	-0.01602143794298172
0.3989536464214325	-0.03534167259931564
0.3038572072982788	0.02377617359161377
0.332444429397583	-0.03933616727590561
0.3545074760913849	0.020381025969982147
0.3858354389667511	-0.06206921488046646
0.37828823924064636	-0.05095278471708298
0.35829344391822815	0.031102873384952545
0.4008392095565796	-0.05339302867650986
0.38237378001213074	-0.017619937658309937
0.34947627782821655	0.015917308628559113
0.27857503294944763	0.04004450514912605
0.33341842889785767	0.02657271921634674
0.3569234311580658	-0.05890125781297684
0.3372664749622345	0.02200385183095932
0.3471107482910156	-0.0034260451793670654
0.41918709874153137	0.012438789010047913
0.34700676798820496	0.006436653435230255
0.3750319182872772	-0.02322062849998474
0.3070586323738098	0.04070223495364189
0.297235906124115	0.012730635702610016
0.27428653836250305	0.041593290865421295
0.30193382501602173	0.002659149467945099
0.3660004436969757	-0.017127200961112976
0.35900065302848816	-0.04166581481695175
0.33021649718284607	0.02996397763490677
0.30292871594429016	0.044575195759534836
0.28711989521980286	0.07848696410655975
0.34924158453941345	-0.0018025264143943787
0.3188875615596771	-0.009846203029155731
0.3931346535682678	-0.039666421711444855
0.33147624135017395	-0.02776198834180832
0.3172355890274048	0.008787386119365692
0.3778025507926941	-0.016714565455913544
0.306193083524704	0.019561029970645905
0.38540804386138916	-0.06295261532068253
0.3842619061470032	-0.05083017796278
0.4097639322280884	-0.023176662623882294
0.31618669629096985	0.030349619686603546
0.3665434420108795	-0.04667382687330246
0.4010331630706787	0.00615604966878891
0.3709137439727783	0.014101676642894745
0.38624894618988037	-0.02594926208257675
0.39489588141441345	-0.07469496876001358
0.43681883811950684	-0.03955509513616562
0.3508329689502716	-0.016446411609649658
0.3260747492313385	0.02614731341600418
0.29854559898376465	-0.023427791893482208
0.3479711413383484	-0.04880885034799576
0.412738174200058	-0.041888974606990814
0.32986071705818176	0.0012898892164230347
0.33183202147483826	-0.004666045308113098
0.36823734641075134	-0.004727520048618317
0.3867068588733673	-0.019897595047950745
0.3249930143356323	0.002936534583568573
0.31087952852249146	0.06599156558513641
0.3608183264732361	0.03228776156902313
0.37545135617256165	-0.032658763229846954
0.31766343116760254	0.02238035947084427
0.32403820753097534	-0.018897242844104767
0.2688440978527069	0.01939377933740616
0.30764999985694885	0.011156044900417328
0.30095168948173523	0.0822191908955574
0.36039623618125916	-0.031842999160289764
0.3452289402484894	0.03561016172170639
0.26926761865615845	0.027285397052764893
0.3823974132537842	-0.02268318086862564
0.41605034470558167	-0.06869522482156754
0.3796211779117584	-0.0056605264544487
0.30447807908058167	0.01929774135351181
0.3542889952659607	0.008881106972694397
0.36932268738746643	-0.03383677452802658
0.30507892370224	0.005903221666812897
0.39878037571907043	0.027453474700450897
0.2942209541797638	0.03332572430372238
0.36324650049209595	0.008210018277168274
0.35215744376182556	-0.02475477010011673
0.32559314370155334	-0.009927086532115936
0.41201338171958923	-0.055024631321430206
0.32458770275115967	-0.006477460265159607
0.32722145318984985	0.039348356425762177
0.34399768710136414	0.003559209406375885
0.34997835755348206	-0.0014059841632843018
0.3651820719242096	0.00021497905254364014
0.3101148307323456	-0.00594688206911087
0.3475199043750763	-0.0017610639333724976
0.3233155906200409	0.010172806680202484
0.3415648341178894	-0.0205523744225502
0.28418979048728943	0.0296989306807518
0.4297650158405304	-0.07928492873907089
0.3420414626598358	0.014436893165111542
0.2863326072692871	0.03352521359920502
0.3717394769191742	0.04380018264055252
0.3517976403236389	-0.00261707603931427
0.4054350256919861	-0.023281939327716827
0.3505091965198517	-0.04697372764348984
0.35588961839675903	-0.02657657116651535
0.35741177201271057	-0.043248213827610016
0.3993837535381317	-0.024549610912799835
0.4021824896335602	0.021596089005470276
0.25691521167755127	0.02260711044073105
0.3542975187301636	-0.04751639813184738
0.40038397908210754	-0.04198487848043442
0.30042576789855957	0.051820967346429825
0.32064908742904663	0.008160300552845001
0.40281325578689575	-0.0017099753022193909
0.3589581251144409	-0.0014910995960235596
0.3340839743614197	0.0460815504193306
0.3118952512741089	-0.002353683114051819
0.3212625980377197	-0.03394997864961624
0.3637562096118927	-0.016539208590984344
0.38737407326698303	-0.048640958964824677
0.31213119626045227	-0.0159786194562912
0.31297701597213745	0.014756716787815094
0.3577117621898651	-0.0020797401666641235
0.4008122682571411	-0.043156422674655914
0.3347099721431732	0.025258831679821014
0.32227009534835815	-0.007356710731983185
0.3267398774623871	-0.005930937826633453
0.3669848144054413	0.02642764151096344
0.34672337770462036	0.012020565569400787
0.28765007853507996	0.048323288559913635
0.30390048027038574	-0.0029116198420524597
0.32335636019706726	0.02083504945039749
0.33316054940223694	0.008511960506439209
0.30628710985183716	0.039771147072315216
0.40344253182411194	-0.051860399544239044
0.3606082797050476	-0.028440602123737335
0.31995946168899536	-0.022552423179149628
0.3076535165309906	-0.007598452270030975
0.3890673518180847	0.008266136050224304
0.3368551731109619	0.033475108444690704
0.3215526044368744	0.044466082006692886
0.3918057978153229	-0.06335250288248062
0.40003839135169983	-0.058335401117801666
0.31952396035194397	0.00847683846950531
0.3718883991241455	-0.044935815036296844
0.40945670008659363	-0.06780552119016647
0.3510136902332306	0.04829340800642967
0.3455697298049927	-0.04515930265188217
0.3014564514160156	0.03791649639606476
0.33547112345695496	0.041658006608486176
0.3351014256477356	-0.008142225444316864
0.3415546715259552	-0.019173890352249146
0.3469044864177704	-0.014864020049571991
0.3655436336994171	0.007689133286476135
0.3852035701274872	-0.05754207819700241
0.34397947788238525	0.012404531240463257
0.36009809374809265	-0.04140370339155197
0.31023168563842773	0.0018096864223480225
0.36511194705963135	-0.0228336900472641
0.3025009334087372	0.01565224677324295
0.3650415241718292	-0.029606051743030548
0.32301443815231323	-0.004763886332511902
0.38527175784111023	-0.03131311386823654
0.32830315828323364	-0.010890506207942963
0.34908729791641235	0.014773726463317871
0.3835655152797699	0.0024925246834754944
0.35108333826065063	0.018721476197242737
0.29354116320610046	0.0032297372817993164
0.3255401849746704	0.00609598308801651
0.32854464650154114	-0.003451816737651825
0.3675903081893921	-0.0053806304931640625
0.3227875232696533	0.022302158176898956
0.3599487245082855	-0.020311415195465088
0.40430280566215515	-0.017485767602920532
0.37190499901771545	-0.015243351459503174
0.3020581305027008	-0.020067207515239716
0.37368151545524597	0.005838446319103241
0.37411946058273315	-0.017249323427677155
0.4064417779445648	-0.0029926225543022156
0.39397937059402466	-0.03307323902845383
0.31457337737083435	-0.041880033910274506
0.38306179642677307	-0.014920122921466827
0.4456753432750702	-0.0756179615855217
0.3903626501560211	0.006389975547790527
0.31318262219429016	0.022372663021087646
0.2954489290714264	-0.00026585906744003296
0.3746778070926666	0.0144268199801445
0.3802572786808014	0.03261958807706833
0.44616469740867615	-0.06963097304105759
0.31140220165252686	-0.013889364898204803
0.3914290964603424	-0.05318828672170639
0.3406808376312256	-0.01977027952671051
0.31447216868400574	0.003709830343723297
0.3003525137901306	0.03170206397771835
0.3668037950992584	0.007788747549057007
0.39405378699302673	-0.07447681576013565
0.3378711938858032	-0.01118209958076477
0.326837420463562	0.009062662720680237
0.3592256009578705	-0.03115490823984146
0.34948796033859253	-0.052475713193416595
0.38003745675086975	0.0031106919050216675
0.3397526443004608	-0.007357046008110046
0.3270592987537384	0.04317367076873779
0.2949164807796478	-0.021914146840572357
0.37650159001350403	-0.08001931756734848
0.33687499165534973	0.004283733665943146
0.3245321214199066	0.02424798160791397
0.4246184527873993	-0.042745910584926605
0.3790290057659149	-0.038048066198825836
0.4100641906261444	-0.019297219812870026
0.3445262014865875	-0.06469803303480148
0.28037649393081665	0.008327983319759369
0.3703681528568268	-0.05802396684885025
0.3709590435028076	-0.04634811729192734
0.3565517067909241	-0.025560669600963593
0.3378123939037323	0.02234334498643875
0.34723010659217834	0.030934885144233704
0.3192383646965027	0.04724050313234329
0.3587345778942108	-0.031038053333759308
0.3597050607204437	0.05045385658740997
0.35149630904197693	-0.016062624752521515
0.25889962911605835	0.09631256759166718
0.36691924929618835	-0.02986108511686325
0.3386251926422119	-0.0026881545782089233
0.3511464297771454	-0.04514782875776291
0.2966507077217102	0.04769935831427574
0.2918930947780609	0.05085892230272293
0.3882748782634735	-0.0038356930017471313
0.24961701035499573	0.03239435702562332
0.43752846121788025	-0.06684381514787674
0.27176016569137573	0.0025815144181251526
0.34872663021087646	0.013619504868984222
0.3586750030517578	-0.01738477498292923
0.36366334557533264	-0.07439102977514267
0.3850648105144501	-0.0344882532954216
0.40848246216773987	-0.041523776948451996
0.3657522201538086	-0.02197105437517166
0.4530310332775116	-0.05792088061571121
0.31874653697013855	0.02045571058988571
0.38707247376441956	-0.03456044942140579
0.3630587160587311	-0.04904633015394211
0.3264828622341156	0.01105634868144989
0.29318326711654663	-0.02248869091272354
0.35761114954948425	-0.051350973546504974
0.3932913541793823	-0.047470711171627045
0.3525454103946686	-0.012264542281627655
0.3262423872947693	0.009316138923168182
0.30144086480140686	-0.02588535100221634
0.33996233344078064	0.05205880105495453
0.3646073639392853	-0.02390250563621521
0.3697353005409241	-0.02770521491765976
0.3718505799770355	0.021366365253925323
0.31407052278518677	0.03645656257867813
0.37961193919181824	0.005656816065311432
0.2825782597064972	0.021048039197921753
0.3944498598575592	-0.017658911645412445
0.40966105461120605	-0.08234655112028122
0.33775100111961365	-0.013847649097442627
0.364143431186676	-0.03284340351819992
0.33726415038108826	0.011212430894374847
0.2945445775985718	0.028056196868419647
0.3522883355617523	-0.00764494389295578
0.30894333124160767	0.040239520370960236
0.44582703709602356	-0.05620891600847244
0.3309503197669983	0.0053428784012794495
0.35739099979400635	-0.021657034754753113
0.2955332100391388	0.03733762353658676
0.3824104964733124	-0.028613530099391937
0.2987818419933319	0.08250808715820312
0.4206749498844147	-0.03522215038537979
0.3383350074291229	0.039923928678035736
0.35369884967803955	0.03802576661109924
0.3712029755115509	0.00758015364408493
0.41337865591049194	-0.029607035219669342
0.3699471056461334	-0.028362266719341278
0.3959164321422577	0.013531394302845001
0.3288271129131317	-0.018753990530967712
0.31546416878700256	-0.005091995000839233
0.3314798176288605	0.02489469200372696
0.36873379349708557	-0.02587268501520157
0.3365373909473419	0.03782752901315689
0.3565509617328644	0.0036903098225593567
0.3538033068180084	0.053912583738565445
0.31919175386428833	0.058313220739364624
0.30253711342811584	0.013442791998386383
0.28244924545288086	0.016110561788082123
0.37987133860588074	-0.02415917068719864
0.35060322284698486	-0.008927293121814728
0.36761027574539185	-0.025315307080745697
0.3604121804237366	-0.0037178024649620056
0.3203604519367218	0.045868657529354095
0.3433675169944763	-0.008602924644947052
0.3927018940448761	-0.07067621499300003
0.39927735924720764	0.0026936307549476624
0.35623565316200256	-0.019678764045238495
0.4028913080692291	-0.002851255238056183
0.3416282832622528	-0.008990071713924408
0.253307580947876	0.051095131784677505
0.37809276580810547	0.0053174421191215515
0.3826024532318115	-0.03333734720945358
0.375540167093277	0.013179317116737366
0.3418117165565491	-0.0043954998254776
0.3748359978199005	0.02033432573080063
0.30711016058921814	0.02098143845796585
0.3414701521396637	0.013979688286781311
0.38921013474464417	0.01343189924955368
0.3505804240703583	-0.043247319757938385
0.4097231924533844	-0.02055990695953369
0.3572635352611542	-0.007147900760173798
0.31754374504089355	-0.014619357883930206
0.35602977871894836	-0.009799405932426453
0.364593505859375	0.0002619996666908264
0.2862228751182556	0.05617680773139
0.39029714465141296	-0.03388834744691849
0.390823632478714	-0.021550722420215607
0.3290630877017975	-0.01226244866847992
0.29150253534317017	0.0497271865606308
0.3614400327205658	-0.04042220860719681
0.4308060109615326	-0.062283955514431
0.38086339831352234	-0.04137050360441208
0.3236403465270996	0.0302203968167305
0.27416470646858215	0.0460837259888649
0.36145222187042236	0.006113514304161072
0.2834904193878174	0.05666077136993408
0.3726820647716522	0.001771196722984314
0.2532788813114166	0.04842526093125343
0.3923906683921814	-0.02127479761838913
0.3266811966896057	0.00144089013338089
0.34983906149864197	0.04478985071182251
0.37732282280921936	-0.00901106745004654
0.331943154335022	-0.015977531671524048
0.34667402505874634	0.043148912489414215
0.42799240350723267	-0.04524371773004532
0.3346300423145294	0.02260778099298477
0.31542906165122986	-0.010831698775291443
0.4015026390552521	-0.03684038668870926
0.43026530742645264	-0.07805097848176956
0.37993183732032776	-0.04968953877687454
0.37277451157569885	-0.06473857909440994
0.39121702313423157	-0.028387002646923065
0.3341884911060333	0.016429446637630463
0.3402927815914154	0.013567544519901276
0.2607671022415161	0.06980326026678085
0.31243640184402466	-0.00292273610830307
0.416738361120224	-0.03188898414373398
0.3621421754360199	-0.025602184236049652
0.25219619274139404	0.03200046718120575
0.3405056893825531	0.012114368379116058
0.350512832403183	-0.06040956825017929
0.3861922323703766	-0.032300449907779694
0.29156461358070374	0.03219177573919296
0.28914281725883484	0.04848536103963852
0.34680813550949097	-0.01802917569875717
0.32006677985191345	-0.022710368037223816
0.309309720993042	0.011074185371398926
0.3317869007587433	-0.009424909949302673
0.35800665616989136	-0.03515883535146713
0.304468035697937	0.001955196261405945
0.3994619846343994	-0.05165845900774002
0.34091174602508545	0.008643649518489838
0.33046144247055054	0.037844590842723846
0.3331332504749298	0.004435405135154724
0.38339149951934814	-0.020569823682308197
0.30637240409851074	0.00724048912525177
0.33490970730781555	0.020882949233055115
0.2667542099952698	0.027494162321090698
0.318229615688324	-0.013789765536785126
0.27012062072753906	0.021455593407154083
0.2973988652229309	0.042078811675310135
0.36539602279663086	-0.008819632232189178
0.25416097044944763	0.03447751700878143
0.30491340160369873	0.035951025784015656
0.29449692368507385	0.003672786056995392
0.38180282711982727	-0.033761344850063324
0.2959435284137726	-0.012375682592391968
0.3713605999946594	-0.014091812074184418
0.39504173398017883	0.005951188504695892
0.2622392773628235	0.0035025402903556824
0.35402554273605347	-0.00039695948362350464
0.3930460512638092	-0.04964324086904526
0.3505600094795227	-0.024301350116729736
0.27812254428863525	0.034847043454647064
0.33425989747047424	0.030070319771766663
0.31303027272224426	-0.0006695687770843506
0.28826233744621277	0.011775746941566467
0.3721562325954437	-0.057191066443920135
0.35120299458503723	0.002384886145591736
0.3824039697647095	-0.009050942957401276
0.34439408779144287	-0.0019330382347106934
0.36531010270118713	-0.0046587735414505005
0.33927080035209656	-0.03703539818525314
0.32782745361328125	-0.004639007151126862
0.28739815950393677	0.01694732904434204
0.2995035946369171	0.03913089632987976
0.3737911880016327	0.03354095667600632
0.3359661400318146	0.01717626303434372
0.3868730664253235	-0.046399615705013275
0.3521159589290619	-0.04278939217329025
0.317343145608902	0.005476176738739014
0.3647356331348419	-0.04008638113737106
0.3720646798610687	0.03072378784418106
0.34334179759025574	-0.011187084019184113
0.3374001979827881	-0.009616963565349579
0.3512289822101593	-0.002452261745929718
0.39156123995780945	-0.040790267288684845
0.33168792724609375	0.06012449041008949
0.2989165782928467	0.013432025909423828
0.3032618463039398	-0.006108202040195465
0.29219889640808105	0.042266398668289185
0.3824176490306854	-0.020722709596157074
0.28771233558654785	0.021447323262691498
0.30480775237083435	0.042988743633031845
0.36924031376838684	-0.014750763773918152
0.3036670386791229	0.013574786484241486
0.38364753127098083	-0.06927850097417831
0.3093811571598053	0.02574460208415985
0.35216060280799866	-0.02187662571668625
0.298796683549881	0.005278870463371277
0.40556976199150085	-0.03540150076150894
0.30833667516708374	0.027060069143772125
0.3530583083629608	-0.006731711328029633
0.3755374848842621	-0.05267418175935745
0.2875644862651825	0.005845911800861359
0.36345699429512024	-0.01260460913181305
0.3574223816394806	-0.01335444301366806
0.38174545764923096	-0.059399060904979706
0.30042561888694763	0.0033931806683540344
0.35549017786979675	-0.022086359560489655
0.39140406250953674	-0.04255915433168411
0.3727370798587799	-0.02549319714307785
0.3018946051597595	-0.0458926185965538
0.40735945105552673	-0.005187243223190308
0.3362208902835846	0.01101682335138321
0.3500592112541199	-0.037567295134067535
0.3762011229991913	-0.05533095449209213
0.3584446907043457	-0.002932243049144745
0.41501742601394653	-0.047234587371349335
0.3200818598270416	-0.0009654387831687927
0.4324377179145813	-0.04048515111207962
0.33793559670448303	0.038599103689193726
0.3577181100845337	-0.03719919174909592
0.32175412774086	0.015249989926815033
0.3030613958835602	0.07171815633773804
0.349139928817749	0.011144928634166718
0.31386661529541016	-0.004422388970851898
0.34674784541130066	-0.012227721512317657
0.29718929529190063	0.04375334084033966
0.38261738419532776	-0.020386487245559692
0.3983132839202881	0.008721128106117249
0.30427131056785583	0.02410382777452469
0.3433191478252411	0.025902651250362396
0.35978251695632935	-0.00828755646944046
0.2721653878688812	0.051813431084156036
0.3515462577342987	0.012705951929092407
0.3513931632041931	-0.002608068287372589
0.34231141209602356	0.006854064762592316
0.37865015864372253	-0.06198062747716904
0.32646647095680237	0.042890116572380066
0.35072585940361023	-0.03300555795431137
0.3421076238155365	-0.015779875218868256
0.31142255663871765	0.014051742851734161
0.37862104177474976	-0.03248351067304611
0.41105446219444275	-0.05218043178319931
0.2889731526374817	0.041684769093990326
0.4031260311603546	-0.027855031192302704
0.30645039677619934	0.011618159711360931
0.35725465416908264	0.00738196074962616
0.3404225707054138	0.009696818888187408
0.3547185957431793	0.06114623695611954
0.3901466727256775	-0.043907709419727325
0.3391149938106537	0.011209674179553986
0.31088072061538696	0.005348086357116699
0.41292837262153625	-0.028648577630519867
0.34378334879875183	0.05856528505682945
0.3560000956058502	-0.04064076393842697
0.39679041504859924	-0.025519080460071564
0.356481671333313	-0.02369137853384018
0.3832382261753082	-0.019468359649181366
0.3350330889225006	0.04325016960501671
0.34445762634277344	-0.051349662244319916
0.35605818033218384	-0.021170303225517273
0.38352635502815247	-0.02131236344575882
0.3007946312427521	0.011340409517288208
0.35009077191352844	-0.013347029685974121
0.33812764286994934	-0.02736402302980423
0.31535837054252625	-0.01456935703754425
0.3554110825061798	-0.04582519084215164
0.33962464332580566	0.01408299058675766
0.35797372460365295	-0.013665683567523956
0.33124932646751404	0.006217688322067261
0.38526949286460876	-0.016305454075336456
0.3399243950843811	-0.02667807787656784
0.3793107569217682	-0.0011718720197677612
0.3244289457798004	-0.0016962364315986633
0.334941029548645	0.014391794800758362
0.31110480427742004	0.024821996688842773
0.3223389685153961	-0.020397447049617767
0.31151333451271057	-0.02925056964159012
0.3489161729812622	0.0076217129826545715
0.37140482664108276	0.040419187396764755
0.33053386211395264	0.028813131153583527
0.34228014945983887	0.02385900169610977
0.24263811111450195	0.014406181871891022
0.40952640771865845	-0.044226743280887604
0.33124610781669617	0.008705779910087585
0.35885345935821533	-0.03108302503824234
0.32766884565353394	0.02132902294397354
0.3616902828216553	-0.07291371375322342
0.38207492232322693	-0.03386203199625015
0.36405274271965027	-0.004632532596588135
0.32787707448005676	-0.0024741142988204956
0.4197402894496918	0.01360129565000534
0.36621448397636414	-0.041380636394023895
0.40493443608283997	-0.03283534198999405
0.3531475365161896	-0.013740822672843933
0.31461745500564575	0.000731833279132843
0.3867679536342621	-0.044252775609493256
0.3392350971698761	-0.004511848092079163
0.3459114134311676	0.000406607985496521
0.4188646376132965	-0.03249209374189377
0.3009904623031616	0.03854190558195114
0.31258252263069153	-0.0035727843642234802
0.3380544185638428	0.010713085532188416
0.30070069432258606	0.002981744706630707
0.35558393597602844	0.011561207473278046
0.32160553336143494	0.028187371790409088
0.30350232124328613	0.06128578633069992
0.345785528421402	-0.02941346913576126
0.34236907958984375	0.020465023815631866
0.33301740884780884	-0.017323128879070282
0.3354251980781555	-0.006718799471855164
0.3990749418735504	-0.034539662301540375
0.314033180475235	0.01711491495370865
0.3959279954433441	-0.040657661855220795
0.32316648960113525	-0.003959856927394867
0.350586473941803	-0.002670988440513611
0.33977875113487244	-0.009350292384624481
0.32594412565231323	-0.001111730933189392
0.38536545634269714	-0.04043925553560257
0.32214733958244324	-0.02408323436975479
0.34524306654930115	0.0628446638584137
0.3446231782436371	0.029192589223384857
0.3810412883758545	-0.022811025381088257
0.36971738934516907	-0.004118278622627258
0.34918442368507385	0.015407219529151917
0.37056586146354675	-0.033201925456523895
0.3579385578632355	-0.05137702077627182
0.3618068993091583	0.025423802435398102
0.3179382383823395	0.0007336065173149109
0.3245961368083954	0.047257956117391586
0.3846703767776489	-0.006880514323711395
0.3747735917568207	-0.002534709870815277
0.35122135281562805	-0.00777522474527359
0.39034876227378845	-0.057042770087718964
0.29793187975883484	0.029940374195575714
0.3058130741119385	0.013711966574192047
0.35273411870002747	-0.008594878017902374
0.34307661652565	0.01988857239484787
0.3876345157623291	-0.008863158524036407
0.29498204588890076	0.026626594364643097
0.3595869243144989	-0.014751024544239044
0.3538530468940735	0.03624489903450012
0.3310713469982147	0.005206450819969177
0.39851629734039307	-0.06292412430047989
0.34523096680641174	0.050585996359586716
0.4076089560985565	-0.04353860765695572
0.35287705063819885	-0.0328860804438591
0.33147263526916504	-0.012165844440460205
0.31704181432724	0.0016812458634376526
0.2775018811225891	0.01973073184490204
0.2934330999851227	0.014412663877010345
0.33836713433265686	-0.016931913793087006
0.3240158259868622	0.046767525374889374
0.3107050359249115	0.005995273590087891
0.2813129425048828	0.029165595769882202
0.287156879901886	0.03431795537471771
0.3094022572040558	0.011853478848934174
0.3794387876987457	-0.034344010055065155
0.38697752356529236	-0.03725550323724747
0.3397606313228607	0.005728147923946381
0.32677948474884033	0.020638056099414825
0.33134400844573975	-0.027706779539585114
0.3250378668308258	0.031161271035671234
0.2942115068435669	0.03812134265899658
0.38112249970436096	-0.0477418377995491
0.32363754510879517	-0.01135435700416565
0.3626868426799774	-0.04163128882646561
0.353292852640152	0.010679759085178375
0.3434044122695923	-0.022991709411144257
0.4054770767688751	-0.042110227048397064
0.36128565669059753	-0.01530148833990097
0.39740970730781555	-0.030251093208789825
0.4072842001914978	-0.023711182177066803
0.29176095128059387	0.012685410678386688
0.43306460976600647	-0.04907112568616867
0.2777230739593506	0.0004013553261756897
0.3624449372291565	-0.001237533986568451
0.339458167552948	-0.000829055905342102
0.35939785838127136	-0.023099079728126526
0.36396852135658264	-0.027838192880153656
0.36172452569007874	0.06064954027533531
0.3173986077308655	0.06212510168552399
0.3422989249229431	0.005740344524383545
0.3461371958255768	0.008654534816741943
0.3059726059436798	0.030496470630168915
0.41825804114341736	-0.03785491734743118
0.33189430832862854	0.01477135717868805
0.3719974756240845	-0.02043469250202179
0.3543301820755005	-0.004875317215919495
0.3333374559879303	-0.038181476294994354
0.3721839189529419	-0.039861612021923065
0.3068256080150604	0.01134469360113144
0.3014184832572937	0.01892455667257309
0.3487689197063446	-0.021763361990451813
0.4108707010746002	-0.06977827101945877
0.45268887281417847	-0.05178224295377731
0.35050639510154724	-0.03531547635793686
0.34369993209838867	0.02634379267692566
0.41431301832199097	-0.004618465900421143
0.3794058859348297	-0.008245959877967834
0.3051150441169739	0.011429235339164734
0.3606429100036621	0.011067457497119904
0.34208881855010986	0.03238169103860855
0.3163728415966034	0.013008303940296173
0.38363924622535706	-0.02580612152814865
0.4073135554790497	-0.07911676913499832
0.32675233483314514	0.004324428737163544
0.35374054312705994	0.013232976198196411
0.29397252202033997	-0.0430602952837944
0.34112101793289185	-0.020960219204425812
0.4403053820133209	-0.046857886016368866
0.3164476752281189	0.022771865129470825
0.32954898476600647	-0.006480313837528229
0.3761245310306549	0.06597071886062622
0.36993327736854553	-0.02201598882675171
0.37677058577537537	-0.019389793276786804
0.30691033601760864	0.03570672124624252
0.3322006165981293	-0.005813233554363251
0.37032178044319153	-0.009610369801521301
0.30273839831352234	0.022013992071151733
0.2554892301559448	0.06817200779914856
0.3694217801094055	0.023578569293022156
0.3696054220199585	-0.01589789241552353
0.3439173698425293	0.038470931351184845
0.3298730254173279	0.010207876563072205
0.36679479479789734	-0.04597141593694687
0.3678646683692932	-0.043619267642498016
0.3332272171974182	0.011125460267066956
0.33733052015304565	-0.009587869048118591
0.36011046171188354	-0.005534477531909943
0.35900774598121643	-0.03306957334280014
0.307523638010025	4.9524009227752686e-05
0.3625706136226654	-0.04612278193235397
0.3586612939834595	-0.003004021942615509
0.30394265055656433	0.002417154610157013
0.32746490836143494	0.019754134118556976
0.30919432640075684	0.022445254027843475
0.26667502522468567	0.06872512400150299
0.4390014410018921	-0.053863443434238434
0.33928975462913513	0.03219553083181381
0.3671777546405792	0.01385556161403656
0.4258107841014862	-0.041338421404361725
0.4133874475955963	-0.012373901903629303
0.3780379295349121	-0.012350685894489288
0.40428605675697327	0.05175943672657013
0.3528047204017639	0.04883556813001633
0.4474433362483978	-0.034062646329402924
0.35778501629829407	0.0020761117339134216
0.3736836612224579	-0.03962001949548721
0.35190024971961975	-0.021197564899921417
0.31160449981689453	0.019304834306240082
0.33021238446235657	-0.005367070436477661
0.3082062304019928	0.012735828757286072
0.36069974303245544	-0.0009025409817695618
0.3551138639450073	-0.01540297269821167
0.30738362669944763	0.04295433685183525
0.3664919137954712	-0.04406221956014633
0.3808247745037079	-0.031575627624988556
0.3953532874584198	-0.046638764441013336
0.37784722447395325	0.03013453632593155
0.3469020426273346	-0.00576995313167572
0.3278158903121948	0.026749618351459503
0.35670992732048035	-0.00528128445148468
0.3790105879306793	-0.03374030441045761
0.3779554069042206	0.000517331063747406
0.30401816964149475	0.03673413395881653
0.29368504881858826	0.029727593064308167
0.2893175482749939	0.03663676977157593
0.3857356905937195	-0.0327020063996315
0.34489911794662476	0.039597734808921814
0.35054633021354675	-0.07816343754529953
0.3311605453491211	0.0540396012365818
0.3778495192527771	-0.026888005435466766
0.34485724568367004	0.029954589903354645
0.3710533678531647	-0.023686610162258148
0.34965479373931885	0.046395957469940186
0.407052606344223	-0.07200264185667038
0.3741045892238617	-0.07026281207799911
0.41941747069358826	0.023985765874385834
0.3619978725910187	-0.0031461194157600403
0.37032225728034973	-0.01311059296131134
0.3917554020881653	-0.04622095078229904
0.41735556721687317	-0.04457881301641464
0.3092263340950012	0.038916390389204025
0.33429452776908875	0.005160823464393616
0.35675370693206787	-0.007183961570262909
0.30532222986221313	0.04084564745426178
0.394657701253891	-0.05817646533250809
0.3714931905269623	-0.05366479605436325
0.3722248375415802	-0.033090703189373016
0.3642684519290924	-0.013189122080802917
0.3153306841850281	-0.023432530462741852
0.3386433720588684	-0.021638192236423492
0.2614530324935913	0.04284268245100975
0.3449293076992035	-0.017655469477176666
0.2849196791648865	0.040317732840776443
0.30907750129699707	0.0063299760222435
0.38690418004989624	-0.00564546138048172
0.3465408980846405	0.016701214015483856
0.34287747740745544	0.025760777294635773
0.33272168040275574	0.012954622507095337
0.3452989459037781	0.041989367455244064
0.32607951760292053	-0.005003117024898529
0.33082830905914307	-0.004234619438648224
0.32392293214797974	0.008977033197879791
0.38158929347991943	-0.06401848047971725
0.372925728559494	0.0002294108271598816
0.3695623278617859	0.039591722190380096
0.38968390226364136	-0.011900372803211212
0.3119523525238037	-0.00960143655538559
0.3583184778690338	-0.0405120775103569
0.34795811772346497	-0.020173706114292145
0.32940444350242615	-0.01824335753917694
0.3721383512020111	-0.04275917261838913
0.3865108788013458	0.02300512045621872
0.3576790690422058	-0.004237696528434753
0.34220293164253235	-0.006610199809074402
0.3494488298892975	-0.022755682468414307
0.3785715401172638	-0.00670865923166275
0.3793334364891052	-0.044653527438640594
0.34263232350349426	0.011878527700901031
0.32789346575737	-0.017080850899219513
0.33097898960113525	0.004487879574298859
0.36484047770500183	-0.06639308482408524
0.3970361649990082	-0.03887022286653519
0.3345179259777069	-0.009832985699176788
0.2568674385547638	0.013947077095508575
0.34418049454689026	0.016658365726470947
0.3634147644042969	-0.010550059378147125
0.34014183282852173	-0.006797201931476593
0.3482300043106079	-0.0036203786730766296
0.36705198884010315	-0.02762489765882492
0.3553295433521271	0.00827508419752121
0.37637877464294434	-0.026643984019756317
0.33416250348091125	0.012245289981365204
0.31479522585868835	0.039433129131793976
0.32469791173934937	0.02117025852203369
0.3220694661140442	0.014826186001300812
0.28633955121040344	-0.019240908324718475
0.3917149603366852	-0.005981415510177612
0.3278762102127075	-0.012580424547195435
0.3746944069862366	-0.03788163512945175
0.3251558244228363	0.05628465116024017
0.3385006785392761	0.013120360672473907
0.3033809959888458	0.048687003552913666
0.30482733249664307	-0.012375280261039734
0.36186689138412476	-0.06373903900384903
0.3868993818759918	0.05279127135872841
0.3329571783542633	0.015928037464618683
0.36658212542533875	0.0031139180064201355
0.3309277296066284	-0.06326108425855637
0.3380112946033478	0.024096816778182983
0.34648001194000244	-0.01695631444454193
0.3026469945907593	0.0212630033493042
0.3491605222225189	0.05215456336736679
0.4090900421142578	-0.040865860879421234
0.36183324456214905	-0.022047199308872223
0.32574528455734253	0.021736785769462585
0.3466564118862152	0.014656908810138702
0.3275449275970459	0.023314617574214935
0.3594878613948822	-0.009839333593845367
0.38911721110343933	-0.03416707366704941
0.37878409028053284	-0.09758224338293076
0.3848395347595215	-0.0021599233150482178
0.3739834129810333	0.0016635805368423462
0.3476569950580597	-0.025163494050502777
0.33146175742149353	-0.004228577017784119
0.3944980800151825	-0.05964197963476181
0.29114481806755066	0.021711833775043488
0.42821040749549866	-0.049113355576992035
0.3116413354873657	0.019532054662704468
0.2716052532196045	0.035721249878406525
0.28701919317245483	0.03193102777004242
0.4046684801578522	-0.04771970957517624
0.3211820721626282	-0.004480928182601929
0.3108784854412079	0.01652587205171585
0.3784206211566925	-0.0202086940407753
0.32102909684181213	-0.0014821887016296387
0.30802640318870544	0.023537129163742065
0.3134234845638275	-0.009994938969612122
0.3855551481246948	0.03920379653573036
0.3466107249259949	-0.008492179214954376
0.3253447413444519	-0.006089054048061371
0.30774906277656555	0.026507027447223663
0.3865430951118469	0.003084130585193634
0.3584181070327759	-0.0329752042889595
0.31722283363342285	-0.01023680716753006
0.3719545006752014	-0.024719901382923126
0.36966922879219055	-0.025707803666591644
0.40343543887138367	-0.04878511279821396
0.4342179000377655	-0.018529623746871948
0.3806476294994354	0.0676598772406578
0.34591200947761536	-0.02554171532392502
0.37904268503189087	-0.036925308406353
0.297572523355484	0.023216329514980316
0.377542644739151	0.005323059856891632
0.3445373475551605	0.016086511313915253
0.36560121178627014	-0.020149968564510345
0.3502867519855499	-0.0026868507266044617
0.36403557658195496	-0.032351382076740265
0.3451983332633972	-0.011466287076473236
0.3217546045780182	0.0164543017745018
0.3507111966609955	-0.04011213034391403
0.38015738129615784	-0.07213502377271652
0.34536242485046387	0.008030861616134644
0.3510429263114929	-0.04461326450109482
0.39605867862701416	-0.020011626183986664
0.3731505572795868	-0.00018092989921569824
0.4302450120449066	-0.05080416053533554
0.34250715374946594	-0.0013462156057357788
0.38086560368537903	-0.04583358019590378
0.40270161628723145	-0.0015305355191230774
0.32804620265960693	0.009179845452308655
0.3023037314414978	0.019524194300174713
0.2192220687866211	0.07120209187269211
0.28927645087242126	-0.003980867564678192
0.34724557399749756	0.022409245371818542
0.35693398118019104	-0.010907918214797974
0.34790360927581787	-0.027811460196971893
0.3986210525035858	-0.06480827182531357
0.34022459387779236	-7.238984107971191e-05
0.4048956334590912	0.021568842232227325
0.3147099018096924	-0.018827423453330994
0.35299813747406006	0.009734071791172028
0.3947283923625946	-0.06230985373258591
0.396943062543869	-0.04179248958826065
0.39026913046836853	-0.046274177730083466
0.35633453726768494	-0.03095204383134842
0.2850181758403778	0.023597821593284607
0.35777315497398376	-0.025604449212551117
0.3216540515422821	0.020231686532497406
0.36466923356056213	-0.01940513402223587
0.3069641888141632	0.014697439968585968
0.32854533195495605	-0.015059471130371094
0.305122435092926	-0.008339859545230865
0.4102139472961426	0.0617532879114151
0.3036765456199646	0.01461031287908554
0.38253363966941833	-0.00941610336303711
0.37775495648384094	-0.02471553534269333
0.3786785900592804	0.015954479575157166
0.34539711475372314	0.0005994215607643127
0.3523895740509033	0.001526378095149994
0.32376083731651306	-0.009891591966152191
0.3724501430988312	0.012524165213108063
0.3371821939945221	-0.00556548684835434
0.35495075583457947	0.034002117812633514
0.35597312450408936	0.01661498099565506
0.30863210558891296	0.0445321649312973
0.36652275919914246	0.049042485654354095
0.35826706886291504	0.006198257207870483
0.3708098232746124	-0.006049931049346924
0.2871030867099762	-0.010592974722385406
0.24069994688034058	0.03462044894695282
0.30279892683029175	0.00950736552476883
0.29307401180267334	0.012317143380641937
0.4041628837585449	-0.05778250843286514
0.31944775581359863	-0.013138622045516968
0.29200220108032227	-0.0012107118964195251
0.35305607318878174	-0.04072492569684982
0.4075950086116791	-0.06378059834241867
0.36052125692367554	-0.04551853984594345
0.40248438715934753	-0.05043055862188339
0.32350561022758484	-0.021971173584461212
0.2820471227169037	0.035522572696208954
0.3165561854839325	-0.014603763818740845
0.3642686903476715	-0.035184018313884735
0.3862951099872589	-0.04296533018350601
0.3261820375919342	-0.00019403547048568726
0.332382470369339	-0.01755479723215103
0.38425013422966003	-0.006203606724739075
0.336819589138031	-0.00980927050113678
0.3166242837905884	0.0032880157232284546
0.4064364731311798	0.014868758618831635
0.3687230944633484	0.01824590563774109
0.35528430342674255	0.004343301057815552
0.3500410318374634	-0.013732470571994781
0.40268459916114807	-0.04530199617147446
0.35409632325172424	-0.0024302825331687927
0.34121137857437134	-0.008002981543540955
0.3260842263698578	0.019006557762622833
0.301263689994812	0.05117163807153702
0.35495948791503906	0.00927773118019104
0.3339681029319763	0.0017590448260307312
0.3919690251350403	0.008379705250263214
0.4110700786113739	-0.02119120955467224
0.34710922837257385	-0.007860638201236725
0.3521009683609009	0.038700006902217865
0.34661665558815	-0.031853727996349335
0.362213134765625	-0.014146588742733002
0.34137511253356934	-0.029481224715709686
0.36931684613227844	-0.0016714408993721008
0.377179890871048	0.013830184936523438
0.3346586525440216	-0.026318632066249847
0.3489701747894287	-0.0306679829955101
0.3502763509750366	-0.02330929785966873
0.3332432210445404	-0.01486390084028244
0.3276083469390869	0.002663247287273407
0.30721956491470337	0.008250005543231964
0.36931896209716797	-0.029792122542858124
0.3441949784755707	0.005814351141452789
0.36693912744522095	-0.01732187718153
0.3227817118167877	-0.0040806010365486145
0.29047805070877075	0.013571403920650482
0.3562864363193512	-0.009827293455600739
0.3568270802497864	-0.01593073457479477
0.33377325534820557	0.0197928324341774
0.36930912733078003	-0.04028039425611496
0.2844136953353882	0.03855720907449722
0.33154919743537903	0.010995984077453613
0.378857284784317	-0.0240231454372406
0.3409440517425537	0.00017631053924560547
0.29193028807640076	0.0422857403755188
0.2939215898513794	0.054189909249544144
0.3799458146095276	-0.029916994273662567
0.39134857058525085	-0.018574699759483337
0.340932697057724	-0.004512131214141846
0.3408796489238739	0.07170052826404572
0.34931671619415283	0.005962669849395752
0.33012548089027405	-0.025590576231479645
0.3644507825374603	-0.03364013880491257
0.40197432041168213	-0.07813812047243118
0.3344285190105438	0.008008986711502075
0.41853803396224976	-0.02149031311273575
0.3296678960323334	-0.006462089717388153
0.34544649720191956	-0.02333587408065796
0.3556322753429413	0.004010550677776337
0.38435813784599304	-0.02645476907491684
0.35023900866508484	-0.027435652911663055
0.2656210660934448	0.03552931547164917
0.35102730989456177	-0.0005135312676429749
0.3820907175540924	-0.009933464229106903
0.3254324197769165	-0.01888209581375122
0.3110617697238922	0.026980198919773102
0.33903494477272034	-0.017867863178253174
0.3420177400112152	-0.01708696037530899
0.36951953172683716	-0.04301714152097702
0.3348078429698944	-0.02794552594423294
0.3810170590877533	0.0034784749150276184
0.33959001302719116	0.02753879874944687
0.4187816083431244	-0.0479426309466362
0.36556679010391235	-0.019255854189395905
0.37801626324653625	-0.034132249653339386
0.39147108793258667	-0.028302989900112152
0.3021618127822876	0.008657298982143402
0.35147684812545776	-0.006186343729496002
0.35685691237449646	0.013458214700222015
0.3770098388195038	-0.002770066261291504
0.3405519127845764	0.02868739515542984
0.3256392180919647	0.010125689208507538
0.4391118288040161	-0.06569764763116837
0.32332220673561096	-0.013003110885620117
0.371277391910553	-0.06113097816705704
0.34045132994651794	0.03339006006717682
0.33423757553100586	0.019666612148284912
0.44890573620796204	-0.060924045741558075
0.3805283010005951	-0.020938299596309662
0.28667891025543213	0.050537049770355225
0.2833682596683502	0.022577911615371704
0.3200420141220093	0.041250258684158325
0.3118438422679901	-0.02573098987340927
0.3764886260032654	-0.08351697772741318
0.31896933913230896	0.02067454904317856
0.35208800435066223	-0.008606038987636566
0.35366156697273254	0.027265116572380066
0.30909767746925354	0.00602017343044281
0.3448682725429535	-0.0031887292861938477
0.3542383313179016	-0.00798400491476059
0.34809544682502747	-0.0423739030957222
0.36368411779403687	-0.030200831592082977
0.3251163363456726	-0.011367760598659515
0.37425562739372253	-0.005304165184497833
0.35701116919517517	0.016084864735603333
0.3895464241504669	-0.04514879733324051
0.31216704845428467	0.028135262429714203
0.40091782808303833	-0.020355738699436188
0.3868227005004883	0.0019846782088279724
0.3530251383781433	0.005292728543281555
0.32379865646362305	0.0195411816239357
0.36682823300361633	0.07128873467445374
0.3184435963630676	0.009131133556365967
0.3620927631855011	0.005128964781761169
0.35432198643684387	0.02818187326192856
0.32136070728302	0.06767091155052185
0.31021571159362793	0.004275515675544739
0.34711748361587524	-0.02272314578294754
0.3729058802127838	-0.06592059880495071
0.32783040404319763	-0.006402008235454559
0.3436378240585327	0.03267591446638107
0.3488255739212036	0.0029293298721313477
0.3107271194458008	0.023341774940490723
0.3103605806827545	0.01479380577802658
0.37287965416908264	-0.01656021922826767
0.3213122487068176	-0.009154878556728363
0.3079477846622467	0.01260017603635788
0.3381712734699249	0.01316177099943161
0.3904428780078888	-0.04640202969312668
0.3698752820491791	-0.024904660880565643
0.40999504923820496	-0.03067948669195175
0.3941395878791809	0.011252343654632568
0.34097638726234436	-0.011539347469806671
0.37210896611213684	-0.02798781543970108
0.31314876675605774	0.018554814159870148
0.3722962737083435	-0.03919342905282974
0.35759225487709045	0.010012194514274597
0.3293946385383606	-0.008487209677696228
0.3122992217540741	0.0018598511815071106
0.3558809459209442	0.020873509347438812
0.272982656955719	-0.004993714392185211
0.3711603879928589	-0.0004889741539955139
0.3439573645591736	0.016965992748737335
0.3626796007156372	0.02736031264066696
0.28661561012268066	0.04751822352409363
0.2870464026927948	0.029082559049129486
0.33653193712234497	0.01722276210784912
0.346003919839859	-0.012157566845417023
0.3646259903907776	-0.03013201802968979
0.41052767634391785	-0.03264883905649185
0.3612701892852783	-0.013150788843631744
0.3641970455646515	0.03420928865671158
0.37842699885368347	-0.009541846811771393
0.3886374831199646	-0.030737124383449554
0.37975868582725525	-0.023588605225086212
0.3585052490234375	-0.014606960117816925
0.28171506524086	0.05849411338567734
0.38246551156044006	-0.04853888601064682
0.3600045144557953	-0.010100007057189941
0.33252012729644775	-0.011205613613128662
0.36413851380348206	-0.03105757385492325
0.38814759254455566	-0.08173569291830063
0.34321027994155884	-0.01573280245065689
0.31371739506721497	0.028340324759483337
0.3270617425441742	-0.013837285339832306
0.34055355191230774	-0.010984830558300018
0.3276368975639343	0.029520094394683838
0.4123917818069458	-0.06705332547426224
0.3569394648075104	-0.025823436677455902
0.3169950246810913	0.0023315250873565674
0.38945087790489197	0.005515441298484802
0.3793923556804657	-0.04574849456548691
0.3324744701385498	0.00013203173875808716
0.29036855697631836	-0.017952635884284973
0.30798178911209106	0.011353284120559692
0.3266180455684662	-0.020933859050273895
0.3283383846282959	-0.03762901574373245
0.3758303225040436	-0.0030315667390823364
0.41973185539245605	-0.042536281049251556
0.30939361453056335	0.019730210304260254
0.35634347796440125	-0.042949236929416656
0.38987186551094055	0.03895879536867142
0.30238279700279236	0.011766918003559113
0.31775712966918945	0.002151377499103546
0.35790541768074036	-0.00906062126159668
0.40102630853652954	-0.012835755944252014
0.38395845890045166	-0.02966073900461197
0.3280419707298279	0.0064116790890693665
0.3308734595775604	0.0813770741224289
0.3704794943332672	-0.016437791287899017
0.35072723031044006	0.03405770659446716
0.38207703828811646	0.08929493278265
0.36431923508644104	-0.07345955818891525
0.34737125039100647	-0.01766064018011093
0.40671470761299133	-0.024351738393306732
0.3727380037307739	0.00409979373216629
0.3233025372028351	0.008612819015979767
0.3684409558773041	0.010457895696163177
0.36425307393074036	0.0020847320556640625
0.3094610273838043	0.00981246680021286
0.3348905146121979	-0.042040400207042694
0.30982404947280884	0.025487594306468964
0.2814391851425171	0.018110498785972595
0.36059460043907166	-0.03680052608251572
0.3912709653377533	-0.018571242690086365
0.3650587797164917	-0.01201651245355606
0.331167995929718	0.04031848907470703
0.36158105731010437	-0.029742158949375153
0.34891021251678467	0.00041519850492477417
0.36404862999916077	-0.013775303959846497
0.34395164251327515	0.04375641793012619
0.4391195476055145	-0.059905461966991425
0.3386251628398895	0.01211433857679367
0.3203957676887512	0.00906023383140564
0.35581454634666443	-0.02504228800535202
0.3444175720214844	0.03308270871639252
0.3827402889728546	-0.02692461758852005
0.35680508613586426	0.004907451570034027
0.3670986592769623	-0.03316871076822281
0.319089412689209	0.027367517352104187
0.32395267486572266	0.02276051789522171
0.3630478084087372	0.0323152020573616
0.3968053162097931	0.0050778016448020935
0.3742123544216156	-0.03220083564519882
0.39726120233535767	-0.07892566174268723
0.3854224681854248	-0.038123778998851776
0.3029676675796509	0.002367347478866577
0.3538452088832855	-0.007924064993858337
0.37972167134284973	-0.06624748557806015
0.30928438901901245	-0.018739044666290283
0.32115668058395386	-0.0041297972202301025
0.3880375921726227	-0.01250746101140976
0.3260519206523895	0.05219751596450806
0.3762727379798889	-0.04156378656625748
0.41649508476257324	-0.05766057223081589
0.3568314015865326	-0.02699749916791916
0.3281904458999634	0.014086462557315826
0.340314656496048	-0.023053862154483795
0.33329880237579346	-0.003944911062717438
0.3233053982257843	-0.015847764909267426
0.3325497806072235	-0.01515747606754303
0.41792869567871094	-0.045510433614254
0.3849272131919861	0.06497657299041748
0.3361808657646179	-0.00592745840549469
0.38364699482917786	-0.0005605593323707581
0.3292626142501831	0.00905340164899826
0.3969000279903412	-0.04066156595945358
0.3361367881298065	0.010003477334976196
0.3237408399581909	-0.0064058080315589905
0.3515947759151459	-0.0010389834642410278
0.3611355125904083	-0.013576842844486237
0.3510020971298218	0.005232952535152435
0.2723339796066284	0.049534622579813004
0.3303980231285095	0.008195601403713226
0.34634461998939514	0.0008821338415145874
0.33068549633026123	0.0047916993498802185
0.3600378930568695	0.003041766583919525
0.3261869549751282	0.0147847980260849
0.3577408194541931	-0.010436542332172394
0.38005468249320984	-0.045949019491672516
0.4114575684070587	-0.039356254041194916
0.35292068123817444	-0.08905395120382309
0.32631173729896545	0.0029879510402679443
0.3243526816368103	0.04866776615381241
0.32743391394615173	0.040698565542697906
0.37946024537086487	-0.007846929132938385
0.3091689646244049	0.030533842742443085
0.3904789984226227	0.019448988139629364
0.36358609795570374	-0.02084161341190338
0.4048771262168884	-0.04601835459470749
0.3176614046096802	0.01026441901922226
0.3551507890224457	-0.02488723397254944
0.35322779417037964	-0.0037489309906959534
0.35943618416786194	-0.017357580363750458
0.35365697741508484	-0.017354346811771393
0.3809530436992645	-0.04584357887506485
0.3176267147064209	0.02371721714735031
0.38347914814949036	-0.027839235961437225
0.3981945514678955	-0.03900185972452164
0.38392969965934753	-0.004401244223117828
0.3796194791793823	-0.04895036667585373
0.36011555790901184	-0.029060639441013336
0.3907943665981293	-0.013171091675758362
0.29847806692123413	0.02869846671819687
0.3749278485774994	0.052384454756975174
0.3595723807811737	0.010694906115531921
0.33023399114608765	-0.029693342745304108
0.4009828269481659	-0.05988449603319168
0.2960091829299927	-0.02005031704902649
0.3509458601474762	0.021479427814483643
0.297391414642334	0.029706746339797974
0.3191342055797577	0.003070130944252014
0.3636936843395233	-0.06877396255731583
0.33581289649009705	-0.018916673958301544
0.3386272192001343	0.016396746039390564
0.35255905985832214	0.012457989156246185
0.36883172392845154	-0.021101154386997223
0.34536251425743103	-0.023850254714488983
0.3117839992046356	0.006044246256351471
0.375559002161026	-0.008119828999042511
0.38535308837890625	-0.015288092195987701
0.339292049407959	0.025307796895503998
0.33995404839515686	-0.017984457314014435
0.3144819736480713	0.0104517862200737
0.35233253240585327	0.03150411695241928
0.35365474224090576	0.005591399967670441
0.30104681849479675	0.003750748932361603
0.36061760783195496	0.020857051014900208
0.3761718273162842	-0.009869836270809174
0.4085116684436798	-0.07485153526067734
0.4385826289653778	-0.06101860851049423
0.34591519832611084	-0.05644453316926956
0.2918432950973511	0.003397434949874878
0.3443357050418854	-0.006947070360183716
0.37609657645225525	-0.005601860582828522
0.32789355516433716	0.013300493359565735
0.2913963198661804	0.047541361302137375
0.39537790417671204	-0.007089190185070038
0.3223423957824707	0.0029967427253723145
0.3666965067386627	-0.027258388698101044
0.31241321563720703	-0.015920311212539673
0.35817012190818787	0.037651512771844864
0.3502880334854126	-0.013377957046031952
0.32427093386650085	-0.05084622651338577
0.3242255747318268	0.014208190143108368
0.3355743885040283	0.045050520449876785
0.2647472620010376	0.06859001517295837
0.34436172246932983	0.013017162680625916
0.34467270970344543	-0.038919322192668915
0.348497599363327	0.024823270738124847
0.3832118511199951	-0.017887167632579803
0.321842759847641	-0.00047666579484939575
0.36213919520378113	-0.04340853542089462
0.3347620666027069	-0.0035675540566444397
0.2750990092754364	0.012570291757583618
0.36510905623435974	-0.02795698493719101
0.3221738040447235	0.005858488380908966
0.307566374540329	0.005311526358127594
0.2771485149860382	0.036847397685050964
0.37678590416908264	-0.016488753259181976
0.40433162450790405	-0.04933749884366989
0.40813741087913513	-0.02990918606519699
0.41160956025123596	-0.05850469321012497
0.37349528074264526	-0.013099625706672668
0.3183366358280182	-0.0016397461295127869
0.4068116247653961	-0.030559085309505463
0.38377466797828674	-0.003415726125240326
0.4382004737854004	-0.07669415324926376
0.3192766010761261	-0.004718989133834839
0.2896765470504761	0.03701411932706833
0.3066117763519287	0.021039776504039764
0.3164617419242859	-0.016862496733665466
0.4019841253757477	-0.026417993009090424
0.2768707871437073	0.07855108380317688
0.3691369593143463	-0.015367180109024048
0.36149030923843384	-0.01799890398979187
0.3270823359489441	-0.015388600528240204
0.3669062554836273	-0.054619692265987396
0.29839810729026794	0.02020220458507538
0.342580109834671	0.009202390909194946
0.3639516830444336	-0.043399907648563385
0.3920880854129791	-0.04707997292280197
0.2987906336784363	0.04531450197100639
0.3666099011898041	0.009898856282234192
0.2983340322971344	0.009849876165390015
0.3970079720020294	-0.037097953259944916
0.3739617168903351	-0.015253767371177673
0.27924180030822754	0.04586126655340195
0.33491000533103943	0.005988352000713348
0.31911566853523254	0.02638200670480728
0.3045184314250946	0.0038994476199150085
0.3977922201156616	-0.039841167628765106
0.29954537749290466	0.008722305297851562
0.35586002469062805	-0.017772994935512543
0.3367641568183899	0.013559319078922272
0.37247058749198914	-0.021652832627296448
0.3673744201660156	-0.036208175122737885
0.33013859391212463	0.0042574405670166016
0.4073237478733063	-0.0021839961409568787
0.38619208335876465	0.0070173293352127075
0.3457007110118866	-0.0010842010378837585
0.3449742794036865	-0.009677857160568237
0.35240498185157776	-0.06365219503641129
0.2691379189491272	0.060424141585826874
0.3967995345592499	-0.02927803248167038
0.32654163241386414	0.004661299288272858
0.3296626806259155	-0.009380273520946503
0.35503482818603516	0.07424560189247131
0.4096197187900543	-0.03265362232923508
0.3666599988937378	0.0015806332230567932
0.37793806195259094	-0.00950884073972702
0.41578271985054016	-0.051407791674137115
0.329669713973999	-0.011949434876441956
0.3633366525173187	-0.0070320963859558105
0.3131919205188751	0.03336627781391144
0.35627037286758423	-0.0401143804192543
0.30780109763145447	0.027076371014118195
0.28073742985725403	0.02335342764854431
0.3039809763431549	0.005602389574050903
0.34832796454429626	-0.0032292231917381287
0.3173743784427643	0.006789565086364746
0.35755887627601624	-0.018040485680103302
0.334367960691452	-0.0018345192074775696
0.2556957006454468	0.07075808197259903
0.2786244750022888	0.02283482998609543
0.39450976252555847	-0.03505208343267441
0.3683350086212158	-0.035013459622859955
0.38060349225997925	-0.011977292597293854
0.3853832185268402	-0.052186720073223114
0.3673698604106903	-0.007908917963504791
0.3765278160572052	-0.024740546941757202
0.3418923616409302	-0.032720617949962616
0.32791003584861755	0.008897669613361359
0.38074547052383423	-0.0436277911067009
0.2989296317100525	-0.027211152017116547
0.2940636873245239	0.0001391768455505371
0.3644251823425293	-0.036935947835445404
0.39207252860069275	-0.06453784555196762
0.3912413716316223	0.007248245179653168
0.35180002450942993	0.021723531186580658
0.360249787569046	-0.008306555449962616
0.296297162771225	-0.0028957724571228027
0.35955893993377686	-0.030957229435443878
0.31128576397895813	0.010738305747509003
0.3714739978313446	-0.011770792305469513
0.34941649436950684	-0.0184587761759758
0.3105926811695099	0.019780553877353668
0.32542723417282104	-0.009057983756065369
0.2906780540943146	-0.018628574907779694
0.37827515602111816	-0.0018345639109611511
0.3363431990146637	-0.00038448721170425415
0.3362328112125397	3.724545240402222e-05
0.40645894408226013	-0.09709341078996658
0.37957510352134705	-0.04607982188463211
0.33496522903442383	0.03734935075044632
0.3502747118473053	0.002669617533683777
0.32494887709617615	0.044452618807554245
0.30363306403160095	0.03223668783903122
0.3724614679813385	-0.013064220547676086
0.4015853703022003	-0.04563894122838974
0.28009846806526184	0.04481794685125351
0.32068300247192383	-0.020936861634254456
0.36278340220451355	-0.03116431087255478
0.3831585943698883	-0.017200924456119537
0.37208107113838196	-0.012419767677783966
0.3270513415336609	0.05864490196108818
0.35128340125083923	0.025576844811439514
0.36321794986724854	-0.03026791661977768
0.41665375232696533	-0.036648593842983246
0.3157101571559906	-0.014990240335464478
0.33490991592407227	0.0032373443245887756
0.3894723653793335	0.016565240919589996
0.3737877905368805	-0.009955570101737976
0.2912696897983551	0.053176432847976685
0.332271009683609	0.008472166955471039
0.3775879144668579	-0.05357048660516739
0.3787832260131836	-0.022870302200317383
0.3869718611240387	-0.032865531742572784
0.35746800899505615	0.015049315989017487
0.33922532200813293	0.043416578322649
0.30888447165489197	0.03579647094011307
0.41145965456962585	-0.023474767804145813
0.3581154942512512	0.029361091554164886
0.37652477622032166	-0.03566654771566391
0.37428197264671326	-0.009127408266067505
0.3336016535758972	0.02071632444858551
0.33266302943229675	0.048439860343933105
0.3406449854373932	-0.004238627851009369
0.4178681969642639	-0.10322900861501694
0.3724561035633087	-0.017684541642665863
0.32954084873199463	-0.031798847019672394
0.33602726459503174	-0.00687059760093689
0.3353425860404968	0.05486850440502167
0.36183974146842957	-0.038011305034160614
0.35694774985313416	-0.04994570463895798
0.3607311546802521	0.003999389708042145
0.34702494740486145	-0.017485015094280243
0.3141610622406006	0.011249110102653503
0.3948253095149994	-0.02870551496744156
0.41003063321113586	-0.016776040196418762
0.3677806854248047	-0.018757857382297516
0.3055301308631897	-0.0080290287733078
0.29485151171684265	0.024183861911296844
0.30743274092674255	0.01278761774301529
0.3555581271648407	-0.0030147209763526917
0.34247294068336487	-0.03457009047269821
0.37123042345046997	-0.04252626746892929
0.36686697602272034	-0.03059098869562149
0.44060832262039185	-0.031666018068790436
0.2826147675514221	0.046299129724502563
0.3336292505264282	0.026437148451805115
0.28211379051208496	0.02455703169107437
0.35868754982948303	0.005593530833721161
0.3646014928817749	-0.019825391471385956
0.3391115665435791	0.01732463389635086
0.34738197922706604	0.030968204140663147
0.3609139323234558	-0.03759513050317764
0.3485100269317627	-0.02190159261226654
0.34665727615356445	0.034725748002529144
0.3936004340648651	-0.021588124334812164
0.358987420797348	0.0026116743683815002
0.2847555875778198	-0.020637549459934235
0.3463485538959503	-0.022076599299907684
0.3287128210067749	0.01925760507583618
0.35071447491645813	-0.004730872809886932
0.3614886701107025	-0.011140011250972748
0.3414820432662964	-0.01808156818151474
0.32923343777656555	0.016276173293590546
0.2972574234008789	0.04163365811109543
0.3134976625442505	-0.05267251282930374
0.27773863077163696	0.03275067359209061
0.3986012637615204	-0.050238825380802155
0.34738990664482117	-0.03616961091756821
0.3479574918746948	0.012381277978420258
0.4405353367328644	-0.06108938902616501
0.3191775679588318	0.03700842708349228
0.3135758936405182	0.018347561359405518
0.31064778566360474	-0.003471948206424713
0.3961217999458313	-0.050486259162425995
0.3283567428588867	0.01101113110780716
0.34852519631385803	-0.03685133904218674
0.3516858220100403	0.007313959300518036
0.34620118141174316	-0.004981741309165955
0.3668406307697296	-0.003655754029750824
0.41366371512413025	-0.05047225207090378
0.4337500333786011	-0.059802062809467316
0.37577205896377563	-0.03110753744840622
0.36120617389678955	-0.0022680163383483887
0.3101375102996826	0.02578926831483841
0.34412071108818054	0.01530049741268158
0.37443843483924866	-0.01726216822862625
0.31067535281181335	0.009759820997714996
0.39365559816360474	-0.02674298733472824
0.3480057418346405	-0.026596806943416595
0.3122211694717407	0.02373316138982773
0.306710422039032	0.030660808086395264
0.33372628688812256	-0.017517417669296265
0.31142953038215637	0.035804904997348785
0.33699896931648254	0.01642729341983795
0.3791252076625824	-0.011455714702606201
0.38416817784309387	-0.014524422585964203
0.3333858549594879	-0.08312437683343887
0.29534679651260376	0.08378273993730545
0.3274468183517456	0.02325979620218277
0.32227569818496704	0.03322003036737442
0.3477242887020111	0.05983202904462814
0.35146090388298035	-0.010623008012771606
0.3832682967185974	-0.037416644394397736
0.3447493016719818	-0.014857321977615356
0.302492618560791	0.026312842965126038
0.30365902185440063	0.006021223962306976
0.3430367112159729	-0.02808009833097458
0.2503080666065216	0.03859863057732582
0.3445580005645752	-0.01940801739692688
0.42236337065696716	-0.03269096463918686
0.3603213429450989	-0.012089535593986511
0.36711975932121277	-0.05355419963598251
0.2995118498802185	0.005282066762447357
0.3847021162509918	-0.04773736745119095
0.34691938757896423	-0.03918968886137009
