-1.5787140130996704	-0.5758638978004456
-12.966266632080078	-37.68021011352539
12.528468132019043	-1.7031704187393188
-6.720086097717285	14.779208183288574
1.2250789403915405	1.105765700340271
-24.963428497314453	3.2491910457611084
9.814550399780273	46.871131896972656
-1.5568995475769043	-1.418911337852478
5.892329216003418	35.02582550048828
0.8770010471343994	3.953413963317871
-1.8991546630859375	-1.5117466449737549
-5.435822010040283	7.515632629394531
-0.4677707254886627	-2.8077597618103027
-4.132819175720215	-8.25407600402832
6.768917083740234	40.20872116088867
2.9557502269744873	5.403550624847412
-14.484413146972656	1.2356270551681519
-4.698616027832031	1.7950929403305054
-2.940523147583008	-4.236042499542236
-1.1730104684829712	2.363269329071045
11.140998840332031	-3.59377121925354
-15.604910850524902	-41.121551513671875
-0.7222992181777954	3.354914903640747
-7.206079483032227	14.772661209106445
-2.136033296585083	-1.4474519491195679
-4.638972282409668	-0.23523028194904327
0.21668502688407898	1.0884521007537842
-1.1749415397644043	-1.8913371562957764
-3.5445804595947266	-0.7992153763771057
1.9957711696624756	5.611893177032471
0.3330845534801483	-3.334868907928467
-5.496622085571289	2.2187387943267822
-3.0603601932525635	-6.402590274810791
0.3133578598499298	5.588024139404297
-11.905914306640625	-17.760923385620117
-3.9368703365325928	3.6600615978240967
-3.3040688037872314	-6.859682559967041
-15.35873794555664	-26.293529510498047
-0.13673439621925354	-0.2532346844673157
-2.775536298751831	-7.368454456329346
2.2420437335968018	33.41514205932617
-3.1070616245269775	0.6383922100067139
2.990734100341797	12.140825271606445
-0.7514711618423462	2.2861526012420654
-0.4857443869113922	-1.145169734954834
1.5269746780395508	1.5949572324752808
-1.2413909435272217	-0.6997291445732117
-2.817530870437622	2.246678590774536
-1.56121826171875	-1.4390851259231567
-1.5893895626068115	-1.4476089477539062
-1.4590197801589966	-2.347963809967041
-11.914666175842285	-40.002647399902344
10.120807647705078	7.945450305938721
-1.0502207279205322	3.273894786834717
4.338672161102295	2.205751657485962
-3.3555965423583984	1.021626591682434
-5.462577819824219	-44.836639404296875
1.1270813941955566	2.901686429977417
5.585370063781738	-0.9301422238349915
-6.638527870178223	16.485889434814453
16.24155616760254	-8.038113594055176
-1.3807430267333984	3.6158339977264404
-3.198373317718506	-5.25620174407959
-12.327566146850586	-32.840553283691406
7.635159492492676	0.7849984765052795
-4.8605146408081055	6.663241863250732
-4.1100053787231445	-6.077738285064697
-3.2924740314483643	14.468942642211914
-0.810291051864624	-47.2461051940918
-8.102336883544922	-16.91444206237793
-3.680145502090454	-1.160896897315979
3.224071741104126	6.4669108390808105
2.8407227993011475	29.043161392211914
-3.8432013988494873	-6.771099090576172
-1.6271142959594727	-1.7328574657440186
-7.421175479888916	-19.075258255004883
-4.877992630004883	-0.4814661741256714
-5.023098468780518	18.714885711669922
-4.692703723907471	18.78847312927246
2.248300552368164	5.4847893714904785
-0.5335597991943359	-2.824796438217163
-10.996061325073242	-21.46373748779297
-18.501766204833984	1.5418485403060913
-1.2984410524368286	-9.400850296020508
9.17448902130127	10.155279159545898
-2.698016881942749	0.08815471827983856
0.20876452326774597	-2.825118064880371
1.8009673357009888	3.1943776607513428
-4.78112268447876	-33.557342529296875
3.634699821472168	3.526829242706299
-2.850360870361328	-8.333757400512695
7.921884536743164	7.134899616241455
3.982583522796631	-1.1476831436157227
-3.1910927295684814	-7.087376594543457
-3.2000579833984375	0.6653028726577759
-12.01235580444336	-22.639636993408203
1.8885775804519653	8.84376335144043
-3.1587536334991455	0.7609991431236267
-1.6397442817687988	-1.5425795316696167
-3.7385754585266113	15.198846817016602
-1.071610689163208	1.1359726190567017
7.735620498657227	6.153934001922607
4.6086602210998535	35.097530364990234
4.3758721351623535	6.77894401550293
9.65174674987793	43.2691764831543
-5.11651611328125	20.65363121032715
-1.77567458152771	-5.143486499786377
-1.8516275882720947	-1.436287522315979
0.8549273014068604	-48.93728256225586
-4.823260307312012	-4.370487213134766
3.4976143836975098	-1.2920194864273071
-0.17288771271705627	-2.511258363723755
2.426807165145874	30.098173141479492
-6.498862266540527	15.045413970947266
-16.772722244262695	-62.95594024658203
2.7398602962493896	2.922358274459839
3.6095924377441406	0.47429603338241577
-6.833963394165039	-0.47741466760635376
-7.301980018615723	-29.82235336303711
-20.08287239074707	-39.91251754760742
-9.052542686462402	0.5747616291046143
-9.34337329864502	-68.94070434570312
-6.499847412109375	-0.6098120808601379
5.524240016937256	7.320343494415283
0.5547887682914734	21.676076889038086
-3.2228121757507324	0.39063286781311035
-2.2814502716064453	-6.344966411590576
0.46348294615745544	3.9294416904449463
2.169344186782837	34.967769622802734
-4.8905415534973145	-3.4420766830444336
-1.350231647491455	-2.0480544567108154
0.3573795258998871	2.916224718093872
-3.7654199600219727	3.360225200653076
-0.3025260269641876	2.602708339691162
4.300318241119385	5.1806159019470215
-1.6418801546096802	-0.9969924092292786
-1.0063042640686035	-1.7743546962738037
-2.9547383785247803	3.4351789951324463
-1.288501501083374	-2.2339179515838623
1.3225173950195312	3.228949546813965
3.4623868465423584	10.2102632522583
1.3148136138916016	5.235866069793701
2.0783729553222656	0.8724595904350281
-7.513369560241699	-0.3873521685600281
-0.2839635908603668	-1.5960229635238647
-4.397906303405762	5.543576240539551
-4.279213905334473	1.3911970853805542
-4.14444637298584	-5.2486348152160645
0.7737579345703125	2.520686388015747
-0.6758459806442261	-1.9503048658370972
2.6451430320739746	1.785502552986145
-4.624509334564209	-6.956385135650635
0.27082863450050354	25.428089141845703
0.24801293015480042	2.559951066970825
5.814274311065674	1.0332835912704468
-3.840040445327759	-7.196011066436768
-12.017539978027344	-56.5822868347168
-2.1873743534088135	-0.9926045536994934
12.836803436279297	0.5049623847007751
-8.422237396240234	0.039994046092033386
-0.9828109741210938	-0.9461787343025208
-4.549248695373535	-0.06702692806720734
1.7975971698760986	0.3807513117790222
-0.07263686507940292	3.9872210025787354
10.070463180541992	-2.5654242038726807
-3.821214199066162	-6.662797451019287
0.9735146760940552	3.3370635509490967
1.9520291090011597	2.8669443130493164
1.405287742614746	11.576350212097168
-7.733927249908447	-13.549239158630371
2.343909502029419	-0.4347997307777405
-10.633779525756836	0.10011021792888641
5.0386457443237305	5.093780040740967
-5.164275646209717	7.071717262268066
0.950356125831604	26.802122116088867
-3.2439091205596924	2.971540927886963
0.20275256037712097	0.47119587659835815
-3.980828046798706	17.7604923248291
-9.521554946899414	-0.9192557334899902
-0.5584940314292908	-2.061835527420044
-4.154036045074463	4.859299182891846
-1.6050254106521606	-0.8803475499153137
-0.6664171814918518	-2.6016790866851807
2.6300806999206543	2.3793206214904785
8.702383041381836	40.958030700683594
9.954721450805664	6.663015842437744
-1.1917338371276855	-6.833861827850342
-7.258862018585205	-0.6084001660346985
-0.5742306709289551	-0.9498897194862366
-9.937612533569336	-0.022893980145454407
-6.927109241485596	-0.906924307346344
-4.790565013885498	6.242892265319824
-7.096553802490234	-22.651580810546875
6.78252649307251	6.348848819732666
4.918623447418213	-0.29978638887405396
0.7608387470245361	2.9235756397247314
15.506537437438965	10.018518447875977
-4.483275413513184	1.599100112915039
-0.7770372629165649	-2.033881902694702
-13.532515525817871	0.4950382113456726
8.846047401428223	43.86003494262695
-7.7417144775390625	15.744491577148438
-3.6753132343292236	1.2241312265396118
-1.3353750705718994	-1.1956299543380737
-4.555970668792725	-5.483895301818848
-7.877382755279541	17.3394718170166
-5.448574066162109	-51.08821487426758
-1.8086953163146973	-0.8473376631736755
-0.19223037362098694	30.10209846496582
-6.418437957763672	-52.602256774902344
-3.8024742603302	-18.63675880432129
-0.2747587263584137	28.694440841674805
-0.014683865010738373	6.59406042098999
-19.821979522705078	1.6335793733596802
15.321514129638672	11.275869369506836
-1.8076683282852173	-1.6887263059616089
-4.507627010345459	-13.444286346435547
3.1947429180145264	1.309183120727539
-1.1547545194625854	-9.195874214172363
-1.3172003030776978	-0.7163316607475281
-11.435810089111328	0.755882203578949
-1.6107630729675293	-11.164178848266602
10.712557792663574	-2.39764666557312
3.3606581687927246	6.3411030769348145
-3.1529934406280518	0.12522469460964203
-2.865122079849243	0.4769068956375122
2.200920581817627	-0.6056485772132874
-0.06899835914373398	2.0568814277648926
-0.11244776099920273	-2.2896032333374023
-2.9160096645355225	-45.231571197509766
1.8671144247055054	7.090073585510254
-1.5581872463226318	25.692604064941406
-5.165182113647461	-9.284926414489746
-24.857656478881836	3.826899290084839
-4.027000904083252	-17.321367263793945
-1.885887622833252	-1.2260966300964355
-2.5907645225524902	1.2681502103805542
4.318052291870117	1.4661409854888916
-0.17492923140525818	-8.787715911865234
-1.7067869901657104	-0.15410025417804718
-3.259272336959839	0.5615688562393188
2.323366641998291	-11.59184741973877
-1.5452936887741089	-1.8858343362808228
6.008139610290527	6.57604455947876
-0.1508207619190216	-2.130119800567627
-3.5689008235931396	1.0913747549057007
-1.9971644878387451	-40.160518646240234
0.4732522666454315	2.3761045932769775
7.574182033538818	37.09282684326172
-2.226553201675415	-45.846553802490234
0.554054856300354	-3.4361910820007324
-1.8236889839172363	26.911123275756836
-6.982028007507324	-0.6006845831871033
-28.865758895874023	3.09720778465271
-0.7581807374954224	-2.283586025238037
-2.059352397918701	-0.7232270836830139
-5.891841411590576	-2.1787378787994385
2.211153507232666	3.28857159614563
4.494240760803223	10.887298583984375
-1.970083475112915	0.8072060942649841
1.8153746128082275	-37.312679290771484
-3.9456584453582764	-7.92466926574707
-5.020408630371094	-4.1646504402160645
5.302102088928223	6.297679424285889
3.956866502761841	-2.8513734340667725
-2.7463583946228027	0.26927465200424194
-0.6410763263702393	-2.3413684368133545
0.04183218628168106	1.196368932723999
-7.771672248840332	-0.48136240243911743
-2.917893171310425	20.50192642211914
0.33700796961784363	21.569822311401367
1.1586482524871826	3.2158758640289307
6.686826705932617	1.8217896223068237
-1.5858888626098633	-0.4435461163520813
-5.108436584472656	-3.368969202041626
3.3971290588378906	2.674165964126587
-0.06073673814535141	22.5491943359375
-20.26175880432129	1.7900267839431763
-2.5039169788360596	-1.9270285367965698
-1.8945820331573486	-1.0834542512893677
1.312595009803772	2.017462730407715
-2.131659984588623	-1.4060521125793457
3.632826089859009	-3.1126158237457275
-4.379664421081543	-41.13724136352539
0.10443399101495743	-3.6900274753570557
-0.25548627972602844	1.6365563869476318
-2.599900960922241	-5.7997331619262695
-2.903120756149292	2.4399218559265137
8.53243637084961	11.14952278137207
1.6421055793762207	2.8345444202423096
-2.4781548976898193	25.053531646728516
-2.7175498008728027	-0.9719359278678894
0.788715124130249	1.327316164970398
-11.238286018371582	-35.54336166381836
13.902286529541016	-4.278129577636719
-4.598048210144043	1.3442431688308716
-3.5056936740875244	-28.08684730529785
3.5426387786865234	2.8881843090057373
-0.6942214965820312	-2.713330030441284
-1.3524537086486816	-10.455862998962402
-3.259207010269165	0.5911695957183838
3.2020580768585205	6.84588623046875
-5.579079627990723	-6.720048427581787
-14.254640579223633	-31.232187271118164
0.811957061290741	3.038214921951294
2.2057297229766846	6.174164295196533
0.5639078617095947	-4.034854412078857
2.0506069660186768	7.817404270172119
-21.32463264465332	2.201686382293701
-3.9303371906280518	16.685882568359375
1.500313639640808	26.545297622680664
-3.4865050315856934	-8.075652122497559
-1.454755425453186	-0.48919087648391724
0.15367385745048523	2.228017807006836
7.836481094360352	-1.1073827743530273
-5.152256965637207	19.002511978149414
-0.04452862590551376	-3.178461790084839
-23.756750106811523	3.2145400047302246
-6.378870010375977	0.22581295669078827
0.7975254654884338	3.2254879474639893
-5.9073615074157715	-17.818092346191406
-2.5007545948028564	-1.0713133811950684
6.059516429901123	-1.2112133502960205
-1.7211213111877441	-9.450704574584961
1.030996322631836	0.9603607058525085
-17.681360244750977	2.4889438152313232
-10.642887115478516	-31.93377113342285
-2.5025928020477295	-0.9506323933601379
-1.2777280807495117	-0.6624763607978821
3.9775846004486084	2.5516300201416016
-1.9868419170379639	-1.8748010396957397
-3.5245606899261475	-7.1395463943481445
-0.5759706497192383	-1.3668924570083618
-0.4199562966823578	-1.5341497659683228
3.9662039279937744	-0.6312814354896545
-2.2683327198028564	1.9992479085922241
1.7191673517227173	1.2362982034683228
5.060643196105957	6.417385101318359
4.200768947601318	1.429076075553894
-23.055679321289062	2.8647592067718506
2.7261035442352295	-0.25650709867477417
-1.9414870738983154	-1.2689861059188843
0.8385212421417236	2.32680344581604
-4.96110725402832	1.5714151859283447
4.060675144195557	-0.9725654721260071
-5.647358417510986	17.705034255981445
-1.727046251296997	-0.7626326680183411
-24.388479232788086	2.467329978942871
-3.004167079925537	0.11330084502696991
7.300448417663574	6.7977447509765625
2.2004449367523193	0.5475416779518127
-7.155211448669434	18.105390548706055
0.4196380078792572	-3.0648319721221924
3.2892162799835205	8.01660442352295
1.1895625591278076	0.2626304030418396
-7.29943323135376	16.330350875854492
-1.7566362619400024	-1.4813371896743774
-5.580597400665283	20.389875411987305
9.603140830993652	42.6142692565918
-8.806825637817383	-39.771026611328125
-6.514357566833496	-0.5917577147483826
-2.246520519256592	-0.7462192177772522
1.1804354190826416	1.5850465297698975
0.2796611487865448	3.4499869346618652
1.0772289037704468	1.617111325263977
-16.831552505493164	1.9398854970932007
1.3256196975708008	24.194664001464844
-3.574932813644409	-8.481077194213867
-3.5405030250549316	0.09512512385845184
2.7555320262908936	2.1180946826934814
1.7268290519714355	19.220998764038086
9.996902465820312	7.202857494354248
3.127488851547241	0.7433586716651917
2.4700088500976562	2.921201467514038
2.381114959716797	0.026682421565055847
-22.81302833557129	2.9875411987304688
-1.4962267875671387	-1.4123774766921997
4.7065653800964355	6.427689075469971
-10.369050025939941	0.23396329581737518
0.13822969794273376	3.540570020675659
9.834270477294922	-1.8313456773757935
-23.623615264892578	3.602837085723877
4.816240310668945	38.20473098754883
2.6430656909942627	2.523472785949707
2.1595492362976074	0.18082480132579803
-26.086071014404297	4.136068820953369
0.3748876750469208	-2.862306594848633
5.406797409057617	7.891255855560303
-4.661805152893066	-4.30891752243042
0.8162238597869873	3.0188958644866943
-3.1166188716888428	-0.8278858661651611
-8.347387313842773	1.083417534828186
-0.7462487816810608	-2.061688184738159
-4.481002330780029	1.849823236465454
3.9949779510498047	31.407846450805664
-3.4697093963623047	-8.478548049926758
-1.5781736373901367	-1.1768549680709839
-6.936009407043457	15.688233375549316
4.138959884643555	30.88681411743164
-21.31328010559082	-38.46202087402344
-5.06365966796875	-1.2532248497009277
-4.315159320831299	-6.164616107940674
3.920056104660034	1.648422360420227
-2.015057325363159	0.5895851254463196
-0.40512052178382874	-2.749459981918335
-2.1292457580566406	-1.3497477769851685
6.8244757652282715	38.697906494140625
-2.0086092948913574	0.37103575468063354
1.746009349822998	28.844655990600586
1.088042140007019	3.302105188369751
-7.109671592712402	-0.6153466105461121
1.3856844902038574	5.951496601104736
-0.056069515645504	1.6055680513381958
2.4136123657226562	2.8918464183807373
1.8901294469833374	1.0908734798431396
-5.388477802276611	2.1014225482940674
-3.9043705463409424	22.78778648376465
-3.751556873321533	4.085836410522461
-6.1619367599487305	8.231955528259277
1.0549284219741821	3.2619073390960693
-1.0243829488754272	0.9024997353553772
-4.107787132263184	-7.983855724334717
4.811141014099121	12.859321594238281
0.8165614604949951	3.3120057582855225
2.1129281520843506	-1.4171799421310425
-1.475078821182251	-1.0988229513168335
10.024197578430176	6.447159290313721
-18.362106323242188	-34.18368911743164
2.697694778442383	-0.6765091419219971
-6.006199359893799	-49.54056167602539
-3.693977117538452	-5.771832466125488
-2.9338948726654053	-8.597726821899414
-9.758855819702148	0.004389330744743347
-2.017169237136841	-1.1890407800674438
5.882686138153076	-2.670992612838745
-7.476456642150879	-55.358306884765625
6.055164337158203	4.240494728088379
-2.785806894302368	2.309847354888916
3.356506824493408	-0.13085873425006866
-5.023846626281738	2.0553271770477295
-3.5133168697357178	-32.408138275146484
0.647304892539978	2.587311267852783
2.5504395961761475	0.7647890448570251
-6.469135284423828	14.922120094299316
-2.1582083702087402	-1.201818585395813
-3.1370561122894287	0.5768378973007202
15.11020565032959	4.576379776000977
-6.978594779968262	15.820155143737793
-25.663183212280273	3.949176073074341
-3.0979673862457275	-7.695597171783447
1.7491546869277954	28.296951293945312
-10.076480865478516	-30.2125186920166
0.11588583141565323	-4.106196880340576
-20.982479095458984	-50.230533599853516
2.6990396976470947	26.63731575012207
-4.6027703285217285	15.653186798095703
-2.641993284225464	0.7983556389808655
-23.332151412963867	3.472224235534668
-5.39180850982666	-36.84048080444336
-0.7394712567329407	-1.1983344554901123
2.362468957901001	-0.3568149209022522
6.925732612609863	2.077471971511841
-4.810022830963135	-53.269866943359375
-2.990267515182495	3.488358497619629
-1.2890980243682861	-43.31377029418945
-4.016146659851074	-8.446120262145996
-3.144134044647217	17.1602725982666
7.514247894287109	8.133853912353516
21.5250186920166	6.553099155426025
-3.868204355239868	1.529214859008789
1.6959350109100342	25.77522087097168
0.7938133478164673	4.1700005531311035
-4.177032947540283	-1.238173246383667
-24.626070022583008	-45.11143493652344
-0.4276275336742401	-1.0594645738601685
-7.21522855758667	13.322263717651367
-18.87388801574707	-0.012900188565254211
-27.415752410888672	3.239004135131836
-0.5453633069992065	0.06439344584941864
-0.8916717767715454	-2.1280367374420166
-0.9091041088104248	-0.36559730768203735
3.752944231033325	3.3629891872406006
0.6768467426300049	2.1179544925689697
4.752404689788818	5.660843849182129
2.73645281791687	25.90199089050293
-3.6142804622650146	1.3271980285644531
-0.03312530368566513	-3.007420063018799
0.3711031377315521	3.9456098079681396
2.951720952987671	-8.858613014221191
-15.297370910644531	-58.36934280395508
-0.757432222366333	-2.5790066719055176
-11.328474044799805	13.598649978637695
-4.730413436889648	18.418781280517578
-22.581573486328125	2.9475607872009277
-0.9374828338623047	-20.529067993164062
-0.46165743470191956	-3.275465965270996
-1.2539803981781006	-1.8026598691940308
-0.7968828082084656	5.5029683113098145
-4.170119285583496	-5.377805709838867
-3.506962537765503	0.9260774254798889
-0.9408978223800659	-1.4845744371414185
-1.7557284832000732	3.7302353382110596
-1.5911272764205933	-0.8799751996994019
-5.06078577041626	1.731033205986023
0.21958109736442566	-3.1725614070892334
4.370245933532715	6.304940223693848
7.708135604858398	-2.737636089324951
-8.07042407989502	14.177980422973633
-8.125852584838867	15.232738494873047
-2.26431941986084	-0.13433225452899933
-3.4049532413482666	18.114349365234375
0.2393849790096283	5.793220043182373
-0.29029980301856995	-1.1312915086746216
-3.813451051712036	4.136197090148926
-2.061781644821167	-1.8290313482284546
-32.99943923950195	3.8859965801239014
0.9238992929458618	-2.6772356033325195
-3.01220703125	0.5251142978668213
1.2592238187789917	0.9487862586975098
-27.307144165039062	-45.66366195678711
3.1153786182403564	-0.0968061238527298
5.513591766357422	6.1596550941467285
10.580570220947266	9.392790794372559
-4.016829490661621	4.974974155426025
-4.121158123016357	-30.705289840698242
1.0478485822677612	3.1570675373077393
-2.1847007274627686	-45.164337158203125
-23.62336540222168	-27.130598068237305
0.05485246330499649	-2.841933250427246
-0.7222880721092224	3.9161922931671143
-6.558804512023926	-0.6885562539100647
-3.4838802814483643	4.801361083984375
-0.17463889718055725	-1.2278599739074707
-13.496150016784668	15.049661636352539
-1.2392932176589966	-6.309206485748291
-11.146221160888672	14.48133373260498
-2.022986650466919	-6.852735996246338
-3.3825857639312744	2.549156665802002
-3.356144666671753	16.962312698364258
-2.5054023265838623	0.36258429288864136
-1.3056526184082031	-0.7030438780784607
2.752007484436035	3.4671409130096436
-6.583468437194824	-9.431177139282227
-2.9785001277923584	1.610427975654602
-0.2780403196811676	-2.8698277473449707
-4.718051910400391	1.4318604469299316
-1.3446309566497803	-2.390617609024048
-2.781860113143921	0.3340488076210022
-21.407455444335938	2.050490140914917
-2.2497074604034424	-0.7266015410423279
3.080695152282715	-0.3649635910987854
-22.02450942993164	2.6683809757232666
-4.28195333480835	-1.5333268642425537
-4.899837493896484	11.741527557373047
0.45154067873954773	-2.7682034969329834
-21.68638801574707	3.7353250980377197
4.260841369628906	38.93284225463867
-1.4872348308563232	-1.2461934089660645
-5.731083869934082	-2.960602045059204
-4.836213111877441	1.8033515214920044
2.4303410053253174	10.502396583557129
-2.8098762035369873	-0.008094146847724915
12.334770202636719	9.98946762084961
-19.194252014160156	3.849881410598755
5.447175979614258	0.22326867282390594
-5.151391983032227	-6.516077041625977
1.4001063108444214	0.5189818739891052
4.521054744720459	8.444358825683594
-9.496597290039062	1.1075934171676636
0.9216328263282776	3.8995933532714844
-17.40169334411621	0.3529813885688782
-3.7034270763397217	1.1754499673843384
0.38394656777381897	24.24628257751465
-6.560967922210693	15.213624000549316
-2.5631372928619385	-0.6600379347801208
-4.903173446655273	1.7005499601364136
1.1509076356887817	-0.5458155274391174
-22.601099014282227	-44.500755310058594
-3.8014426231384277	-1.1452362537384033
-3.299854278564453	3.2887139320373535
2.036736488342285	0.11803250014781952
-1.7158474922180176	-0.9507108330726624
-7.224932670593262	-21.069358825683594
-0.7550385594367981	3.47651743888855
-7.518738269805908	-0.5500245690345764
4.8735857009887695	2.136699914932251
3.1485114097595215	7.866435527801514
-9.212121963500977	12.659804344177246
-3.0112946033477783	0.10313622653484344
-0.1484239399433136	3.709496259689331
1.4235289096832275	1.9151474237442017
-32.914520263671875	4.0351176261901855
0.7955607175827026	-7.563879489898682
-7.984796524047852	14.581623077392578
-1.2492729425430298	-2.1423091888427734
-0.3781385123729706	3.160546064376831
-1.923154592514038	-33.860774993896484
-9.504264831542969	-8.91627311706543
-3.668982744216919	-6.316808223724365
3.9913852214813232	6.017994403839111
-0.29993441700935364	1.0777429342269897
-0.5488556623458862	4.144695281982422
-2.017801523208618	-1.8950042724609375
-26.420862197875977	-27.466726303100586
-0.8841807842254639	18.195810317993164
-2.53031325340271	4.775787830352783
11.89646053314209	-4.953380584716797
-7.009661674499512	-9.947685241699219
10.514505386352539	3.6517481803894043
-6.774855613708496	15.82310676574707
1.0445647239685059	-1.22523033618927
-2.1985509395599365	7.7841691970825195
-5.985588550567627	-33.62559127807617
-1.2557528018951416	-1.3876420259475708
-5.776909351348877	4.504697322845459
-3.104133367538452	1.2077733278274536
6.236512660980225	-0.9571338295936584
2.7040088176727295	6.983152389526367
6.448975086212158	38.242916107177734
-24.72920799255371	3.2767205238342285
0.385333389043808	-3.339799642562866
1.2173010110855103	2.9868967533111572
0.4782991111278534	-3.4920287132263184
-6.212542533874512	-0.9626880288124084
6.546671390533447	10.390328407287598
-1.4563775062561035	-0.23523564636707306
6.512004375457764	3.21227765083313
-1.9788622856140137	0.847082793712616
-0.1136263832449913	-1.8645812273025513
-1.6588749885559082	-0.9478893876075745
-3.398366689682007	-1.763008713722229
-2.0074868202209473	3.777773141860962
10.109230041503906	6.902699947357178
-16.764095306396484	-19.716907501220703
3.652280569076538	12.371527671813965
-16.50446128845215	3.7154202461242676
1.5135157108306885	8.439163208007812
-7.411187648773193	12.994741439819336
5.695315361022949	37.4844970703125
-16.592958450317383	-36.77662658691406
14.24791431427002	8.597430229187012
-1.5604050159454346	3.663072347640991
-25.701221466064453	3.596958637237549
-1.1702158451080322	-1.6387453079223633
-1.5238978862762451	12.840733528137207
-0.7414676547050476	-1.799662709236145
-5.746232032775879	-0.17580737173557281
-0.882392168045044	4.381577968597412
-2.185311794281006	19.294633865356445
-5.668102741241455	-7.106722354888916
-2.978771924972534	-1.8931736946105957
1.2928121089935303	5.465681552886963
-2.24239182472229	-0.7559223771095276
-2.6539318561553955	1.4072920083999634
7.034084320068359	9.749120712280273
2.698056936264038	3.791611909866333
-15.31493854522705	-27.377607345581055
-12.362787246704102	3.1763198375701904
2.2196881771087646	-9.762723922729492
-2.7676126956939697	0.14377538859844208
-3.336134672164917	-2.644536256790161
-2.5983684062957764	4.082528114318848
-10.236759185791016	-31.683088302612305
2.0326805114746094	3.694814443588257
-9.917296409606934	-0.8103594183921814
-9.588464736938477	-8.9852294921875
-9.656497955322266	-18.243093490600586
-24.50495719909668	-17.736005783081055
-2.5908610820770264	-21.741785049438477
-16.79084014892578	-35.57260513305664
0.15792569518089294	-4.05551815032959
-6.916707515716553	16.16107940673828
-3.0557196140289307	-4.757598876953125
-27.85323143005371	3.773594617843628
-5.363602161407471	-2.03981614112854
-1.956439733505249	-1.8280004262924194
-0.13472899794578552	23.160266876220703
5.774002552032471	1.7349214553833008
3.0170528888702393	33.372314453125
-1.265928030014038	-2.2467377185821533
2.1033170223236084	2.801938772201538
-4.845407962799072	-9.252260208129883
6.427943706512451	-3.2404375076293945
3.1775546073913574	6.887693881988525
-9.283306121826172	0.3920833468437195
-4.851438045501709	1.9160878658294678
16.295499801635742	13.61105728149414
2.227320909500122	1.7806988954544067
-5.5169677734375	-1.0592360496520996
-13.896759986877441	-29.315210342407227
-0.590998649597168	-1.74484121799469
-6.428132057189941	16.427698135375977
6.506243705749512	-0.9590182900428772
-20.37922477722168	1.0385226011276245
-1.4579380750656128	-0.42849642038345337
-2.1440482139587402	-1.115264654159546
-5.836360454559326	0.3187170624732971
4.669994354248047	2.514483690261841
-4.802849769592285	19.283967971801758
-1.065742015838623	-2.1362762451171875
1.4671612977981567	3.0182383060455322
-4.851034164428711	-10.172633171081543
-6.228799819946289	-28.738323211669922
3.4222137928009033	6.064330577850342
11.120107650756836	-8.837776184082031
-5.589614391326904	2.4931516647338867
7.497927188873291	-3.2378156185150146
1.6160531044006348	2.5967257022857666
-1.078564167022705	-0.8854852318763733
-17.147014617919922	-45.73625183105469
4.097260475158691	36.40647506713867
-7.448858261108398	14.819202423095703
-16.443256378173828	-8.898269653320312
-29.500823974609375	4.030358791351318
-6.69512939453125	-0.5002261996269226
-2.027794599533081	-1.317954182624817
-18.310606002807617	2.6420462131500244
4.740150451660156	2.521409273147583
3.8271210193634033	-0.8525152206420898
-0.529384195804596	-2.124319314956665
-0.6626420021057129	8.40390682220459
-5.410046577453613	-8.16563606262207
0.6386754512786865	-2.9991745948791504
1.9013373851776123	5.87391996383667
14.25851821899414	10.908717155456543
-6.0433831214904785	2.8898024559020996
-0.37709614634513855	-1.1183428764343262
2.026932954788208	2.4194977283477783
1.518748164176941	9.147018432617188
4.9672346115112305	2.4661738872528076
0.1559353768825531	0.49808281660079956
-2.6521599292755127	-0.8243339657783508
-6.579685211181641	-0.5213252902030945
-21.16050910949707	-43.31480026245117
0.03930030018091202	-1.6428296566009521
-5.65711784362793	-7.6891608238220215
-1.5096056461334229	-2.3149826526641846
-6.370543956756592	-6.566850662231445
8.502117156982422	38.2048454284668
-6.311924457550049	-8.058595657348633
-2.4398090839385986	-1.129257321357727
2.0919158458709717	2.505389451980591
10.27306842803955	-0.7038865685462952
-25.969926834106445	-38.77524948120117
0.6242291927337646	1.0115153789520264
-27.51941680908203	-26.542179107666016
-1.123781681060791	0.9678115248680115
-8.214754104614258	15.00389289855957
-0.14444521069526672	-2.4324514865875244
2.464829444885254	3.2258458137512207
7.13261604309082	6.148231029510498
-1.670531153678894	-0.9575708508491516
-0.837161123752594	-2.215442180633545
1.4716908931732178	5.671184062957764
0.12222550064325333	1.3092509508132935
1.6575056314468384	2.9577267169952393
-1.102893590927124	-0.4102242588996887
-1.4717806577682495	-0.9781157374382019
-1.0046337842941284	-0.7545403242111206
-3.7940261363983154	-9.732367515563965
0.08635196834802628	-2.35435152053833
-3.549800157546997	1.0739398002624512
-0.9449331760406494	-7.818037033081055
3.7405896186828613	1.898193120956421
4.895973205566406	-3.257866144180298
-5.315008163452148	18.97733497619629
-1.7430869340896606	-0.3568773865699768
-1.4192559719085693	-1.744684100151062
-0.7225532531738281	-1.9723774194717407
-3.5169498920440674	1.6170843839645386
12.288848876953125	-16.994367599487305
-1.982997179031372	-0.15358121693134308
3.4202077388763428	2.844074249267578
4.07366943359375	8.42153549194336
-25.74834442138672	2.964956521987915
-1.9239752292633057	-0.319030225276947
-9.2047119140625	-16.71429443359375
-3.1872992515563965	0.8773102164268494
4.333578109741211	2.0994322299957275
-7.6385979652404785	16.452360153198242
7.526350021362305	41.915592193603516
-25.90833854675293	-39.94942855834961
3.08147931098938	0.6272245049476624
-8.401542663574219	17.105695724487305
-3.390082836151123	-0.15193398296833038
-5.527348041534424	-7.18825626373291
6.3393659591674805	15.980769157409668
-19.132192611694336	-40.11695861816406
-0.4642241299152374	1.8156920671463013
-1.9193894863128662	-1.5469437837600708
-10.592958450317383	-51.88896560668945
-4.049817085266113	1.6209620237350464
1.3357539176940918	-3.5669472217559814
2.55924391746521	2.3798067569732666
-4.908235549926758	-6.894650459289551
1.9901764392852783	7.789640426635742
-2.6340527534484863	0.1607619971036911
2.593428134918213	3.0259463787078857
11.856094360351562	12.270535469055176
-1.8170335292816162	-0.9996634125709534
1.9968184232711792	1.3407061100006104
-17.555927276611328	0.845437228679657
-3.7624566555023193	-5.968603610992432
3.3618481159210205	7.021439075469971
9.994831085205078	-3.3470842838287354
-1.9968132972717285	-1.3029123544692993
2.0501444339752197	1.1937934160232544
-15.660360336303711	0.384182870388031
-1.983769178390503	-1.230674386024475
-5.572277069091797	18.22884750366211
-3.166421890258789	-5.445830821990967
-2.445115089416504	-0.9302176833152771
2.4196534156799316	-0.3204959034919739
-16.688749313354492	1.6574125289916992
-8.321111679077148	-0.1743452101945877
-1.8616358041763306	-1.9313656091690063
-4.0675048828125	-6.368749141693115
-5.3675031661987305	1.367387056350708
-6.012550354003906	-29.07081413269043
5.126609802246094	7.8659491539001465
15.980697631835938	14.117091178894043
-11.160099029541016	15.38961410522461
-1.6618165969848633	1.328160047531128
-3.023151159286499	0.8607035279273987
10.218782424926758	16.752458572387695
-25.111093521118164	-35.17982864379883
6.859435081481934	-4.284367084503174
0.22544750571250916	2.4419569969177246
11.877840042114258	-11.646833419799805
-4.789798259735107	-7.480830192565918
-6.151473045349121	-0.21708567440509796
-2.9432523250579834	0.7467607855796814
-2.3033649921417236	-1.7454915046691895
-5.753458023071289	17.96076774597168
3.001922369003296	1.8778640031814575
-6.635313034057617	17.077295303344727
-0.6566394567489624	-2.219649076461792
-1.5441502332687378	-1.7069538831710815
0.5752248764038086	27.445293426513672
2.770857572555542	7.7226715087890625
-1.0490801334381104	-1.8605072498321533
-5.098596572875977	-7.774340629577637
4.045780181884766	-1.3450936079025269
-4.094159126281738	1.0427219867706299
-12.311431884765625	1.0554994344711304
-1.9226744174957275	-1.0306860208511353
0.33311495184898376	-5.310873508453369
5.941917419433594	2.2911734580993652
12.49783706665039	-3.671534776687622
-18.928014755249023	-26.202045440673828
-1.917043924331665	-4.973415374755859
7.999011993408203	1.4347423315048218
-5.3642988204956055	-4.781550884246826
1.1166123151779175	6.471511363983154
-0.6127506494522095	-0.06097586452960968
5.7501935958862305	2.3459575176239014
-2.1220695972442627	-1.1042203903198242
-2.2363827228546143	-1.2541462182998657
-3.193781852722168	0.7497771382331848
-19.9881649017334	-29.406869888305664
-14.549299240112305	-35.51961898803711
-1.8563705682754517	-1.0715065002441406
-9.522590637207031	-0.2948330044746399
-10.790572166442871	-0.23055942356586456
-0.26208582520484924	3.2984912395477295
-4.04076623916626	1.5520764589309692
-5.970740795135498	-0.6923272013664246
-2.0290582180023193	-1.3483883142471313
10.301523208618164	10.04954719543457
-17.024131774902344	-24.38548469543457
12.860297203063965	45.17890548706055
-6.124502182006836	16.00995445251465
-2.4364359378814697	-35.68185043334961
-24.317384719848633	2.1511318683624268
-0.781369686126709	-2.448988437652588
0.06723508983850479	-3.3514790534973145
-1.0912516117095947	-0.7405850291252136
4.828273296356201	1.2998920679092407
-1.5627436637878418	-0.5306876301765442
-4.688326358795166	6.142588138580322
3.185041666030884	6.949839115142822
-4.252221584320068	-7.69270658493042
11.226266860961914	-2.9533474445343018
11.08232593536377	6.880467891693115
-2.0110952854156494	7.639917373657227
-5.0391998291015625	1.9908171892166138
0.507103443145752	-3.523479700088501
4.120547294616699	2.957225799560547
3.047393560409546	6.013947010040283
-24.77313232421875	-29.462413787841797
-1.4111286401748657	-1.7986645698547363
-6.5978617668151855	15.611716270446777
-5.006779670715332	-1.0139648914337158
-28.57930564880371	4.599145412445068
-0.021255753934383392	2.2685134410858154
-0.42534366250038147	-2.3157052993774414
3.1613881587982178	3.441880702972412
6.680350303649902	1.4844120740890503
-0.148522287607193	0.6145390868186951
-4.702019214630127	4.142403602600098
-0.3389796316623688	1.2523601055145264
-5.394125938415527	-6.833123207092285
-3.0718047618865967	-21.926185607910156
-19.748605728149414	-14.7457857131958
11.451818466186523	10.302202224731445
-8.294301986694336	15.004826545715332
5.957486152648926	-1.4735456705093384
-32.664859771728516	4.242814540863037
15.938525199890137	11.482444763183594
-0.8379381895065308	-2.202336072921753
1.7101054191589355	-12.69584846496582
3.551954984664917	6.352898597717285
-1.427001953125	0.4612266421318054
-5.612730979919434	2.6766607761383057
7.303316593170166	-0.7153429985046387
-4.192066192626953	4.338408946990967
-0.5706807374954224	-2.7295095920562744
-29.64264678955078	4.259698390960693
-2.373823404312134	2.4573428630828857
-6.887703895568848	14.72763442993164
0.3077009618282318	31.26130485534668
-3.5998587608337402	3.6239795684814453
-4.664694786071777	-3.1730048656463623
-4.114785671234131	1.5608195066452026
0.8357298374176025	-4.0520429611206055
-3.1819474697113037	1.0300068855285645
8.625760078430176	-1.9458688497543335
-14.68581485748291	-26.408248901367188
2.570352077484131	6.180073261260986
5.018977165222168	2.2466800212860107
3.7799131870269775	2.412490129470825
-25.309741973876953	4.064208984375
3.1032145023345947	-2.00976300239563
7.06015682220459	5.121767997741699
12.379711151123047	10.433245658874512
-7.746843338012695	7.572154998779297
7.706957817077637	18.65032386779785
3.6278061866760254	3.158254384994507
-4.806432247161865	-0.19220729172229767
-6.647434234619141	-1.985822081565857
4.751407146453857	-0.675636351108551
-5.204497814178467	12.191483497619629
12.396821022033691	7.679967880249023
-16.020687103271484	-14.542144775390625
0.5889911651611328	-12.265416145324707
1.6268987655639648	3.3534305095672607
-7.5463480949401855	1.7881990671157837
-4.531940937042236	5.935135841369629
-3.0216634273529053	2.096546173095703
-18.054712295532227	-31.040857315063477
0.17364391684532166	1.3313275575637817
-8.238446235656738	14.045940399169922
-7.495429992675781	-17.6127986907959
-1.151664137840271	-1.390320062637329
1.6249220371246338	3.1640868186950684
-6.944653511047363	-4.6065673828125
-1.121337890625	-1.3153409957885742
-13.214034080505371	-12.75971508026123
-1.5932059288024902	-2.5937275886535645
-9.423158645629883	16.338167190551758
-0.6145790219306946	-0.6088864207267761
-6.186942100524902	13.198945999145508
7.4866437911987305	8.59001636505127
-5.488110065460205	2.234525442123413
-4.016218662261963	0.632348895072937
-21.47661018371582	-25.082788467407227
0.38732191920280457	-4.07040548324585
6.778321266174316	1.704135775566101
-0.4717768728733063	0.5817479491233826
8.78735065460205	8.793262481689453
-0.25954511761665344	-3.425136089324951
6.768512725830078	5.570788383483887
-1.1381728649139404	-0.5917027592658997
-6.7739667892456055	-6.299126148223877
0.0920252576470375	-2.078758716583252
-1.1704294681549072	-2.109055280685425
-1.5815354585647583	-0.29240816831588745
-8.184175491333008	-8.695225715637207
9.153286933898926	40.86369323730469
-20.062854766845703	-24.495834350585938
-0.05771484225988388	1.5357648134231567
5.791337966918945	6.610377788543701
-3.308070659637451	1.545780062675476
-0.7415341138839722	-1.4655556678771973
-0.9857604503631592	-35.18300247192383
-3.851224899291992	3.6391940116882324
1.0885274410247803	-10.45657730102539
3.5068109035491943	2.9855520725250244
7.552788257598877	-0.09156735241413116
-25.309885025024414	4.544482707977295
8.625720977783203	-2.820157289505005
3.345759868621826	2.028212785720825
-0.6592923402786255	-2.790511131286621
-5.42085075378418	11.682239532470703
10.532029151916504	8.64108943939209
4.406148910522461	4.614678382873535
-3.5483155250549316	-4.6360297203063965
-22.77536964416504	-23.0491886138916
-1.2060761451721191	-2.5086348056793213
-7.172637939453125	-5.9789299964904785
-5.151360511779785	-16.867780685424805
3.5821006298065186	5.3630757331848145
2.4320266246795654	23.087549209594727
-8.314245223999023	12.162513732910156
0.45368704199790955	-0.07405604422092438
2.8748769760131836	3.15166974067688
1.7364619970321655	0.6441042423248291
-1.0122095346450806	-1.044752597808838
4.112013339996338	2.509748697280884
-7.104299545288086	3.436159372329712
-13.941967010498047	1.0612989664077759
-28.91361427307129	4.980136394500732
-0.6399013996124268	26.40714454650879
-5.128625392913818	3.250150203704834
6.9184794425964355	4.03048849105835
-14.543867111206055	-23.300819396972656
-0.7943432331085205	-1.0942065715789795
-4.546091556549072	12.39706802368164
-4.71980619430542	-26.068208694458008
5.095173358917236	5.183138847351074
-3.958839178085327	-4.270002841949463
-1.679473638534546	-1.3979655504226685
7.013710021972656	12.551268577575684
6.315832138061523	5.784290313720703
2.523747205734253	-2.4865710735321045
-5.0678887367248535	1.3570668697357178
-1.6789007186889648	-0.489454448223114
-0.1985354721546173	2.6118404865264893
-0.2969253361225128	-45.24385452270508
-20.407575607299805	-24.119966506958008
-6.832635879516602	-0.8955877423286438
-4.424227714538574	12.428756713867188
-2.2541446685791016	-1.1791614294052124
-13.892699241638184	2.7511582374572754
-9.24730110168457	-0.9807649254798889
-1.2845911979675293	-1.3407342433929443
-0.08554502576589584	3.8139336109161377
0.6818529367446899	3.2685248851776123
4.751878261566162	-1.169716238975525
-2.8287193775177	2.153892993927002
-7.5910749435424805	-53.8440055847168
-6.946700096130371	-5.648131847381592
11.581670761108398	18.378273010253906
7.353053569793701	5.657611846923828
-1.9429986476898193	24.054908752441406
-1.2860016822814941	-1.5807143449783325
-0.8399779796600342	-16.26602554321289
-3.258925199508667	0.8236539959907532
-19.66632652282715	0.9163574576377869
-13.068787574768066	-30.89279556274414
5.574820518493652	-0.5860075354576111
-7.5303120613098145	15.070036888122559
1.9613981246948242	26.503572463989258
-16.206523895263672	3.314068555831909
9.571833610534668	7.52262020111084
-1.5124237537384033	-1.3031374216079712
1.0600351095199585	0.4414154887199402
1.9810395240783691	5.453964710235596
-4.69824743270874	-1.8408174514770508
-4.985592842102051	0.5908455848693848
2.175098419189453	29.92732810974121
1.416917324066162	3.511990547180176
-1.340975284576416	-0.7411656975746155
-2.162423849105835	0.48075950145721436
-0.9833917617797852	-1.8330557346343994
-3.2982137203216553	16.69278335571289
-1.274821162223816	3.4985435009002686
-1.4512053728103638	-0.8776662349700928
-0.8598257303237915	-1.5386775732040405
-11.914535522460938	14.429353713989258
-5.043730735778809	-3.3210456371307373
-2.8037521839141846	0.10439388453960419
4.52831506729126	6.401836395263672
1.998619794845581	3.1095705032348633
-6.339313983917236	0.10924898087978363
1.26200532913208	2.460458517074585
-4.471118927001953	-18.362367630004883
-1.5589358806610107	-1.1322354078292847
-9.71502685546875	-50.18717575073242
-3.287203073501587	9.680974960327148
-1.2036828994750977	12.359139442443848
-3.10308837890625	15.675286293029785
2.4560532569885254	6.667324066162109
6.831175327301025	1.567175269126892
2.004248857498169	33.238460540771484
-5.769269943237305	12.971630096435547
-1.672491192817688	-1.2355659008026123
-2.2056102752685547	-0.34872108697891235
-0.44294705986976624	2.192295789718628
-4.3423590660095215	5.035938262939453
-8.851333618164062	-38.41188049316406
-7.242814540863037	-7.667020320892334
-5.00722074508667	-6.843235015869141
-13.379344940185547	-36.893009185791016
2.390066623687744	0.19299761950969696
-4.271604537963867	14.307207107543945
-12.509944915771484	-0.9026625752449036
-3.327791213989258	-1.7808541059494019
1.7231332063674927	0.4399668574333191
-0.33571258187294006	4.150304794311523
-4.900479793548584	-3.6295318603515625
-2.643332004547119	0.23749105632305145
-3.3180577754974365	-47.47850036621094
3.3482768535614014	2.6930148601531982
-0.5592520236968994	-2.160081624984741
-1.0719270706176758	-0.7584168314933777
-1.8503551483154297	5.858865737915039
-17.387460708618164	-35.7582893371582
-0.05499305576086044	-3.3323421478271484
-3.088446855545044	1.0077390670776367
1.68738853931427	-0.29073911905288696
-4.642331600189209	4.076997756958008
1.9819358587265015	0.3998393416404724
-5.810356140136719	-3.985576868057251
10.52841854095459	7.94827938079834
-7.710922718048096	12.094075202941895
4.832578182220459	-0.3589807152748108
-5.791566848754883	-2.8285319805145264
-1.1513311862945557	21.985219955444336
-0.9895615577697754	-1.548801302909851
-0.9181811809539795	-2.4884963035583496
-7.47197151184082	1.1725102663040161
2.2013304233551025	2.644327402114868
-9.626565933227539	12.729509353637695
-6.824655055999756	0.4159577488899231
4.079493045806885	6.5497260093688965
-1.2386772632598877	3.734748601913452
7.902839183807373	3.325516700744629
-3.11997652053833	-17.51051902770996
-16.17951202392578	1.6708840131759644
-1.4367464780807495	-1.9120558500289917
-5.892018795013428	11.391839981079102
-0.12504276633262634	24.43292236328125
0.2759720981121063	3.7362723350524902
-1.0587053298950195	-2.426201820373535
-3.510215997695923	3.257510185241699
-3.0996251106262207	-3.4388844966888428
-7.024840831756592	-6.524367809295654
-0.03729226440191269	2.860288619995117
-7.109586715698242	-4.900145053863525
-9.48608684539795	-0.10417993366718292
0.056261636316776276	-2.9177443981170654
1.320330262184143	-0.24302394688129425
-4.080713272094727	-0.7344398498535156
-1.3115861415863037	-1.8640546798706055
-1.1200616359710693	-1.6663013696670532
-3.260571002960205	-4.756977558135986
4.854480266571045	1.784630537033081
-0.9007182121276855	7.8400397300720215
0.5366945266723633	1.5120540857315063
-0.6820255517959595	-2.445922613143921
-0.8015154600143433	-1.677302360534668
-6.943131446838379	-32.77681350708008
2.4651601314544678	5.351717472076416
2.2064754962921143	2.8162930011749268
-6.5799689292907715	12.57435417175293
9.879301071166992	12.878293991088867
4.93045711517334	6.670652866363525
0.21076521277427673	-3.358323574066162
-5.84761381149292	-6.2773871421813965
15.182513236999512	-3.0311601161956787
1.5051515102386475	2.5913546085357666
0.34658512473106384	-4.023184776306152
0.808144748210907	4.119368076324463
6.434096813201904	-1.8952261209487915
-11.737799644470215	4.107522487640381
6.945807456970215	17.57178497314453
1.653774380683899	2.8826520442962646
-4.785322666168213	-7.815907955169678
1.636873722076416	2.4856364727020264
-0.09542693942785263	-2.424755096435547
1.401041865348816	3.781903028488159
3.413015127182007	-1.486496090888977
1.4628454446792603	2.9060604572296143
1.477626085281372	33.21835708618164
-9.139580726623535	1.4776792526245117
12.160329818725586	-0.46962136030197144
3.8955554962158203	1.6258898973464966
-2.186495065689087	-1.1586474180221558
-18.377370834350586	-26.16957664489746
2.2294840812683105	2.8486127853393555
-5.286763668060303	21.45254898071289
-3.831240177154541	-3.3352510929107666
-20.754154205322266	-0.36747604608535767
-2.8619022369384766	-9.645425796508789
-3.4675843715667725	-0.38796430826187134
11.459715843200684	13.041902542114258
6.809770107269287	1.8078181743621826
-7.854408264160156	-0.21595843136310577
-4.3258256912231445	-8.916122436523438
11.990219116210938	-21.18347930908203
5.408987045288086	7.019096851348877
7.747638702392578	43.582237243652344
-3.995264768600464	1.4030874967575073
6.822944641113281	-3.839743137359619
-15.643929481506348	-20.57731056213379
11.184513092041016	-5.1949567794799805
-4.03587007522583	23.358774185180664
4.761551856994629	-1.5828431844711304
-9.37813663482666	-1.565588355064392
0.039474405348300934	27.048114776611328
-3.945521116256714	0.20176975429058075
-3.7879726886749268	-6.496882915496826
2.622431516647339	2.5718061923980713
-3.622762680053711	-6.002124786376953
1.5459263324737549	5.560676574707031
0.3181104362010956	-3.4812169075012207
-4.041733741760254	0.020041510462760925
10.888137817382812	8.786781311035156
-20.9396915435791	-27.07029151916504
-0.5809398293495178	-1.81536066532135
-6.629992485046387	18.39377212524414
4.606453895568848	-1.6655008792877197
-7.09744930267334	-3.1939537525177
-2.2363688945770264	-0.44734829664230347
5.7088303565979	2.74786639213562
8.923080444335938	8.186051368713379
3.3974831104278564	6.884072303771973
-1.4458990097045898	-1.9010505676269531
-3.894235849380493	1.5512813329696655
3.6515846252441406	-0.5733471512794495
1.4242678880691528	1.9929778575897217
-1.8246679306030273	-2.3954622745513916
-2.2578439712524414	0.6198167204856873
-1.5514216423034668	-8.32737922668457
6.896656036376953	8.773496627807617
-0.7522286176681519	-2.0793991088867188
-1.6275973320007324	2.2763452529907227
-4.011054039001465	-4.174530506134033
2.385251045227051	9.257941246032715
2.212214708328247	34.519386291503906
5.9955010414123535	7.560709476470947
3.2118494510650635	-0.17089088261127472
-3.05543851852417	-0.28911370038986206
-2.510751962661743	-1.5698531866073608
-1.521610140800476	2.2016990184783936
-0.3758353292942047	-2.098106622695923
-2.645341157913208	0.031042858958244324
3.0207817554473877	30.46824073791504
1.4214564561843872	0.7024101614952087
-4.995174884796143	-3.5708067417144775
-1.1557905673980713	-2.023149251937866
1.6937909126281738	24.39875602722168
0.38013318181037903	26.91412925720215
0.8374137878417969	-0.6708038449287415
-1.9068717956542969	0.33947449922561646
-6.75942850112915	-0.6526840329170227
-1.787649154663086	0.44159775972366333
7.13337516784668	0.018812760710716248
-9.2122220993042	-1.7580686807632446
0.7240021228790283	3.0614945888519287
6.045412063598633	9.814655303955078
3.0848982334136963	34.48846435546875
5.403403282165527	1.084589958190918
-1.0973286628723145	-1.52166748046875
-9.608054161071777	-0.9943862557411194
1.271811842918396	1.0541163682937622
-3.8576838970184326	-6.1342973709106445
7.729447841644287	-0.14528514444828033
-5.851415157318115	1.756820559501648
0.85141921043396	-2.732471227645874
3.0348336696624756	1.48773193359375
-6.686261177062988	0.29336684942245483
-3.1908791065216064	1.0605592727661133
-9.289496421813965	-0.4242061972618103
-2.9067132472991943	1.2437628507614136
-0.4501836597919464	-8.886175155639648
-2.7263972759246826	0.6229128241539001
-12.176994323730469	-18.8542537689209
-1.7512173652648926	-9.70485782623291
-4.697705268859863	-1.232969045639038
2.4666202068328857	1.9091107845306396
6.456877708435059	1.9646196365356445
4.318760871887207	1.4268789291381836
0.980988621711731	2.082965135574341
1.5401313304901123	2.6806178092956543
2.0518012046813965	-12.665233612060547
-4.8482666015625	15.567323684692383
-1.4037773609161377	-2.333479166030884
-1.9279570579528809	-0.055882528424263
2.0808353424072266	2.399637460708618
5.824058532714844	9.770540237426758
-1.3243541717529297	-1.3084383010864258
-3.953885793685913	3.6293575763702393
-1.1444123983383179	1.8441635370254517
-3.312647581100464	2.420067548751831
1.755666971206665	0.25913459062576294
-5.234143257141113	1.8902314901351929
-0.1861688792705536	-1.209558129310608
-3.1243107318878174	0.3803616166114807
0.4827694594860077	-3.1621906757354736
2.4382455348968506	2.188631296157837
0.8012313842773438	2.8633198738098145
-2.7566983699798584	20.890897750854492
-2.267610788345337	-0.4691329598426819
-2.501743793487549	-0.7550438046455383
-1.1689151525497437	-0.8697786927223206
-3.044667959213257	-9.868518829345703
-0.9868142604827881	-0.9586904644966125
-21.36574363708496	1.0719667673110962
6.0601115226745605	10.691267013549805
-8.986812591552734	0.6904307007789612
1.9242169857025146	5.436187744140625
-3.8787007331848145	-8.3684663772583
-13.172873497009277	-24.797672271728516
2.830152750015259	1.8431366682052612
12.936546325683594	5.3222880363464355
0.483094185590744	2.784874677658081
4.625245094299316	-2.043090581893921
-4.117142677307129	-6.702871322631836
-11.128713607788086	-51.767356872558594
-4.067422389984131	3.472564458847046
-1.2585139274597168	-2.160792589187622
-2.5802762508392334	1.3513718843460083
15.976730346679688	5.755244731903076
-2.00785756111145	-0.7958323359489441
0.8171008825302124	3.171865701675415
-4.759843826293945	-0.3312597870826721
-3.1850898265838623	-5.433644771575928
-2.640697717666626	0.40094226598739624
-1.0957214832305908	-1.5548455715179443
-3.7801482677459717	20.55959129333496
15.200098037719727	13.784099578857422
-3.5146484375	-8.57914924621582
-1.285284161567688	-1.773512601852417
-8.879491806030273	6.702706336975098
5.293074607849121	15.55467700958252
-4.883306503295898	-9.037609100341797
0.6097068786621094	0.9106183648109436
-4.4488606452941895	1.8267565965652466
-3.6121327877044678	-1.3637523651123047
-5.819279670715332	19.76414680480957
7.343228340148926	8.12569808959961
2.8916091918945312	2.080496072769165
-3.7244620323181152	-0.9871727824211121
3.0599887371063232	7.7334980964660645
-0.8148025274276733	-2.1746513843536377
-4.176987648010254	-5.990081787109375
1.144547700881958	0.005913898348808289
-5.390504837036133	2.2320802211761475
-0.023328207433223724	-2.2708303928375244
-4.949995040893555	0.7787051200866699
-0.6691319942474365	0.8917225003242493
7.04395055770874	6.652484893798828
0.006612278521060944	-2.2525980472564697
3.5755538940429688	2.3895552158355713
-18.576135635375977	-30.823688507080078
1.278006911277771	8.147969245910645
-1.7807766199111938	-0.8305878043174744
-14.085265159606934	-20.608522415161133
-4.015383720397949	-4.5956902503967285
-3.3692495822906494	-0.0823555737733841
-0.12454738467931747	-3.0243031978607178
3.5762784481048584	6.651912212371826
6.538639068603516	38.6020393371582
1.0805104970932007	2.5310356616973877
0.2918418347835541	-3.1776185035705566
-4.194429397583008	-0.07399792969226837
-5.3252410888671875	-7.0335469245910645
-17.030935287475586	-21.21094512939453
6.296343803405762	0.11733777821063995
-10.079097747802734	-3.528783082962036
-1.1014090776443481	-1.0570119619369507
-19.250741958618164	-52.404537200927734
-0.6009842157363892	-1.9936589002609253
-6.106808185577393	12.690919876098633
4.7807464599609375	-11.606771469116211
-21.57602882385254	-35.258689880371094
-12.111650466918945	-44.065834045410156
-4.957795143127441	19.657907485961914
0.4147939383983612	-1.2569575309753418
-20.560562133789062	-31.83280372619629
-10.319607734680176	-40.35905075073242
2.294248580932617	2.5879976749420166
-4.697125434875488	-2.7586326599121094
-4.113122940063477	5.695519924163818
9.133391380310059	-2.5866401195526123
-10.679619789123535	-16.303789138793945
-1.1433814764022827	-1.0734617710113525
2.9378678798675537	2.2670581340789795
10.880431175231934	-3.9426424503326416
2.79681134223938	6.7677435874938965
-0.12778201699256897	-1.2509765625
0.3169648349285126	2.307621479034424
-2.3957126140594482	-0.3764573931694031
-6.75456428527832	0.001500651240348816
-6.569397926330566	-49.28642654418945
-11.389169692993164	-15.147697448730469
-1.6399006843566895	-0.560888946056366
-5.137709140777588	-5.684096813201904
-3.4803836345672607	-1.7256159782409668
-10.716541290283203	0.487265408039093
6.437406539916992	9.182439804077148
-3.4941515922546387	-7.569514751434326
4.947933673858643	39.935420989990234
-6.401162147521973	-0.7143462300300598
1.3541408777236938	1.067601203918457
-8.343645095825195	-0.17347820103168488
-3.9534928798675537	-4.045904636383057
2.126594305038452	0.6622056365013123
4.56804895401001	6.748903274536133
3.713348627090454	0.5322008728981018
1.0558531284332275	-1.360304832458496
-23.995702743530273	-39.09511947631836
-3.0575881004333496	-1.1039413213729858
-8.114659309387207	15.957601547241211
-0.7245110273361206	-0.7330415844917297
-33.30724334716797	4.424725532531738
7.36575984954834	-0.4554849863052368
-0.783887505531311	-2.4006776809692383
1.2812480926513672	2.2900230884552
-1.8303589820861816	4.596853733062744
1.1434047222137451	1.9108799695968628
-2.588843822479248	2.011219024658203
3.377131938934326	-16.9563045501709
-5.390010833740234	-5.706104755401611
24.752225875854492	13.7017822265625
4.383310794830322	6.130367755889893
-1.5765920877456665	-8.31380558013916
-5.719571113586426	1.7216321229934692
0.7151104807853699	-4.096138954162598
-0.5234244465827942	3.7515835762023926
7.97544527053833	11.10703182220459
-25.613502502441406	-18.60899543762207
0.5240726470947266	-8.638894081115723
-7.668290138244629	16.846750259399414
0.679649829864502	0.4882689118385315
-36.367279052734375	4.848383903503418
-0.994985818862915	-2.867885112762451
-1.5684863328933716	-1.4197124242782593
-1.0985674858093262	-0.020450785756111145
2.5146126747131348	3.979138135910034
-0.4676263630390167	-2.3188884258270264
-5.0397796630859375	6.018100261688232
-2.0432331562042236	-0.18646331131458282
-7.2507734298706055	-4.218385219573975
-1.529784917831421	-0.4858699440956116
7.653627395629883	8.238943099975586
-5.324484348297119	-0.46915459632873535
-5.179687976837158	2.1215500831604004
13.127435684204102	-5.017167568206787
0.7894860506057739	5.601185321807861
-3.262932300567627	1.9684094190597534
-24.974397659301758	-34.36492156982422
-6.044856071472168	-1.0749722719192505
-3.928093671798706	18.0638427734375
4.774415493011475	-1.3121857643127441
-20.694387435913086	2.129018783569336
10.131877899169922	-5.665005207061768
-0.2505005896091461	-3.205796718597412
4.387672424316406	41.03188705444336
1.7916597127914429	5.515097141265869
10.908591270446777	46.752628326416016
-4.760180473327637	2.681487560272217
-2.2578048706054688	-11.111677169799805
-2.0623254776000977	3.7835655212402344
-3.6143319606781006	-7.515530109405518
-3.192142963409424	2.321538209915161
-0.9741568565368652	22.702131271362305
-0.12367065995931625	3.886685609817505
10.10511589050293	-4.619673728942871
-1.739977240562439	3.898968458175659
5.6424665451049805	-0.9678894877433777
-3.7414515018463135	13.69138240814209
-3.0617594718933105	0.026251599192619324
0.4708254337310791	3.3791396617889404
3.602297067642212	-10.626861572265625
-4.321864128112793	4.507460117340088
-1.5879080295562744	-0.10183091461658478
-1.3556771278381348	-2.06231427192688
-1.0538952350616455	-1.8494266271591187
-24.291038513183594	-36.12852096557617
9.647310256958008	46.07063674926758
-1.8406014442443848	3.769197702407837
-1.2113232612609863	-1.9788941144943237
-4.639946460723877	1.8837040662765503
-3.2280068397521973	-0.9417951703071594
-1.9311120510101318	4.292206287384033
-19.64505958557129	2.0177605152130127
-18.82916831970215	-38.060176849365234
6.95148229598999	6.6419830322265625
-4.478638648986816	5.909470081329346
-1.257544994354248	-0.9103383421897888
-5.38006591796875	15.104236602783203
-0.9498932361602783	-1.0067545175552368
-3.0432724952697754	3.056196451187134
-1.7448177337646484	-2.1831414699554443
2.055697441101074	3.3001890182495117
0.08307913690805435	-9.039411544799805
-26.299299240112305	-41.3180046081543
-0.7886948585510254	-1.0733610391616821
-0.057871244847774506	8.531145095825195
-6.959371566772461	-1.8599090576171875
-4.596212387084961	-7.101733684539795
3.3361802101135254	-9.67677116394043
-14.171311378479004	-32.31110763549805
-2.9584543704986572	21.540008544921875
-7.992602348327637	15.186256408691406
2.6906306743621826	-1.0962411165237427
0.9432494640350342	5.3378376960754395
-0.9611326456069946	1.5487043857574463
-13.292352676391602	-28.238813400268555
-5.439894199371338	-34.733158111572266
-7.54292106628418	-3.811469078063965
-0.18025201559066772	-7.837405681610107
-4.59578800201416	2.165334463119507
-3.569112777709961	-2.5941412448883057
0.8300845623016357	3.5601933002471924
4.205686092376709	-1.1423418521881104
-3.1354448795318604	2.5481879711151123
-6.757842540740967	0.021247729659080505
-0.4071219265460968	3.2966864109039307
-5.101053237915039	-1.7094454765319824
4.56510066986084	6.430626392364502
-0.4101293385028839	-0.3638182282447815
-6.902350902557373	-5.525293350219727
-1.8143784999847412	-0.3862484097480774
-23.949384689331055	-37.68143844604492
8.115735054016113	-5.72177267074585
-6.262989521026611	2.8248860836029053
-2.7448930740356445	-4.389073848724365
-4.90391731262207	14.61082935333252
9.3923978805542	-4.353341579437256
2.9173686504364014	5.925100803375244
-1.5427559614181519	-0.08525688946247101
1.3908199071884155	5.9432759284973145
1.0831578969955444	-3.929023027420044
-7.511040687561035	14.284680366516113
5.050870418548584	39.33821105957031
-1.825805425643921	-1.600118637084961
-6.126315593719482	-47.055389404296875
-9.944107055664062	1.3216694593429565
-3.874664068222046	-38.0132942199707
-1.813934564590454	-1.4924321174621582
0.8611348867416382	-2.875135898590088
-10.799837112426758	11.875306129455566
-0.920649528503418	-7.058188438415527
-0.6191582679748535	3.9310667514801025
0.3379015624523163	-10.509623527526855
-24.370437622070312	3.429389476776123
-3.843017578125	-4.6599440574646
-4.4812726974487305	4.600119113922119
-3.3981773853302	0.8440521955490112
-4.317108631134033	1.2540746927261353
7.424358367919922	40.11003494262695
-0.9680526256561279	3.5865023136138916
5.619659423828125	-1.419407606124878
0.7960842847824097	8.402169227600098
6.63466739654541	38.6335563659668
-26.378612518310547	4.728211879730225
-7.469419479370117	0.9003130793571472
-1.9234020709991455	-1.5273478031158447
0.30517563223838806	-0.4019858241081238
-4.617077350616455	-4.264493942260742
-0.8629498481750488	1.0304867029190063
0.9145671129226685	3.4848549365997314
-0.3930511772632599	-1.259778618812561
-5.980472564697266	-4.839697360992432
-11.272173881530762	0.3003529906272888
-2.5075576305389404	-1.2290230989456177
3.7242119312286377	-1.2162020206451416
-25.611574172973633	3.616816997528076
-1.6946134567260742	-7.552279472351074
-30.531116485595703	3.7865869998931885
10.636052131652832	20.117496490478516
0.15424993634223938	3.964650869369507
-0.8636105060577393	-1.6327879428863525
-4.865420341491699	-6.955808162689209
2.6612069606781006	-0.026545122265815735
0.0021536722779273987	3.882338285446167
3.4432809352874756	10.107917785644531
-30.112930297851562	-39.700584411621094
-4.88787841796875	-1.2298712730407715
-6.960779666900635	-0.3000553250312805
5.698233604431152	1.1087092161178589
-3.1309735774993896	3.4943745136260986
3.9013402462005615	-1.8194929361343384
-2.265653610229492	1.9312728643417358
-8.122986793518066	-23.01621437072754
-6.25075626373291	16.502735137939453
3.6738903522491455	-1.0127575397491455
-0.8208558559417725	-2.3971545696258545
-2.214613914489746	-6.3100080490112305
-0.5045673847198486	-2.90255069732666
-13.49790096282959	0.900888979434967
0.011600948870182037	4.465054512023926
-0.5644140243530273	0.5229405760765076
-2.964216470718384	2.054574966430664
-0.8746578693389893	-1.8567124605178833
3.990201234817505	5.802248477935791
-3.9950368404388428	-50.30298614501953
1.8418927192687988	2.599825143814087
-1.1847128868103027	-1.1691514253616333
-5.532228469848633	2.4729673862457275
-2.296365737915039	-1.6692183017730713
-25.57927894592285	3.236537218093872
-3.1073720455169678	-38.0922966003418
-9.202777862548828	15.885615348815918
-4.290932655334473	-0.1161549836397171
-1.6636855602264404	-1.6108754873275757
-3.0302932262420654	-3.195625066757202
-9.379020690917969	15.012853622436523
-6.1310715675354	-0.39979034662246704
-1.7628910541534424	-1.5894391536712646
3.745638132095337	-1.7871330976486206
-13.325032234191895	-32.60076141357422
-7.470143795013428	-34.22377014160156
-0.41774222254753113	25.08978843688965
13.828277587890625	3.5288243293762207
-6.874642372131348	-0.8854913115501404
-0.03835012763738632	3.8458778858184814
-0.8116703033447266	-2.6111819744110107
-1.1253628730773926	1.2827314138412476
5.591632843017578	0.795906126499176
-3.149339199066162	-0.5727031230926514
-2.242584466934204	1.0078274011611938
0.7793889045715332	-2.901191473007202
-4.4769816398620605	-5.571730136871338
1.8635764122009277	-0.5290308594703674
7.684820652008057	7.608436107635498
8.332046508789062	-4.382592678070068
-3.624094247817993	1.3242141008377075
8.006147384643555	-2.0454494953155518
-0.030948303639888763	0.10850755870342255
-12.914457321166992	1.5602316856384277
-13.936671257019043	-38.038753509521484
-4.137696743011475	-34.94328689575195
-4.554830551147461	17.55660057067871
4.08128023147583	-0.7904066443443298
-7.973657608032227	-0.6845744252204895
5.675275802612305	-0.9212239384651184
-0.8569972515106201	-2.5213897228240967
3.9958384037017822	-1.0923088788986206
6.797311305999756	0.6770457625389099
-2.2245821952819824	-1.0689359903335571
-2.9284002780914307	3.026909112930298
6.974175453186035	9.035816192626953
-2.502201557159424	-7.550954341888428
-2.2879750728607178	1.9456549882888794
5.617796421051025	8.335896492004395
2.469226121902466	28.902462005615234
-2.7875237464904785	0.7843412756919861
-2.441990613937378	-5.219439506530762
1.752426266670227	2.411280393600464
-0.40451088547706604	-1.7767845392227173
-14.546770095825195	-47.12102127075195
9.851232528686523	-2.0446560382843018
-2.9957211017608643	15.959676742553711
-5.854433536529541	0.23580841720104218
-6.892192840576172	-0.6035400032997131
-0.2594723403453827	-1.6863908767700195
-1.0352392196655273	-2.8384976387023926
19.27045249938965	7.649523735046387
5.266997337341309	1.0084388256072998
5.186631202697754	31.207223892211914
8.600234031677246	9.009053230285645
-1.2435263395309448	7.402683734893799
-3.5599002838134766	0.7913719415664673
-2.2320570945739746	23.2324161529541
0.5884339809417725	2.0926854610443115
-8.269346237182617	0.7117956876754761
-1.7638157606124878	-2.2593204975128174
-13.154827117919922	0.17278771102428436
4.002199649810791	1.575522541999817
-16.948223114013672	-56.81277084350586
-3.226030111312866	15.733641624450684
-0.3200642168521881	-0.5106324553489685
0.9253731966018677	2.8793318271636963
-1.8764281272888184	-1.4157357215881348
-3.3096201419830322	-6.82888650894165
-0.3720710575580597	-2.8887598514556885
-4.253108024597168	-4.744588375091553
10.587921142578125	-2.812762498855591
7.367640495300293	8.456010818481445
-0.5786155462265015	-4.780422687530518
-1.1483771800994873	-1.9488624334335327
13.928915023803711	50.163002014160156
-0.8419524431228638	-2.499384641647339
-22.754371643066406	-50.42500686645508
-18.201826095581055	1.917185664176941
-3.516554594039917	19.839130401611328
-3.894550085067749	19.05946922302246
-3.0302658081054688	-22.909379959106445
3.7145628929138184	2.4857351779937744
3.269507884979248	-0.10840244591236115
7.318713188171387	0.630174994468689
-4.595867156982422	-3.785053253173828
4.016406059265137	7.10907506942749
3.222867250442505	-17.399349212646484
-1.7685452699661255	-1.9673045873641968
-0.6551709771156311	-0.8936372399330139
-2.7038283348083496	1.0581797361373901
5.077056884765625	-0.3003937602043152
2.3672962188720703	2.302593946456909
-3.4324097633361816	-3.8995964527130127
3.7034928798675537	1.4939664602279663
10.040058135986328	46.10004425048828
-2.4741897583007812	19.33378791809082
-0.7098937034606934	-2.3232245445251465
-1.5002918243408203	19.32118034362793
3.1198318004608154	31.09855842590332
-11.368081092834473	-36.0387077331543
0.1484571397304535	-1.9892760515213013
-2.541518211364746	17.92155647277832
-0.6882057189941406	1.7500615119934082
2.3040592670440674	1.9269243478775024
-2.4823598861694336	-7.853091716766357
-3.2721469402313232	-6.5231428146362305
-2.07621693611145	-7.478600978851318
-11.888132095336914	-34.361141204833984
7.77401065826416	44.16181564331055
-7.171597480773926	-0.7687980532646179
-15.35857105255127	-32.22024154663086
-3.186288833618164	0.7339624762535095
-4.1773200035095215	-0.9810640215873718
-17.51512336730957	1.7218014001846313
3.446502447128296	24.394323348999023
-2.8622539043426514	17.035144805908203
-1.9969990253448486	-2.1219940185546875
9.951530456542969	8.297718048095703
3.223566770553589	0.005024954676628113
-0.4405689537525177	-0.8941739797592163
-1.9024181365966797	-0.9184179902076721
-10.001310348510742	-55.9825553894043
-29.007888793945312	3.345579147338867
-5.013974189758301	-57.47650146484375
-2.738956928253174	-8.354734420776367
-6.383010387420654	-0.7156586050987244
0.4049663841724396	2.6019127368927
-6.034745693206787	-61.184959411621094
9.461244583129883	15.875561714172363
-2.766433000564575	-7.340487957000732
6.64583158493042	-1.88880455493927
1.8234635591506958	0.5909399390220642
-2.9209840297698975	23.697162628173828
-5.511425018310547	-0.40299636125564575
0.8108131885528564	1.3256057500839233
-1.4572947025299072	-2.077751398086548
3.318441867828369	0.4872318506240845
7.362430572509766	8.40981388092041
2.981191635131836	-0.8625794053077698
-4.175664901733398	-5.619452476501465
-5.4162774085998535	-32.29575729370117
2.1688215732574463	0.6500939130783081
0.5855038166046143	-0.4567316174507141
-3.2620956897735596	0.9716543555259705
4.650378227233887	8.81767749786377
4.6844305992126465	7.841369152069092
4.159128189086914	-0.442998468875885
-3.8921639919281006	1.0659962892532349
-5.608113765716553	-3.2466111183166504
3.0120794773101807	1.3657913208007812
-0.1852910816669464	-2.341736078262329
-7.448495388031006	0.10905764997005463
-27.094135284423828	0.9602945446968079
-6.352231979370117	-0.02640075981616974
-0.27081671357154846	-2.4670097827911377
5.068809509277344	1.190804362297058
-6.680752277374268	2.8291478157043457
-3.502201795578003	1.3572088479995728
-1.7385680675506592	-1.2482069730758667
-3.814418077468872	-6.228204250335693
3.127183675765991	0.9787585139274597
1.636518120765686	2.9318461418151855
8.340240478515625	-1.9195269346237183
1.2688145637512207	2.9833946228027344
-10.202742576599121	0.16344968974590302
0.8965834975242615	3.176866054534912
-1.012493371963501	-9.969599723815918
-6.316742897033691	-45.19253921508789
7.091757774353027	12.856599807739258
-10.171497344970703	-58.01925277709961
1.3262535333633423	-1.0573625564575195
-4.328368663787842	1.1159106492996216
-7.1791486740112305	-0.013628080487251282
-13.019840240478516	-48.46512985229492
-3.834947347640991	2.150041103363037
-4.072280406951904	0.9734796285629272
0.26532670855522156	-4.1457719802856445
-4.10408878326416	-5.72955322265625
-1.5157488584518433	-0.47169142961502075
-4.046618461608887	-7.37606143951416
1.2941091060638428	-9.4718599319458
-3.131211042404175	0.5688900947570801
-2.5873754024505615	0.2128206342458725
-3.46510910987854	3.9632205963134766
7.521387100219727	34.475955963134766
-3.5980751514434814	18.72650909423828
-1.971914291381836	0.19192831218242645
6.697841644287109	8.246206283569336
0.5827947854995728	-2.9417569637298584
-1.6456429958343506	-1.8295080661773682
-2.9883432388305664	-5.029525279998779
-3.720339059829712	1.3335545063018799
3.5403993129730225	-0.5951352715492249
-3.2490036487579346	3.847102642059326
-4.81224250793457	-22.71769905090332
-17.389266967773438	-56.85257339477539
-3.906654119491577	-44.4510383605957
-2.0621979236602783	-1.4348825216293335
-11.622289657592773	0.39612311124801636
-4.713451385498047	-4.812771320343018
-1.1207115650177002	-6.010087013244629
5.433374404907227	7.41672420501709
-1.8789054155349731	0.6786993145942688
-1.9487273693084717	-1.4204634428024292
-1.2157131433486938	0.31560713052749634
-3.565053701400757	19.30059814453125
2.627398729324341	-0.04630096256732941
-0.9676675796508789	-2.4169394969940186
-2.9484665393829346	2.75764536857605
1.8757514953613281	2.419370651245117
-0.6283679008483887	0.7066342234611511
-2.893914222717285	1.7723313570022583
2.0408830642700195	0.9651198983192444
-4.711178302764893	11.974519729614258
4.322690963745117	36.71831512451172
-2.7402493953704834	2.3414995670318604
0.03682742267847061	2.6591668128967285
-20.324804306030273	-58.117671966552734
4.355249404907227	-1.0670500993728638
3.3228280544281006	9.325862884521484
4.399114608764648	36.8930549621582
-9.039952278137207	0.8349868059158325
-0.5778297185897827	-2.870253562927246
8.012884140014648	8.172887802124023
4.247078895568848	-2.3421411514282227
5.095468997955322	1.652868628501892
-14.225702285766602	-52.13615798950195
-2.2534475326538086	-1.1076635122299194
-1.6479804515838623	-7.869318962097168
-3.7821643352508545	16.573974609375
2.1172285079956055	13.49106216430664
5.705044269561768	7.413322925567627
-1.098012924194336	-0.5817798972129822
-5.226327896118164	-5.206439971923828
-1.4758989810943604	-1.258801817893982
-14.161795616149902	-39.550636291503906
9.955321311950684	46.19377136230469
0.05171570926904678	30.919633865356445
7.804985046386719	-2.7999701499938965
-11.543207168579102	-2.8736727237701416
3.043184995651245	-1.0233757495880127
-0.6724746823310852	-2.6224076747894287
-2.547947645187378	-8.587837219238281
7.793487548828125	0.8294656276702881
-0.021110795438289642	11.189237594604492
-0.8694956302642822	-1.4847205877304077
5.929111480712891	9.71242618560791
-2.7144172191619873	-8.482871055603027
1.0470552444458008	0.7114123702049255
14.460302352905273	7.49744176864624
-7.317434310913086	-2.2091972827911377
-2.208789110183716	0.011183187365531921
1.5818873643875122	0.910925567150116
3.189868450164795	-0.949680507183075
-2.1082630157470703	-0.07269920408725739
-8.17252254486084	-32.768287658691406
14.883444786071777	13.244868278503418
-2.3535048961639404	27.02448844909668
-9.172059059143066	14.987861633300781
-13.24812126159668	-0.5203951001167297
-1.7242052555084229	-1.5029823780059814
-0.17958763241767883	-2.0620858669281006
-1.9333958625793457	-0.19897015392780304
9.08725357055664	0.6470096111297607
-4.314814567565918	-3.814711332321167
-3.0652108192443848	2.2973294258117676
-7.220747470855713	-40.83671569824219
-4.750932216644287	-6.774341106414795
-2.6003458499908447	-1.6900155544281006
7.808294296264648	6.638062953948975
-0.8156024217605591	-2.098052740097046
-8.926567077636719	2.5937352180480957
-6.104201793670654	-0.38287025690078735
-0.28598979115486145	0.5002387166023254
4.030255317687988	-44.474525451660156
-10.247499465942383	-22.741044998168945
1.5770552158355713	-0.04295690357685089
-2.070979356765747	26.39267349243164
-5.010040760040283	-0.7801114916801453
-13.589015007019043	-0.9070493578910828
2.550161361694336	0.6139588356018066
-1.1922731399536133	-2.4176905155181885
4.348729610443115	-0.7034173607826233
4.251438617706299	1.8331421613693237
0.18812018632888794	-7.35834264755249
-0.4367126524448395	-2.475851058959961
-12.881953239440918	-1.9212359189987183
-5.612736701965332	-5.129461288452148
-5.1007184982299805	-4.306511402130127
4.906949996948242	7.493998050689697
0.2968173325061798	-9.450818061828613
-4.579639911651611	1.6848798990249634
-7.001819133758545	-0.38574832677841187
0.3487928807735443	3.157869577407837
-15.682442665100098	0.7240299582481384
-13.343204498291016	-26.105587005615234
-2.5408971309661865	-4.508333206176758
1.9840669631958008	8.967247009277344
-3.404921054840088	-1.1530829668045044
-2.7540721893310547	1.938853144645691
-3.7234861850738525	-2.8269031047821045
0.5702624320983887	0.9317929148674011
-5.263090133666992	-7.1595025062561035
1.298663854598999	1.89683997631073
-5.106552600860596	-1.6587984561920166
-12.409880638122559	-29.199539184570312
-1.794940710067749	-2.1509313583374023
-5.300945281982422	16.114063262939453
2.721552848815918	33.888519287109375
6.144886016845703	1.2750390768051147
5.810439586639404	-2.9817888736724854
-1.6677111387252808	-1.514794945716858
-0.8940426111221313	-1.998071312904358
-6.824865341186523	16.706274032592773
4.030488967895508	-28.046846389770508
-4.332464694976807	-4.345763683319092
0.14870181679725647	-6.416478633880615
3.6052815914154053	10.37112808227539
-2.725944757461548	-1.0418801307678223
-1.6716910600662231	-1.84129798412323
5.086392402648926	-0.3851442337036133
-30.36690330505371	3.8398196697235107
-0.5566173791885376	-1.867767572402954
1.3043521642684937	0.08846716582775116
-7.51422119140625	-46.58867263793945
-14.708379745483398	-31.474607467651367
0.709882378578186	0.9046111106872559
-1.4255900382995605	-2.3124263286590576
-7.8304524421691895	-33.52745056152344
-5.656745910644531	-2.4704954624176025
4.54360294342041	-1.273607611656189
4.196269989013672	6.840573310852051
4.321903228759766	-0.7370961308479309
-1.7555710077285767	-2.19209623336792
1.4800864458084106	26.46140480041504
-1.080152988433838	1.7825063467025757
-2.6095449924468994	-0.9428572058677673
0.8611670732498169	1.6938828229904175
3.426046371459961	-1.455725908279419
-2.0667531490325928	-1.840737223625183
3.871828556060791	35.10982894897461
-2.958958625793457	0.3487575650215149
-0.08891107887029648	1.5153591632843018
1.1883691549301147	32.06995391845703
6.776627540588379	-1.8575387001037598
-7.3055949211120605	-0.9529072642326355
-0.5999435186386108	-0.47113388776779175
0.9546800851821899	0.8336734175682068
3.858981132507324	-0.8411905169487
-4.997946739196777	-5.405693531036377
-20.08986473083496	1.0244688987731934
7.391385078430176	7.211820125579834
-7.885414123535156	-0.655781090259552
-1.5909134149551392	-1.557275414466858
-27.36655616760254	-37.1981201171875
-3.5888781547546387	-5.476239204406738
10.902507781982422	17.43869400024414
-1.0975004434585571	-1.6964374780654907
2.811899423599243	-0.4193292260169983
0.5313043594360352	-3.3355889320373535
1.4584758281707764	-0.22954650223255157
-12.303268432617188	-20.358661651611328
-0.9866604804992676	-1.978378176689148
-2.756227970123291	1.3560243844985962
-0.840929388999939	-1.9250706434249878
3.01653790473938	2.088275194168091
5.508111000061035	4.073630332946777
-12.365301132202148	-28.285873413085938
-2.69848370552063	2.327143430709839
-1.6127185821533203	-1.7217835187911987
-11.841073989868164	0.9865679144859314
1.677976131439209	1.2503306865692139
0.9511041045188904	-3.6122117042541504
4.246068000793457	6.790248394012451
8.392091751098633	-0.11080111563205719
-2.412585973739624	23.206390380859375
-1.6053886413574219	-0.9425866007804871
7.862144470214844	-0.6379808187484741
2.3715834617614746	-11.592225074768066
-1.2804123163223267	-2.691251039505005
7.125611305236816	12.07149887084961
8.420815467834473	6.973083019256592
2.8881421089172363	-0.9433031678199768
-4.433416843414307	-5.627371311187744
-3.3596444129943848	-7.445237159729004
-9.513465881347656	-1.6881248950958252
-4.086472988128662	-1.8430122137069702
-2.2219111919403076	25.676176071166992
-3.0695340633392334	-4.622479438781738
-2.5268731117248535	1.0198566913604736
0.028978683054447174	1.0689367055892944
-1.5515371561050415	-1.6980572938919067
-0.5562742948532104	-2.256495237350464
-17.887056350708008	-47.75545883178711
-0.6378200650215149	-1.0384198427200317
-0.30396178364753723	-2.75376558303833
-6.217647075653076	0.029602572321891785
-6.609231472015381	-23.038448333740234
