-11.837997436523438	3.0077884197235107	8.089171409606934
-17.566343307495117	5.478708744049072	1.1660245656967163
7.230218887329102	2.6037724018096924	-13.947196960449219
6.551693916320801	16.444568634033203	2.5743956565856934
-0.8466510772705078	-7.833836078643799	-11.059259414672852
-1.8223001956939697	-10.514128684997559	7.407334804534912
4.2039618492126465	-13.224443435668945	-2.622166156768799
-2.818803548812866	-2.231818675994873	-5.166387557983398
0.10782048851251602	-18.070510864257812	3.016458034515381
10.092323303222656	11.903885841369629	13.352124214172363
-2.3482468128204346	14.108410835266113	21.4965763092041
5.474759101867676	6.3250555992126465	20.148439407348633
8.484237670898438	11.635191917419434	-10.312898635864258
3.886300802230835	17.79610824584961	12.407474517822266
-12.650367736816406	-13.327857971191406	-1.081689715385437
-10.750697135925293	4.850183010101318	14.510263442993164
-2.603943109512329	7.325420379638672	-4.658352375030518
7.042214870452881	14.821329116821289	-6.117926597595215
-11.04350471496582	-3.6545956134796143	18.605323791503906
-9.077882766723633	-12.755270957946777	9.36874008178711
16.00980567932129	0.3933376669883728	3.0650105476379395
-12.480711936950684	18.676881790161133	6.124541282653809
-4.94087028503418	4.352415084838867	-14.615421295166016
-2.2757785320281982	-2.9085631370544434	-8.232577323913574
-3.91998028755188	-15.185400009155273	-1.001949429512024
6.00058650970459	19.14120101928711	2.690514087677002
-0.530575156211853	12.35575008392334	-4.040801048278809
7.131108283996582	5.363694190979004	-12.918006896972656
-12.237726211547852	-5.221409797668457	17.407440185546875
-9.418952941894531	8.2479829788208	16.538610458374023
6.049180507659912	-8.971482276916504	22.677156448364258
6.821874618530273	13.78551197052002	-9.246841430664062
-15.904178619384766	19.9527645111084	1.4547762870788574
9.890303611755371	8.992145538330078	18.10484504699707
3.9117164611816406	7.986015319824219	13.135505676269531
-13.672683715820312	15.01798152923584	-1.8005200624465942
2.7543694972991943	12.225241661071777	-0.24294976890087128
14.547343254089355	-1.4826438426971436	-3.9775800704956055
-5.779163360595703	-17.798675537109375	4.001922130584717
-1.401588797569275	12.794377326965332	13.103325843811035
-19.46226692199707	-4.7813615798950195	15.725505828857422
15.790519714355469	0.26095151901245117	15.699073791503906
-5.674139022827148	-0.08840611577033997	-14.207669258117676
-17.943462371826172	-6.240706920623779	1.1826008558273315
7.413933753967285	12.075963020324707	-11.564050674438477
-3.3404972553253174	13.583446502685547	12.559394836425781
-14.793956756591797	-6.384040355682373	4.783802032470703
-1.7100306749343872	21.479087829589844	6.564801216125488
3.7473881244659424	-4.4392900466918945	21.522390365600586
-12.15066146850586	-10.63750171661377	10.095742225646973
4.475697040557861	-14.362526893615723	15.297626495361328
7.725106239318848	18.092357635498047	-1.5837070941925049
10.173534393310547	6.110281467437744	-11.644128799438477
10.285087585449219	7.672867298126221	14.745508193969727
-17.34088134765625	-2.0622432231903076	-4.904282569885254
-2.9643216133117676	14.6791410446167	13.059427261352539
2.3628828525543213	-11.250897407531738	-7.076479434967041
-5.949956893920898	14.737841606140137	-2.732933521270752
1.5599424839019775	10.517746925354004	-1.8611503839492798
6.255984783172607	18.712688446044922	4.1958537101745605
9.147994041442871	6.873198986053467	-12.737930297851562
1.4889552593231201	3.7475218772888184	-10.840911865234375
-5.226973533630371	13.521676063537598	-0.10827554762363434
4.16257905960083	5.282186985015869	-10.09018325805664
-2.9150733947753906	7.4652204513549805	-8.303417205810547
9.31572151184082	11.862589836120605	-8.298360824584961
4.877098083496094	14.275657653808594	-3.766986846923828
-8.233545303344727	15.738948822021484	12.674104690551758
0.8521228432655334	2.5581705570220947	-12.053380966186523
5.5089287757873535	18.77134895324707	10.012327194213867
14.278539657592773	6.574885845184326	-6.705965518951416
-1.8128002882003784	18.715591430664062	8.872215270996094
-16.967592239379883	-6.074802875518799	-5.4935622215271
14.108234405517578	-5.511412620544434	5.307312965393066
1.4824382066726685	20.003948211669922	3.576744556427002
2.776036500930786	-18.035675048828125	12.215928077697754
-15.342344284057617	-2.285778522491455	12.358417510986328
-18.41851043701172	17.771446228027344	7.773085594177246
-18.69908332824707	-1.6766605377197266	15.77619743347168
10.493593215942383	9.075573921203613	-10.10334587097168
6.10826301574707	13.149526596069336	-12.001432418823242
5.068668365478516	13.966412544250488	-10.340394020080566
-9.60871696472168	11.441961288452148	-7.732510566711426
-2.0180139541625977	-11.12736701965332	16.045400619506836
11.063067436218262	8.9126615524292	-10.424893379211426
6.2479095458984375	18.111629486083984	-2.9720232486724854
1.1353076696395874	9.482171058654785	-7.842398643493652
4.707925796508789	8.808390617370605	16.936132431030273
4.470041751861572	3.5591821670532227	-13.395925521850586
15.466228485107422	0.3920161724090576	10.241777420043945
-15.214094161987305	-1.2656803131103516	15.396474838256836
7.976109981536865	-0.07688945531845093	21.720975875854492
15.450187683105469	4.263195037841797	8.408843994140625
-16.692041397094727	0.6231172680854797	15.286391258239746
6.955094814300537	-15.658478736877441	1.573630452156067
7.101747035980225	15.062402725219727	-8.14779281616211
12.659637451171875	-3.1063199043273926	20.757658004760742
-7.842633247375488	11.772894859313965	21.449373245239258
5.065725803375244	-11.133275032043457	-5.717523574829102
12.35669994354248	-4.35575532913208	12.204721450805664
15.323247909545898	4.459661483764648	-6.149189472198486
0.200033038854599	18.309730529785156	1.4472674131393433
-15.905698776245117	-4.149775505065918	12.056999206542969
-3.8967416286468506	-8.687405586242676	-2.9751248359680176
-2.960855484008789	11.665332794189453	8.91109561920166
-8.94176197052002	16.29119873046875	3.8042378425598145
4.171966552734375	16.35468101501465	-8.278505325317383
-10.123405456542969	4.556994438171387	19.692996978759766
-23.641820907592773	5.819982528686523	0.6240795850753784
4.673957824707031	13.229371070861816	17.576623916625977
3.2039380073547363	-10.325109481811523	-7.6799211502075195
12.515972137451172	6.387109756469727	9.226006507873535
-7.927202224731445	-11.256165504455566	-6.707827568054199
16.681764602661133	6.173296928405762	6.572525978088379
-16.611923217773438	-3.5650408267974854	-5.949517250061035
5.19515323638916	19.367931365966797	4.7809224128723145
-0.7074685096740723	-19.347328186035156	6.307211399078369
12.97761058807373	10.212817192077637	7.102041244506836
7.849923133850098	12.399944305419922	-10.412771224975586
-13.219380378723145	11.36567497253418	14.530749320983887
-1.2155722379684448	-2.869886875152588	-10.269123077392578
-0.48300954699516296	3.9672908782958984	19.792753219604492
-6.059445858001709	-9.123677253723145	-7.106697082519531
8.553960800170898	12.647136688232422	5.083402633666992
-0.38526275753974915	7.197569370269775	12.92994213104248
-11.773078918457031	-0.7328701615333557	-3.531299114227295
3.4679880142211914	18.283252716064453	-6.195284366607666
-2.3333632946014404	-15.662116050720215	10.328620910644531
-14.11775016784668	-3.732982873916626	11.944275856018066
7.87388801574707	-6.365561485290527	20.024253845214844
-14.296873092651367	16.963748931884766	-3.189521074295044
6.644833564758301	14.703592300415039	-4.272972106933594
9.864944458007812	9.835986137390137	-10.714726448059082
14.003578186035156	-2.185338020324707	2.361135721206665
-0.5047912001609802	-4.79779577255249	16.644222259521484
10.041547775268555	5.002707481384277	9.061945915222168
15.155075073242188	1.7252482175827026	-1.4984930753707886
-8.016546249389648	17.139970779418945	10.12763786315918
-2.7039437294006348	3.0425143241882324	-15.420600891113281
11.335424423217773	-1.590341567993164	17.32218360900879
5.84397554397583	-6.805270195007324	16.565935134887695
-15.77491283416748	9.660285949707031	11.011093139648438
-2.609593391418457	-17.31734848022461	0.5990119576454163
1.6441067457199097	15.394743919372559	3.3345589637756348
-10.219107627868652	12.90817642211914	-8.617216110229492
-15.256914138793945	15.550074577331543	8.979442596435547
9.640280723571777	0.45062780380249023	9.849809646606445
-3.5581822395324707	-13.82591724395752	2.882479667663574
13.213590621948242	-1.9490966796875	-0.8374856114387512
10.788972854614258	-4.251508712768555	-8.583057403564453
-10.520639419555664	-0.568881630897522	-5.38844108581543
-17.336000442504883	13.997979164123535	5.8737335205078125
-12.75206184387207	-0.91374272108078	16.240610122680664
-6.669918537139893	6.698402404785156	-5.103755950927734
2.221893548965454	6.2303314208984375	0.000731542706489563
7.987099647521973	14.242942810058594	-1.8477369546890259
-10.573945999145508	1.5261363983154297	-12.836444854736328
-9.719094276428223	0.6452968716621399	-7.031940460205078
-17.092500686645508	-8.389126777648926	1.9803045988082886
14.966888427734375	0.1310010403394699	12.798912048339844
0.046592213213443756	-17.621461868286133	14.606401443481445
0.5554513335227966	-1.6803665161132812	-7.031376838684082
-21.85540199279785	1.5841128826141357	7.934566497802734
11.99559497833252	-5.67539644241333	7.270872116088867
0.5669763088226318	-16.287254333496094	-3.0847692489624023
9.168672561645508	0.12974390387535095	11.207603454589844
-0.715988278388977	1.0594065189361572	-15.17125129699707
0.895823061466217	0.9758152365684509	-7.2137651443481445
-1.9363490343093872	8.110308647155762	-2.3931946754455566
-1.2102042436599731	0.8625416159629822	-11.357609748840332
-4.923618316650391	2.2891316413879395	1.7773066759109497
13.56654167175293	-2.104064464569092	1.728358507156372
-1.5304579734802246	-16.027713775634766	-0.41537827253341675
0.9273432493209839	3.8505640029907227	-11.291902542114258
11.30527114868164	9.155998229980469	-11.21467399597168
10.017885208129883	9.850990295410156	16.601411819458008
-0.10733141750097275	-19.474563598632812	17.328903198242188
3.340958833694458	-9.544907569885254	-3.6315011978149414
-2.512227773666382	8.995335578918457	-13.357332229614258
-7.243002891540527	6.410828590393066	23.30275535583496
11.288022994995117	-11.86534595489502	12.817376136779785
10.852134704589844	18.040740966796875	-2.7914085388183594
9.165336608886719	9.323639869689941	0.3566548824310303
7.241533279418945	-2.0971622467041016	23.281354904174805
3.687880039215088	-3.435421943664551	15.821046829223633
-2.137514114379883	17.789730072021484	18.820585250854492
-13.752497673034668	-7.390207290649414	-7.588823318481445
4.391867637634277	-18.259601593017578	15.06267261505127
15.410932540893555	7.411127090454102	11.339518547058105
11.357545852661133	-3.2928576469421387	17.456893920898438
-1.2366909980773926	-14.628228187561035	10.734075546264648
-14.870149612426758	5.0170159339904785	-10.300168991088867
10.90658950805664	2.5942113399505615	-12.98505687713623
-3.4541890621185303	14.53515338897705	19.368053436279297
-4.509559154510498	-18.741493225097656	7.21803092956543
-1.7482202053070068	6.630804061889648	21.611539840698242
-2.1049273014068604	-19.259109497070312	11.020357131958008
11.747917175292969	18.579071044921875	-3.3712730407714844
3.5864830017089844	-17.757516860961914	3.0339269638061523
4.834512710571289	1.5744140148162842	23.088682174682617
8.039508819580078	10.545676231384277	-11.81399917602539
-0.5511189699172974	20.199268341064453	12.165428161621094
10.337419509887695	3.138960361480713	12.48611831665039
9.829678535461426	-13.872199058532715	11.788894653320312
14.41611099243164	0.08405178785324097	0.0035859793424606323
-9.873856544494629	17.732309341430664	-4.0498762130737305
-22.730735778808594	1.334275484085083	9.627127647399902
-0.3169232904911041	15.243500709533691	16.232534408569336
-17.897157669067383	-5.606032848358154	-4.448485374450684
-8.304911613464355	1.0475425720214844	23.561307907104492
-15.390142440795898	4.562893390655518	-5.245113849639893
10.783817291259766	18.954954147338867	-0.2956799268722534
-7.149918079376221	-17.779808044433594	1.274824619293213
10.29560375213623	-11.79683780670166	16.861860275268555
-7.463582515716553	19.818614959716797	11.903705596923828
1.4531391859054565	-17.224933624267578	14.815135955810547
-15.96075439453125	-9.264222145080566	-3.2932662963867188
-12.346101760864258	17.078439712524414	-4.925971984863281
-7.056506156921387	9.446175575256348	-7.89835262298584
7.637922763824463	-0.1756097674369812	21.77312469482422
5.5349812507629395	-14.201904296875	17.04359245300293
1.9059944152832031	-7.438904762268066	0.40843528509140015
-9.057941436767578	15.916266441345215	6.548725128173828
-2.036381721496582	3.5099759101867676	8.028739929199219
11.31271743774414	-5.169858932495117	6.186094284057617
-17.183794021606445	2.2154383659362793	-7.840387344360352
-16.94230842590332	14.746604919433594	2.9495351314544678
9.421438217163086	6.275843620300293	-2.152580499649048
13.786306381225586	6.635255813598633	-1.1943951845169067
-5.649982452392578	16.212472915649414	-11.20907974243164
11.602136611938477	7.295812606811523	-11.313374519348145
-15.172511100769043	2.787163019180298	-9.821735382080078
10.236381530761719	-12.451601028442383	2.520267963409424
-3.7454142570495605	18.394432067871094	17.5650577545166
4.925791263580322	15.10365104675293	-0.2069012075662613
0.4876571595668793	15.648469924926758	-8.890046119689941
-6.2641825675964355	9.769363403320312	3.8461766242980957
-4.347080707550049	21.11538314819336	2.8934357166290283
8.6416654586792	4.924654483795166	-13.00574779510498
-8.05537223815918	-11.382399559020996	9.664219856262207
15.72108268737793	4.005990028381348	-5.926014423370361
-0.8625285625457764	6.0830488204956055	21.51258659362793
7.374306678771973	5.3802595138549805	-13.698266983032227
10.97636890411377	11.709296226501465	-9.707796096801758
1.4411474466323853	-9.557374000549316	2.411324977874756
-8.385344505310059	12.20687198638916	14.681367874145508
9.229682922363281	12.994175910949707	10.020685195922852
-6.391896724700928	9.080740928649902	1.0757148265838623
-2.1533310413360596	-9.220830917358398	19.24036979675293
11.059867858886719	-2.836022138595581	19.27738380432129
-5.082740783691406	7.427505016326904	-13.192319869995117
-10.509769439697266	5.013445854187012	-11.608762741088867
10.697895050048828	5.0040388107299805	-11.602420806884766
-5.552255153656006	-19.288280487060547	5.871760368347168
-3.1238250732421875	14.180306434631348	-2.1562681198120117
9.255178451538086	-5.4611406326293945	21.1468563079834
2.8455069065093994	-6.1325483322143555	-10.056577682495117
11.71925163269043	-4.751864910125732	7.941277503967285
-4.575897693634033	-19.6213321685791	6.400045871734619
10.971480369567871	18.68663787841797	-0.9856542944908142
-6.653600692749023	-11.382529258728027	-5.625481128692627
-3.7147984504699707	-17.045936584472656	1.0730050802230835
1.4142488241195679	3.5162763595581055	22.1953182220459
-2.541577100753784	13.431488037109375	16.226823806762695
6.144232749938965	7.379292011260986	18.779638290405273
-1.0348052978515625	11.069089889526367	14.692911148071289
4.809181213378906	-10.465180397033691	15.149480819702148
-7.677546501159668	11.032094955444336	20.022329330444336
-2.396472692489624	8.509526252746582	17.164085388183594
0.71372389793396	-11.555497169494629	18.79368019104004
4.259415626525879	13.158112525939941	-9.651180267333984
-0.6412717700004578	-13.998685836791992	11.601164817810059
-4.995114803314209	-18.045700073242188	6.327153205871582
-5.451204776763916	-18.15036392211914	8.24259090423584
-12.427787780761719	7.010307788848877	0.8531509041786194
-5.2140583992004395	-9.143427848815918	-4.22409200668335
-18.537763595581055	-3.5812034606933594	8.725571632385254
10.724394798278809	20.870878219604492	-0.8197070956230164
3.440751314163208	8.168659210205078	6.99276876449585
-9.79014778137207	14.496384620666504	7.526257514953613
12.031402587890625	-8.630791664123535	0.16015808284282684
-9.5295991897583	10.373835563659668	-11.245950698852539
-5.565825462341309	6.435145378112793	-10.793167114257812
10.029916763305664	10.71024227142334	12.500082015991211
2.619535207748413	5.270002365112305	-14.890896797180176
5.325395107269287	14.129944801330566	10.182147979736328
1.3097108602523804	-10.85222339630127	-8.159246444702148
9.691130638122559	19.62319564819336	-0.6374536752700806
-14.140459060668945	2.961361885070801	-8.172696113586426
3.748713731765747	11.510944366455078	19.157180786132812
-17.25303840637207	-8.946269989013672	0.10059653222560883
-6.1511101722717285	-8.936234474182129	-2.752188205718994
-0.0384041890501976	2.006887435913086	-11.570344924926758
11.971602439880371	17.577251434326172	-4.428302764892578
-0.7332955598831177	14.711645126342773	-1.0422559976577759
-5.984771728515625	14.26377010345459	22.30950355529785
-9.931846618652344	15.937169075012207	3.03045654296875
7.718226432800293	-7.744036674499512	19.680173873901367
-7.366790771484375	11.074700355529785	5.2791242599487305
10.78559684753418	-6.372161865234375	20.42947006225586
-9.5598783493042	11.383065223693848	-11.453620910644531
-12.993459701538086	10.236837387084961	15.345931053161621
-8.161069869995117	11.388710021972656	7.564145088195801
11.697391510009766	-4.850827217102051	19.13382911682129
-8.73251724243164	5.643526077270508	19.842252731323242
3.7708451747894287	-14.147517204284668	3.5548179149627686
-18.42743492126465	-10.415053367614746	4.113500118255615
-1.0326448678970337	6.416964530944824	-12.475346565246582
-2.0607120990753174	-16.522329330444336	0.0808204859495163
16.355207443237305	-5.246944427490234	14.397018432617188
-21.0776309967041	-0.5988039374351501	12.372472763061523
6.939990997314453	8.466827392578125	11.965612411499023
-14.336224555969238	13.196196556091309	2.669983386993408
-9.914092063903809	13.480203628540039	11.238439559936523
-14.241682052612305	-14.395600318908691	7.264957427978516
-8.529908180236816	20.071605682373047	14.994903564453125
1.621519684791565	-3.7021145820617676	-5.582745552062988
-7.404078006744385	18.813444137573242	15.132165908813477
14.369955062866211	-1.9783198833465576	-0.23608823120594025
-8.04956340789795	7.030368328094482	18.525238037109375
-19.48102378845215	5.229427814483643	-5.536320686340332
8.30093002319336	17.235143661499023	-7.255857944488525
-15.068795204162598	-6.155613422393799	-6.4049906730651855
14.145307540893555	-4.40587854385376	16.9919490814209
-10.232830047607422	19.139799118041992	11.031625747680664
12.116586685180664	5.45419979095459	17.30586814880371
-5.762731075286865	3.037677764892578	-14.897683143615723
10.930721282958984	-2.008119583129883	20.893980026245117
8.053926467895508	-8.719876289367676	1.402337670326233
-1.9741758108139038	22.26966094970703	8.374869346618652
5.878232002258301	9.369194984436035	8.946701049804688
12.599006652832031	18.654083251953125	2.086137056350708
-14.490409851074219	5.845965385437012	-7.664813995361328
-3.6347200870513916	-7.128650665283203	-0.9523023962974548
-2.2126564979553223	18.240455627441406	-2.005366802215576
-10.686559677124023	21.442562103271484	-1.1960607767105103
-11.796199798583984	-2.3718485832214355	-8.678491592407227
17.71434783935547	2.029047966003418	10.075716972351074
-3.765467405319214	-8.499041557312012	-8.702753067016602
3.9991371631622314	18.631866455078125	15.290818214416504
-19.24043846130371	0.25632601976394653	-0.08188576996326447
4.650160789489746	18.916311264038086	15.086139678955078
10.38493537902832	3.1289548873901367	-11.526920318603516
-16.680015563964844	-2.8591833114624023	-6.252048015594482
-9.316296577453613	1.3510363101959229	-7.027708053588867
5.7272186279296875	-17.176639556884766	9.678301811218262
1.5745939016342163	1.1288557052612305	22.01802635192871
-6.881908416748047	18.11252784729004	-9.245378494262695
4.274485111236572	8.937141418457031	-10.713109970092773
-2.362560272216797	7.021340370178223	21.022462844848633
13.40649700164795	3.610489845275879	-4.389532089233398
-2.005032777786255	15.971400260925293	20.13945198059082
-19.63983726501465	5.555090427398682	9.353984832763672
-16.29539680480957	8.928879737854004	-8.989886283874512
10.159027099609375	3.1498873233795166	-12.521894454956055
1.6025962829589844	-0.6251108050346375	-9.875720977783203
-24.009252548217773	-0.38046568632125854	6.295977592468262
5.2030253410339355	19.25156593322754	11.402108192443848
16.411285400390625	-0.5542876124382019	14.659221649169922
-3.105294704437256	7.201796054840088	22.863740921020508
2.311617136001587	-13.531510353088379	10.734399795532227
6.27106237411499	-14.153594017028809	16.579452514648438
-1.9908660650253296	10.36546516418457	-9.975549697875977
-1.0415083169937134	-9.38734245300293	22.516698837280273
-18.21061134338379	-0.568976104259491	6.915968894958496
10.398494720458984	20.259746551513672	1.3084286451339722
0.7057654857635498	-16.907941818237305	14.192562103271484
-7.490322589874268	-2.6570963859558105	24.229867935180664
-20.055574417114258	2.172244071960449	16.064695358276367
11.397680282592773	19.985076904296875	0.5159584879875183
-12.067743301391602	-10.446173667907715	-5.168850421905518
-9.388066291809082	0.8277254700660706	23.30550193786621
-16.389339447021484	-1.6300389766693115	20.1300106048584
9.605300903320312	-12.207087516784668	8.332008361816406
7.164549827575684	-4.2606353759765625	-0.1872023493051529
6.053195476531982	20.958011627197266	-4.450848579406738
-3.855905294418335	-16.85749053955078	2.003770589828491
2.566349506378174	5.118707656860352	19.6209659576416
-13.766557693481445	-0.11748093366622925	-9.791138648986816
5.817388534545898	-16.941848754882812	4.187273979187012
-0.16765037178993225	-16.756221771240234	16.02260398864746
-11.948016166687012	13.486788749694824	-10.053936004638672
-20.311838150024414	-8.403499603271484	3.839540481567383
0.48801901936531067	2.4166812896728516	-12.068490982055664
10.308591842651367	13.822293281555176	3.6802022457122803
14.61638069152832	3.2085647583007812	14.929952621459961
-19.158069610595703	-0.24059051275253296	16.583215713500977
5.969117164611816	8.366595268249512	20.174659729003906
-1.6604994535446167	12.71033000946045	12.826923370361328
15.441608428955078	7.025238990783691	10.750076293945312
2.7982985973358154	3.0652835369110107	-7.6144328117370605
11.62376594543457	4.974539279937744	19.890159606933594
-17.884584426879883	7.668705940246582	-4.164427280426025
14.609201431274414	-9.296416282653809	12.535127639770508
11.57469654083252	5.484235763549805	-12.029073715209961
9.067180633544922	2.7912163734436035	19.644880294799805
5.151803493499756	-11.265134811401367	-6.472808837890625
6.446393966674805	9.37884521484375	18.362375259399414
15.9769287109375	3.300379753112793	4.719683647155762
-5.353866100311279	-12.63477611541748	-5.1153411865234375
-7.441333770751953	7.182147026062012	-11.459261894226074
0.5351909399032593	-17.302576065063477	7.0725555419921875
-6.4998579025268555	-17.734638214111328	3.6535122394561768
-9.723047256469727	1.4601085186004639	21.280019760131836
10.553390502929688	0.5407460331916809	4.763627052307129
13.720181465148926	16.23963165283203	4.000084400177002
-20.07887840270996	3.8645999431610107	-4.792080879211426
5.37841272354126	3.735018014907837	22.521291732788086
-4.21511173248291	-19.367401123046875	5.38783597946167
-10.660737991333008	7.116868495941162	12.731178283691406
10.821170806884766	-3.8703317642211914	-2.9539308547973633
12.957592010498047	-4.855684280395508	15.795206069946289
-2.20296049118042	-7.517627716064453	-7.542176246643066
4.093890190124512	13.29638385772705	10.81521224975586
-2.49746036529541	-8.8544340133667	16.59671974182129
15.256683349609375	4.048737049102783	10.134140014648438
-16.082754135131836	-10.150612831115723	-0.12619535624980927
-16.656476974487305	0.7807061076164246	-5.693796157836914
12.409307479858398	-3.7393221855163574	4.93592643737793
3.955228805541992	22.073719024658203	6.853466987609863
-18.628732681274414	-5.905117034912109	11.565425872802734
1.5654953718185425	10.787982940673828	-10.356966018676758
-10.566191673278809	9.206746101379395	-11.07229995727539
0.694966733455658	-0.9268020987510681	21.39098358154297
-0.13108256459236145	-14.494425773620605	12.431732177734375
6.661203861236572	21.95201873779297	2.616014242172241
0.37324655055999756	-5.8458967208862305	-12.60462760925293
8.786773681640625	-0.059820596128702164	22.69959831237793
-17.52678108215332	10.108832359313965	0.15141551196575165
-16.052032470703125	13.699579238891602	6.607780456542969
-2.9483444690704346	-6.930719375610352	0.1014806479215622
4.364484786987305	-13.465157508850098	9.864603042602539
-17.18889617919922	9.892328262329102	0.4538293480873108
15.701139450073242	1.6404907703399658	6.456016540527344
2.026470184326172	8.513680458068848	-11.292094230651855
13.91565227508545	4.878122329711914	10.05851936340332
0.8074312210083008	10.960891723632812	-10.917275428771973
-21.398353576660156	3.0920538902282715	3.3170816898345947
-6.251938819885254	20.821186065673828	7.48823356628418
0.07680783420801163	22.07451820373535	10.241865158081055
-5.08469820022583	-16.623863220214844	11.337474822998047
-1.8974004983901978	12.944540977478027	-11.58027172088623
6.005550861358643	17.09671401977539	5.742985725402832
-8.937140464782715	2.86313533782959	21.477251052856445
9.469269752502441	3.4060192108154297	6.548044204711914
8.191485404968262	18.298118591308594	-6.569978713989258
3.246950387954712	-17.95465087890625	3.4912960529327393
8.152078628540039	-6.7413530349731445	21.181169509887695
-1.471590280532837	-21.19991111755371	14.833104133605957
-19.354366302490234	6.014885902404785	10.976940155029297
12.882139205932617	7.114741325378418	-10.956472396850586
-14.396211624145508	13.801358222961426	-0.383422315120697
5.977792739868164	-0.037445131689310074	-13.12209701538086
-2.2177822589874268	25.29636001586914	11.287031173706055
-8.083744049072266	-6.462650299072266	6.5871686935424805
3.787753105163574	15.138285636901855	-3.0863561630249023
15.614921569824219	-2.7443275451660156	10.353472709655762
-0.332449346780777	22.516353607177734	-0.7609282732009888
7.85850715637207	12.161850929260254	-11.26297664642334
0.22874125838279724	12.95101261138916	-4.785599708557129
-1.9575411081314087	-18.342327117919922	11.800924301147461
11.507669448852539	-7.472370624542236	16.18708610534668
-5.258614540100098	-18.682809829711914	6.100097179412842
6.7612528800964355	13.594223976135254	-9.499441146850586
5.757136344909668	14.899714469909668	-5.88170051574707
-4.129458904266357	14.085738182067871	-4.555639743804932
1.3042525053024292	-18.285831451416016	16.591550827026367
11.75229549407959	10.59241771697998	10.72542953491211
-1.4926044940948486	7.695436477661133	-11.323037147521973
-3.405623197555542	9.015761375427246	16.00397300720215
-9.889364242553711	8.619887351989746	-8.81867504119873
-10.48227310180664	5.316704273223877	21.35252571105957
9.164228439331055	5.631871223449707	-13.35770034790039
14.114171981811523	1.957979679107666	1.534882664680481
-11.974544525146484	4.005598068237305	-7.170950889587402
0.66450035572052	23.322294235229492	3.030259609222412
-8.473811149597168	18.476781845092773	-7.61001443862915
5.516849994659424	10.511176109313965	6.229807376861572
8.033839225769043	1.7172430753707886	19.98844337463379
-14.281423568725586	1.1315255165100098	20.465545654296875
-21.995454788208008	7.210442543029785	2.3972792625427246
13.03524112701416	-1.4509109258651733	8.211228370666504
-12.926132202148438	11.51845932006836	-9.107080459594727
7.596469402313232	16.850248336791992	-4.993995666503906
-2.953655242919922	4.114286422729492	13.216796875
3.9493889808654785	12.998564720153809	3.145812511444092
-3.9871952533721924	13.535835266113281	-6.679114818572998
4.619176864624023	-5.792016983032227	-2.627196788787842
9.107501983642578	-5.903960227966309	10.455671310424805
-4.231617450714111	-3.8745522499084473	23.677160263061523
-18.59269142150879	3.6384081840515137	2.9926607608795166
-3.2360305786132812	14.049302101135254	-12.135855674743652
16.62875747680664	5.0827131271362305	-1.2124639749526978
16.0299015045166	-3.962193489074707	6.85897970199585
5.280478477478027	-17.239940643310547	8.859664916992188
-14.227874755859375	-0.42404311895370483	20.887479782104492
7.604556560516357	14.79157543182373	-8.94760513305664
8.629097938537598	20.511146545410156	1.315869927406311
2.2660441398620605	-14.557682037353516	-6.315402984619141
-9.404655456542969	14.691777229309082	-5.9430742263793945
-1.5078320503234863	1.7038613557815552	-14.62230396270752
-7.960659027099609	-2.494741439819336	20.37352180480957
-14.631985664367676	-3.0306921005249023	17.930692672729492
17.112873077392578	7.404483318328857	10.307201385498047
10.510932922363281	-13.214844703674316	9.714078903198242
-1.462027668952942	19.501150131225586	13.292037963867188
10.62319278717041	2.7998876571655273	-8.557869911193848
4.20955753326416	5.619397163391113	-7.632741928100586
-1.7785013914108276	-18.5495548248291	4.474698066711426
13.582691192626953	0.8001901507377625	8.40705394744873
7.971421241760254	15.585348129272461	3.9969723224639893
8.735953330993652	-10.132538795471191	15.046171188354492
14.120100021362305	11.628870964050293	-2.4616904258728027
-16.855409622192383	1.8755613565444946	-2.2276220321655273
-13.835044860839844	-9.522278785705566	-4.788087844848633
15.292555809020996	3.7004404067993164	7.670293807983398
-10.398390769958496	17.26964569091797	-3.794516086578369
-8.756715774536133	-0.30046743154525757	22.48594856262207
-1.3747726678848267	-19.4259033203125	8.879793167114258
1.6660791635513306	21.243579864501953	12.25024127960205
12.15899658203125	-6.455851078033447	-0.7855704426765442
8.186019897460938	13.844246864318848	-7.356508255004883
-6.2290544509887695	-17.13697052001953	8.319964408874512
-13.50326156616211	8.170172691345215	-4.8315277099609375
-5.155617713928223	9.860743522644043	-9.270793914794922
-9.55515193939209	12.435259819030762	-8.167387008666992
-18.73574447631836	-9.394299507141113	6.695473670959473
7.374829292297363	18.734560012817383	1.2660882472991943
9.481340408325195	4.920923709869385	-13.562664031982422
-3.257016658782959	18.28542709350586	9.199239730834961
-16.916736602783203	-1.157848596572876	15.393868446350098
11.970264434814453	-5.620020866394043	12.91999626159668
-17.993526458740234	-3.277895927429199	15.886979103088379
-4.970093250274658	15.338850021362305	8.432064056396484
-12.04267692565918	-7.3725972175598145	1.526567816734314
12.467348098754883	8.85950756072998	12.927410125732422
3.9581172466278076	-6.438682556152344	12.031455039978027
8.639893531799316	-4.817176818847656	14.841442108154297
4.88159704208374	-4.500411510467529	17.824138641357422
7.817146301269531	-2.7490463256835938	20.804880142211914
14.605791091918945	-6.818594455718994	1.7024914026260376
8.562505722045898	-6.166893005371094	15.802444458007812
5.354452133178711	14.664984703063965	-6.217898368835449
2.1438024044036865	22.507055282592773	1.4948601722717285
8.455604553222656	1.531836986541748	-13.46433162689209
14.390186309814453	0.2208804488182068	2.661628246307373
-3.2845232486724854	-19.602001190185547	4.896247386932373
-5.044662952423096	14.012486457824707	-11.076253890991211
8.1857328414917	3.495879650115967	-13.186164855957031
10.111555099487305	2.271267890930176	19.48928451538086
-0.5323997735977173	15.72704792022705	21.34855842590332
-5.054297924041748	16.378623962402344	9.033830642700195
-3.379178762435913	-8.704312324523926	-10.10985279083252
16.53180503845215	2.9092624187469482	0.9752447009086609
12.833393096923828	-2.5722415447235107	-6.3301801681518555
-6.080143451690674	6.726823806762695	-11.714441299438477
-18.101961135864258	-0.9495101571083069	-1.9725605249404907
17.49384117126465	3.0234336853027344	2.775902032852173
-0.24966135621070862	12.48499870300293	20.410051345825195
-5.682640075683594	19.027000427246094	10.92147445678711
-3.196462869644165	-18.055858612060547	4.581233501434326
8.524913787841797	-6.242284774780273	20.027299880981445
7.99542236328125	-5.807877540588379	4.5904645919799805
8.34676742553711	-3.253729820251465	21.2992000579834
-7.147969722747803	3.5418529510498047	-14.50240421295166
10.245955467224121	-10.995924949645996	13.39797592163086
-21.16109848022461	12.6375093460083	3.181271553039551
15.786555290222168	-0.6620690822601318	14.646869659423828
4.886960029602051	-13.112404823303223	7.686442852020264
0.09227476269006729	15.193665504455566	-1.8484493494033813
-7.102710247039795	14.450196266174316	-11.632884979248047
-6.903376579284668	-5.093757629394531	21.171672821044922
3.9246442317962646	11.911099433898926	-7.256906032562256
8.059638977050781	-11.312596321105957	8.442758560180664
-5.000540733337402	-18.284427642822266	9.20150375366211
3.2880189418792725	12.843886375427246	6.735502243041992
-2.7377238273620605	-15.264744758605957	-2.6204237937927246
0.6301246881484985	12.36063003540039	6.030529022216797
-15.093881607055664	0.08335667848587036	13.115880966186523
8.698725700378418	19.048568725585938	-1.361670970916748
-1.2376192808151245	-19.674158096313477	6.77189826965332
-20.74516487121582	5.912891387939453	2.67692232131958
10.220003128051758	-11.5226411819458	3.490734100341797
-18.829030990600586	11.086594581604004	8.739962577819824
5.751773834228516	6.827160358428955	13.845128059387207
-0.9825857877731323	11.690543174743652	-12.741806983947754
-0.4756344258785248	2.6606717109680176	-2.844048023223877
7.813732624053955	9.427639961242676	15.356468200683594
-11.582237243652344	5.276304244995117	-8.872215270996094
-14.625288009643555	15.737160682678223	3.7010724544525146
-16.60873031616211	-3.4521913528442383	15.312889099121094
-9.760727882385254	6.614690780639648	-2.3919832706451416
-16.461118698120117	13.790044784545898	4.090123176574707
2.7423458099365234	20.083301544189453	12.152320861816406
-6.098215103149414	19.21799087524414	-6.8167243003845215
5.270078659057617	-7.192357540130615	17.49386978149414
-12.4901123046875	-7.7805304527282715	16.78571319580078
9.119754791259766	17.600107192993164	0.6555348634719849
-2.660188913345337	21.326805114746094	7.728487491607666
-14.49924087524414	16.70203399658203	5.060056686401367
-4.3484320640563965	13.528380393981934	-1.880938172340393
8.70667552947998	18.85350799560547	5.088305950164795
-2.632082223892212	20.81553840637207	6.182182312011719
-14.111013412475586	18.744184494018555	6.321155071258545
-9.331342697143555	-17.659168243408203	4.281853675842285
-13.487457275390625	1.2364449501037598	18.235254287719727
-17.318567276000977	0.8916502594947815	14.082192420959473
7.920907020568848	9.142678260803223	-12.720829010009766
-11.436941146850586	-14.264384269714355	3.5649235248565674
6.556222438812256	12.790177345275879	10.275001525878906
-6.069657325744629	16.795724868774414	-1.8259721994400024
-16.663503646850586	13.187491416931152	10.60112476348877
1.791592001914978	3.5425426959991455	-14.270505905151367
5.22066593170166	-17.292800903320312	5.984077453613281
-4.992237091064453	9.418517112731934	-13.020492553710938
-10.41895580291748	16.283794403076172	2.7716238498687744
-9.869817733764648	-8.377300262451172	8.175469398498535
14.009061813354492	-0.5918546319007874	0.17254696786403656
-2.188839912414551	-12.913838386535645	7.864113807678223
-16.871366500854492	-3.0070760250091553	-5.708978652954102
-5.809482097625732	-18.84679412841797	9.214446067810059
-0.08361878246068954	21.490203857421875	5.249971866607666
-4.456944942474365	-18.76123809814453	11.75879955291748
-0.9370517730712891	-6.9245758056640625	-9.718568801879883
5.0886640548706055	12.818877220153809	18.704652786254883
-13.064654350280762	0.0957675576210022	17.60076141357422
-18.42326545715332	-1.165419340133667	14.497230529785156
7.3070759773254395	15.59778881072998	-8.862096786499023
-4.7764482498168945	-19.01012420654297	0.20541302859783173
8.94814682006836	11.135749816894531	18.1533260345459
-3.4868311882019043	-17.270029067993164	1.1776598691940308
-15.480981826782227	17.860502243041992	4.695353984832764
-5.956075191497803	-16.229738235473633	-0.15300555527210236
3.1877634525299072	-17.250263214111328	11.882204055786133
-13.576844215393066	22.803329467773438	1.9419801235198975
4.82026481628418	5.843320846557617	10.31324291229248
-13.641798973083496	-1.5737472772598267	-9.364840507507324
15.562057495117188	-3.602982521057129	12.971729278564453
1.4922927618026733	2.50789737701416	6.139794826507568
-12.702850341796875	2.5147414207458496	-10.18208122253418
10.71109390258789	5.6470441818237305	-11.271063804626465
1.6076081991195679	14.203314781188965	0.39037859439849854
-4.8645453453063965	3.9695687294006348	16.97809410095215
5.691051483154297	-5.720221996307373	-7.836719512939453
-6.965185642242432	0.09092110395431519	-11.373832702636719
-19.053327560424805	0.5535905957221985	16.290504455566406
-2.483508348464966	-20.398971557617188	13.061410903930664
6.067887306213379	16.894346237182617	-8.171335220336914
-13.638946533203125	17.913814544677734	4.845778465270996
6.246668338775635	13.41355037689209	15.262537956237793
-10.022119522094727	-1.256670355796814	-5.433585166931152
-10.897479057312012	11.938504219055176	14.752849578857422
-17.852556228637695	-9.030515670776367	-0.10797907412052155
2.5384116172790527	-16.994544982910156	2.850409984588623
10.464977264404297	2.9104433059692383	-13.191290855407715
-19.12180519104004	0.38211506605148315	-5.944545269012451
6.551197052001953	8.788762092590332	-12.112442970275879
1.3828932046890259	23.196380615234375	3.196646213531494
10.634662628173828	9.960862159729004	-9.46332836151123
1.780279517173767	-2.3333332538604736	-11.385332107543945
-6.856882095336914	15.883563041687012	13.162105560302734
0.9957512617111206	16.469324111938477	15.955360412597656
1.7167065143585205	3.043203115463257	15.159274101257324
8.508804321289062	-13.144131660461426	0.500889241695404
-13.639711380004883	-3.4877865314483643	20.518779754638672
8.931827545166016	12.780038833618164	-7.847672462463379
-2.948042392730713	0.5937290191650391	-10.04501724243164
12.588685989379883	-7.259335994720459	-1.3699513673782349
-7.80964469909668	14.970563888549805	-9.025056838989258
16.008607864379883	-1.692129373550415	5.970317840576172
-9.62865161895752	-5.892519950866699	3.6019558906555176
14.607597351074219	-1.6131186485290527	-0.10524116456508636
-6.921514511108398	-19.312240600585938	8.917342185974121
-15.38888168334961	0.32260435819625854	-8.450469970703125
-24.5270938873291	0.5322619080543518	8.164464950561523
-17.264965057373047	17.0397891998291	4.565857887268066
3.63427472114563	-1.0251259803771973	-13.60287094116211
-14.62865924835205	15.768689155578613	6.01193380355835
-9.362560272216797	-0.9449521899223328	22.681190490722656
8.923155784606934	0.4461677670478821	21.440401077270508
6.975170612335205	14.645758628845215	-10.199475288391113
6.687460422515869	15.394892692565918	-9.533308029174805
-16.99285316467285	-4.445308208465576	15.81324577331543
1.7884533405303955	-7.0089111328125	12.673759460449219
2.535719633102417	-16.552528381347656	7.3350830078125
-0.11481990665197372	-17.387516021728516	10.612821578979492
15.288326263427734	5.468130111694336	-4.046243667602539
-13.017786979675293	3.9071900844573975	-10.538963317871094
-0.651808500289917	-4.579366207122803	16.73933219909668
-9.48742961883545	17.909055709838867	2.02473783493042
-10.71670913696289	-4.29079532623291	4.498816013336182
-6.892108917236328	18.633649826049805	6.296838760375977
1.2021924257278442	-19.867267608642578	6.934383869171143
3.6901967525482178	-10.063698768615723	-6.304837226867676
14.187684059143066	-2.789994239807129	-1.3501685857772827
4.415301322937012	-13.006266593933105	3.1832737922668457
7.9995622634887695	0.9915691018104553	-13.229297637939453
8.006114959716797	10.37756633758545	-10.506368637084961
-17.60117530822754	14.52371883392334	4.71540641784668
7.414745330810547	11.486833572387695	-11.10350227355957
9.539073944091797	3.816262722015381	-12.590389251708984
-16.102582931518555	-2.5815982818603516	18.504100799560547
-12.599943161010742	-5.728367328643799	14.616044998168945
6.204141616821289	12.677659034729004	-11.058297157287598
13.143522262573242	-4.397303581237793	-7.9516191482543945
1.9081052541732788	-12.882927894592285	-6.148021697998047
12.623870849609375	-0.35474634170532227	4.550879001617432
15.875068664550781	-1.2992725372314453	6.645383834838867
11.655973434448242	-7.549431800842285	6.971048355102539
-15.461080551147461	-1.1520721912384033	19.261899948120117
9.21013355255127	3.2400131225585938	-13.161323547363281
10.844308853149414	9.951159477233887	14.545562744140625
-9.802105903625488	6.961729049682617	19.249797821044922
2.0471103191375732	16.96006965637207	-0.33216947317123413
-4.173133373260498	19.367835998535156	-4.758316993713379
7.137778282165527	5.41037654876709	22.078081130981445
6.320168972015381	3.0326056480407715	-14.692142486572266
6.14914083480835	17.118749618530273	-7.7888031005859375
-7.278029441833496	14.941384315490723	-5.336329460144043
-18.266332626342773	-4.9313273429870605	-4.008269309997559
4.0324015617370605	-12.651482582092285	-3.2358298301696777
-17.18092918395996	0.1117141842842102	4.3595452308654785
-9.413824081420898	21.335891723632812	0.6159476041793823
-19.638734817504883	-2.1085777282714844	16.584035873413086
1.6136246919631958	-0.35362738370895386	23.318086624145508
-15.122196197509766	-4.27970027923584	18.289491653442383
6.293126106262207	-2.767845630645752	11.81299114227295
5.351595878601074	14.102049827575684	16.620182037353516
0.013207294046878815	3.241328239440918	-13.745384216308594
-17.53710174560547	-3.75646710395813	16.904253005981445
-6.602393627166748	5.361395835876465	-14.555973052978516
13.420148849487305	-4.404349327087402	13.035061836242676
-4.0630903244018555	-15.356587409973145	3.401193618774414
0.5529465675354004	-11.103569984436035	-7.210509300231934
11.225759506225586	11.42223834991455	-8.263718605041504
3.4680869579315186	19.77224349975586	4.439062118530273
3.8267743587493896	-5.977394104003906	-11.105070114135742
-11.166772842407227	18.821718215942383	6.657288551330566
1.0047205686569214	-15.557096481323242	-1.1407490968704224
-13.937165260314941	-0.6007418036460876	-10.031131744384766
4.5406622886657715	-12.122003555297852	2.8208067417144775
15.854141235351562	5.137911319732666	4.35515022277832
-13.300592422485352	-2.2256999015808105	17.312406539916992
2.4743940830230713	-12.630253791809082	-3.808098077774048
0.07602832466363907	-12.643588066101074	-7.863931655883789
-0.9887696504592896	19.505496978759766	7.923741340637207
-9.778153419494629	-0.8030526041984558	-11.656011581420898
-13.80656623840332	2.1279892921447754	-9.715999603271484
-2.3121888637542725	-15.891966819763184	4.924933433532715
2.3822779655456543	21.553672790527344	3.3887014389038086
17.248504638671875	9.527644157409668	-0.5201848149299622
3.317319631576538	-11.102585792541504	-2.2208175659179688
-17.09910774230957	-8.32625961303711	-2.2248470783233643
-7.767188549041748	21.562053680419922	10.001008033752441
5.939380645751953	-1.929774522781372	18.080537796020508
-6.166481971740723	20.950054168701172	11.446557998657227
-19.1506290435791	13.449090003967285	3.766274929046631
-3.093196392059326	-16.470367431640625	6.506913185119629
5.367429733276367	14.584224700927734	13.122264862060547
-4.082481384277344	15.102975845336914	12.661994934082031
1.0889533758163452	15.38535213470459	1.7447941303253174
15.17729377746582	-2.842881441116333	7.145718097686768
5.878199577331543	-14.02828598022461	-0.5828297734260559
8.796213150024414	-5.362123012542725	-6.185860633850098
-3.778639793395996	-19.716245651245117	5.6339945793151855
4.709016799926758	-3.090691089630127	-8.872711181640625
-0.13323190808296204	8.999723434448242	18.101516723632812
10.537363052368164	-5.516551971435547	-2.53200101852417
0.180845707654953	-12.634320259094238	15.959617614746094
-15.103713989257812	-3.01297664642334	17.18967628479004
-6.660466194152832	5.982172012329102	-14.116891860961914
-18.114389419555664	-2.1850178241729736	17.22571563720703
-2.410831928253174	-11.822916984558105	-5.128495693206787
3.4306066036224365	20.948837280273438	-1.5440893173217773
-6.333596229553223	6.443051338195801	15.771621704101562
-15.544601440429688	-2.165905714035034	18.773250579833984
0.25007137656211853	14.211737632751465	14.56410026550293
3.7032852172851562	20.839649200439453	-0.5504716038703918
-18.468488693237305	2.5290751457214355	9.230705261230469
15.363668441772461	1.0664758682250977	1.023393154144287
0.9864903688430786	15.510306358337402	-1.6673003435134888
14.697309494018555	-5.579611301422119	9.249624252319336
7.056689262390137	-6.308496475219727	4.423197269439697
-2.179851531982422	21.084243774414062	9.12222671508789
2.138960838317871	1.090668797492981	17.524869918823242
2.0519466400146484	14.438562393188477	7.253519058227539
6.365748882293701	1.1732732057571411	-14.894256591796875
8.772976875305176	14.767910957336426	-7.971848487854004
-0.8946876525878906	11.167317390441895	-8.573040008544922
-15.780885696411133	4.536253929138184	-8.606125831604004
-16.486948013305664	-4.982898235321045	9.975558280944824
-14.061166763305664	19.278972625732422	6.274244785308838
13.324153900146484	-3.1372129917144775	-3.462892532348633
1.7986949682235718	20.04865837097168	-0.9508059620857239
4.218135356903076	-16.087947845458984	6.6355743408203125
-1.7200064659118652	15.560017585754395	7.597455978393555
-13.674854278564453	3.5772924423217773	12.333166122436523
-14.318077087402344	-1.4742417335510254	16.958425521850586
-14.132759094238281	-3.4746317863464355	16.356977462768555
-10.062959671020508	20.053672790527344	4.227022647857666
-1.329290509223938	11.418858528137207	12.454435348510742
18.141902923583984	1.4558682441711426	4.462801456451416
11.935972213745117	-7.450512886047363	2.9104652404785156
-17.383214950561523	6.141414642333984	-6.126959800720215
-3.513725519180298	3.658156394958496	-3.9487972259521484
-6.300654411315918	19.602020263671875	4.6700592041015625
-1.023992896080017	2.1398603916168213	-2.047694444656372
8.751138687133789	14.405909538269043	-7.889228820800781
9.40211009979248	-14.374093055725098	0.6213735938072205
-18.30525016784668	16.682422637939453	7.512609004974365
9.696508407592773	1.43930983543396	5.884007453918457
2.0566978454589844	-6.157206058502197	-7.286935806274414
15.154138565063477	-8.202763557434082	-2.3231139183044434
-3.0248615741729736	18.14789390563965	3.983949899673462
8.006683349609375	-8.578200340270996	20.2147274017334
7.451048851013184	15.675039291381836	-4.500370979309082
7.985818862915039	5.568713188171387	-14.195476531982422
-8.171186447143555	15.808932304382324	2.381803512573242
12.800039291381836	-4.002724647521973	4.75545597076416
-15.411410331726074	-1.9705500602722168	17.58646011352539
-1.7049754858016968	-18.184146881103516	8.282196044921875
-6.778661727905273	16.94924545288086	-9.686212539672852
10.417601585388184	6.009383201599121	-12.177886009216309
-3.5801126956939697	17.634077072143555	6.816370010375977
-8.43435287475586	4.157909870147705	-2.2394986152648926
-19.30141830444336	-0.030476275831460953	-5.0164794921875
-2.6029322147369385	-19.492637634277344	9.324139595031738
6.788885593414307	-14.203298568725586	8.292265892028809
-8.013246536254883	-7.074664115905762	21.191755294799805
-6.043832778930664	21.30099868774414	5.645137786865234
10.194018363952637	-5.691580295562744	5.004220962524414
6.8684821128845215	17.809425354003906	-5.905001640319824
0.11242363601922989	8.244604110717773	-15.228763580322266
-19.26572608947754	6.432122230529785	-4.791522026062012
-11.62392520904541	8.123430252075195	3.346341609954834
16.422534942626953	0.10268300771713257	3.119257926940918
2.842139720916748	10.287725448608398	-8.833657264709473
-16.25972557067871	-3.0905404090881348	17.147008895874023
8.55907917022705	2.797133207321167	-13.295876502990723
11.670371055603027	11.577154159545898	-10.26519775390625
-11.34054183959961	-16.272258758544922	3.0683751106262207
11.524236679077148	-11.490991592407227	17.169191360473633
1.674666404724121	-17.893661499023438	0.7354454398155212
-21.746286392211914	15.399508476257324	11.478063583374023
9.252592086791992	-7.124930381774902	17.132247924804688
1.8461934328079224	-17.514904022216797	18.356237411499023
0.9596577882766724	20.670955657958984	-8.28773307800293
-19.13361358642578	9.94891357421875	6.750113487243652
-11.50167179107666	7.724656105041504	-12.244085311889648
11.229202270507812	-10.377551078796387	9.955048561096191
7.034730434417725	-4.2048444747924805	-11.31757926940918
-17.43182373046875	-13.053179740905762	4.5728840827941895
9.798649787902832	-6.476552963256836	-0.6286349892616272
1.656518578529358	16.99456787109375	5.184483528137207
7.507253170013428	-6.603801727294922	-5.799181938171387
-6.623566150665283	-15.321415901184082	-1.7745838165283203
-1.7978564500808716	12.290247917175293	14.885387420654297
-14.546194076538086	-3.815140724182129	19.638328552246094
-14.191949844360352	-5.744815826416016	-6.200201034545898
10.882734298706055	18.640804290771484	-3.623842239379883
8.795906066894531	17.53070640563965	6.981513977050781
14.562326431274414	0.5436307787895203	17.33898162841797
-9.890111923217773	14.611510276794434	-6.50850248336792
-12.772838592529297	-6.93942928314209	0.6951846480369568
-11.585676193237305	18.959747314453125	-5.5365986824035645
2.0821077823638916	-20.248390197753906	10.134810447692871
15.606401443481445	1.7761188745498657	-3.5409188270568848
-9.170835494995117	17.069814682006836	1.3250505924224854
-17.663240432739258	-3.328585624694824	16.650957107543945
16.337369918823242	1.3523437976837158	7.880977630615234
-8.0128755569458	17.834245681762695	0.8296576142311096
-16.830007553100586	-10.617936134338379	0.049767062067985535
-22.084901809692383	10.732455253601074	3.778296947479248
-2.0189855098724365	16.808063507080078	20.917356491088867
1.667368769645691	20.163543701171875	6.950433731079102
-5.732156753540039	5.433716773986816	-7.3507890701293945
-12.478092193603516	-8.7100248336792	14.068292617797852
-8.6242036819458	-3.307629108428955	18.740997314453125
0.836380124092102	-10.46766185760498	-6.298940658569336
9.3610200881958	12.648211479187012	-10.750947952270508
10.844361305236816	9.216694831848145	5.5283379554748535
13.161761283874512	-6.960361480712891	12.494525909423828
2.1046245098114014	-13.229846000671387	-1.2583162784576416
-21.60133934020996	15.686019897460938	10.152250289916992
-1.2917108535766602	-17.721065521240234	2.9287478923797607
2.810350179672241	-19.768306732177734	6.871920108795166
-2.3552441596984863	-14.114871978759766	6.428239345550537
-19.77083969116211	1.5227868556976318	12.923075675964355
1.7028825283050537	-5.725957870483398	12.704151153564453
14.815557479858398	6.554210662841797	8.30135440826416
14.056526184082031	4.2507524490356445	-1.551802396774292
-14.798039436340332	8.658061981201172	-8.809103012084961
10.194762229919434	-11.731898307800293	7.3598151206970215
-1.2737754583358765	23.889942169189453	9.6749849319458
5.479909420013428	15.37721061706543	14.227497100830078
-3.7754526138305664	9.36270523071289	-13.495780944824219
3.7008581161499023	-8.584418296813965	13.102946281433105
-11.059674263000488	0.32903438806533813	21.520353317260742
7.552570343017578	-1.173073649406433	5.240145206451416
-6.650339126586914	5.333351135253906	-14.02125358581543
-5.8660888671875	17.586124420166016	3.8472676277160645
0.023276187479496002	21.413536071777344	-1.9095622301101685
12.441876411437988	5.055679798126221	-5.245932102203369
-5.236598014831543	-7.231881141662598	-10.841592788696289
3.3316423892974854	3.6413044929504395	-0.35921502113342285
-8.295743942260742	-6.983621597290039	-9.09827995300293
12.976680755615234	9.647500991821289	-4.844274520874023
-13.824531555175781	1.3942883014678955	19.706348419189453
-9.956503868103027	10.616698265075684	-4.270844459533691
9.94275951385498	18.89403533935547	-3.181802272796631
10.469244003295898	7.294776439666748	-11.338513374328613
2.6508877277374268	-20.018695831298828	9.048857688903809
-6.097315311431885	-19.27297592163086	8.13569164276123
-16.89916229248047	13.487605094909668	3.818754196166992
4.166743755340576	9.074505805969238	4.843242645263672
6.476099967956543	21.853727340698242	1.8140360116958618
-5.315659523010254	-11.146363258361816	15.166303634643555
15.279672622680664	6.67471170425415	7.037463188171387
6.882379531860352	-11.488541603088379	5.903390407562256
-7.356864929199219	12.923707008361816	-12.564897537231445
4.937872409820557	14.93342113494873	-3.3176488876342773
-11.414031982421875	17.460979461669922	2.527566909790039
1.3769899606704712	-16.899831771850586	0.826901376247406
5.539320945739746	-2.3173980712890625	23.556352615356445
-21.74370765686035	6.404805660247803	7.122186660766602
-4.928241729736328	-16.035547256469727	-0.25598353147506714
-14.503105163574219	-5.371668815612793	18.786182403564453
-13.344685554504395	0.6730731129646301	20.092647552490234
4.573113441467285	-6.276787757873535	-12.109712600708008
-9.857623100280762	15.656888008117676	16.23255729675293
-14.715532302856445	-1.3897716999053955	17.167945861816406
18.152067184448242	9.45790958404541	2.3683700561523438
-7.141201019287109	-18.401615142822266	4.6345319747924805
-17.664113998413086	8.821226119995117	-6.141517162322998
7.37765645980835	-14.750205039978027	-0.2464967519044876
-5.091257572174072	14.108819007873535	16.162761688232422
9.129498481750488	6.1760101318359375	-12.02591323852539
-0.1402510702610016	4.7210893630981445	-15.803199768066406
-8.046043395996094	17.293413162231445	-1.7873839139938354
8.741905212402344	-5.76962423324585	-8.38342571258545
-13.406871795654297	-15.487381935119629	1.2777163982391357
-11.367169380187988	19.195785522460938	8.032893180847168
8.630865097045898	7.546388149261475	-13.26230525970459
0.6107796430587769	22.47415542602539	4.1324896812438965
-5.476463317871094	9.620156288146973	-10.65572738647461
10.340987205505371	8.46792984008789	-11.68476390838623
-10.778397560119629	-14.023910522460938	0.30051130056381226
9.506082534790039	8.456714630126953	8.389182090759277
1.3831712007522583	-6.875861644744873	-4.135531902313232
-3.303858995437622	-7.828277587890625	-10.866537094116211
-5.941806793212891	-18.536876678466797	6.563955783843994
19.95566749572754	2.8136143684387207	3.339294910430908
4.267329216003418	5.137119293212891	21.576095581054688
-16.770692825317383	-0.9676463007926941	-7.68070125579834
12.57456111907959	13.18054485321045	11.023752212524414
-7.110637664794922	19.17433738708496	10.146113395690918
-6.933058738708496	-2.040013074874878	21.591209411621094
15.180919647216797	-5.17727518081665	6.547320365905762
-8.578319549560547	-2.4975061416625977	-13.07974624633789
-14.810555458068848	16.367507934570312	-2.296438217163086
6.8977766036987305	-12.627785682678223	0.7046049237251282
-20.76513671875	-5.441036701202393	5.247016429901123
5.386985778808594	-11.4443941116333	-5.593759536743164
-8.581533432006836	1.150444507598877	23.690183639526367
-3.6123812198638916	14.653578758239746	4.427123069763184
-2.74369215965271	12.914214134216309	13.932927131652832
-7.717750549316406	12.831247329711914	-4.3206939697265625
1.4801180362701416	-18.26607894897461	3.4955945014953613
-7.881338119506836	-11.62138843536377	-7.595277309417725
-14.192179679870605	-1.8078351020812988	18.67725944519043
3.8595991134643555	7.86015510559082	0.5511675477027893
-8.834294319152832	18.119443893432617	15.485190391540527
4.714892387390137	14.13428020477295	12.709789276123047
7.313542366027832	-9.958258628845215	-6.206208229064941
-13.24016284942627	-7.363780975341797	2.6000030040740967
-8.845525741577148	-2.340491533279419	-11.993049621582031
-1.8774148225784302	-18.954362869262695	8.901327133178711
10.864255905151367	11.997687339782715	-9.588484764099121
-10.98773193359375	9.887740135192871	-11.622886657714844
-0.32577887177467346	-19.42554473876953	15.408733367919922
-0.8173955082893372	-8.86998176574707	13.906693458557129
-5.8591814041137695	9.350522994995117	9.94210433959961
-9.721213340759277	-7.606189727783203	-8.124279975891113
-21.822912216186523	-3.08601450920105	-0.7438212633132935
-2.6453115940093994	-18.239118576049805	3.3306543827056885
17.823942184448242	-2.9383673667907715	0.10319040715694427
14.238954544067383	1.1991745233535767	11.619010925292969
14.956559181213379	-1.6662137508392334	15.461143493652344
5.012148380279541	1.3319940567016602	-7.408452987670898
11.513298034667969	15.244978904724121	-5.989899635314941
12.847611427307129	-1.496687650680542	-2.2327940464019775
-7.150949001312256	21.828285217285156	5.53839635848999
12.945878028869629	-1.6291778087615967	-6.562705039978027
-15.786320686340332	14.458518028259277	15.407173156738281
-4.797895431518555	-1.589397668838501	-9.047956466674805
-9.849855422973633	-6.470081329345703	21.27760124206543
-14.382194519042969	2.845796585083008	-8.131505966186523
-19.952016830444336	8.761879920959473	10.592151641845703
10.993664741516113	14.524377822875977	-2.0638413429260254
-10.869159698486328	-5.4612226486206055	21.829484939575195
