-0.29084932804107666	-1.9525953531265259	-1.561483383178711
-2.804351329803467	-0.9210830926895142	-2.296086311340332
-0.09283225983381271	-0.8132563829421997	0.37837058305740356
-0.7553819417953491	-1.1940021514892578	0.2771226763725281
-1.2763144969940186	-0.2502354085445404	-1.3002573251724243
-2.7419309616088867	-1.477845549583435	-3.2377710342407227
-1.791224718093872	-1.5679686069488525	-0.731400728225708
-1.5252124071121216	-0.19262847304344177	-3.8554725646972656
-2.337451457977295	-1.8810416460037231	-1.5160698890686035
-1.545831322669983	-1.7607142925262451	-2.138622283935547
-0.5955321788787842	-1.157861590385437	-4.2148518562316895
-1.023883581161499	-1.2749534845352173	-3.996339797973633
-0.700147271156311	-1.0835366249084473	0.7957006096839905
-1.7987278699874878	-1.6694456338882446	-2.3252146244049072
-2.400899887084961	-0.8569563627243042	-1.5076171159744263
0.07484135776758194	-1.8306094408035278	-3.0555293560028076
-1.0632556676864624	-1.1227787733078003	-3.109365940093994
-0.41855570673942566	-1.015196442604065	0.4742259979248047
0.16379424929618835	-2.664201021194458	-3.326551675796509
-2.0188047885894775	-1.3587373495101929	-2.063880205154419
-0.24625623226165771	-3.2515132427215576	-2.036113739013672
0.35391658544540405	-0.24393457174301147	-3.4873409271240234
-0.9508805871009827	0.7804698944091797	-1.1303389072418213
-1.2473000288009644	0.052414871752262115	-2.020329475402832
0.31372037529945374	-0.34055280685424805	-3.011448383331299
-1.3133636713027954	-1.2996095418930054	-1.4087432622909546
-1.1823629140853882	-2.054670572280884	-3.5890417098999023
-1.9865394830703735	-0.5734158754348755	-1.0194337368011475
1.093583345413208	-1.5710694789886475	-3.1813058853149414
0.22996634244918823	-1.8565433025360107	-3.0385589599609375
-1.9724522829055786	-4.100103378295898	-3.2988758087158203
-0.478890985250473	-0.9011400938034058	0.6208711862564087
-0.24769815802574158	-0.20682671666145325	-3.3518991470336914
-1.0617862939834595	-1.7598508596420288	-3.0587453842163086
0.30781635642051697	-0.310555636882782	-2.5408220291137695
0.1453838348388672	-0.4607897102832794	-3.853393077850342
-2.4755711555480957	-1.5796130895614624	-2.5673203468322754
-1.6331404447555542	-1.7745412588119507	-0.8561038374900818
-1.2539585828781128	-0.5123600959777832	-3.307770252227783
0.542510986328125	-1.0671392679214478	-3.6625635623931885
0.7400903701782227	-2.2945423126220703	-3.4934587478637695
-0.6410470604896545	-3.6497063636779785	-2.816061496734619
-1.7761279344558716	0.8930457830429077	-1.6021382808685303
-2.0278139114379883	-0.5373381972312927	-2.5905797481536865
-0.8222568035125732	-1.0377205610275269	0.9570589661598206
-0.519930362701416	-2.148318290710449	-3.6420154571533203
0.5442003607749939	-0.9562077522277832	-1.3840205669403076
-2.444550037384033	-1.5961054563522339	-3.219067096710205
-0.31210988759994507	-1.3558427095413208	-4.839197158813477
-0.19319108128547668	-1.1905548572540283	-2.504242420196533
-0.6988060474395752	-2.619588851928711	-1.4725348949432373
-1.0069819688796997	-1.2273727655410767	0.5902698040008545
-0.39228251576423645	-1.4545015096664429	0.33034950494766235
-1.0643876791000366	-0.8473177552223206	-3.4645872116088867
-1.443178653717041	0.7520358562469482	-2.5204670429229736
0.3830890953540802	-0.6039224863052368	-4.318923473358154
-1.3687231540679932	-0.35272279381752014	-2.3970985412597656
-1.8350132703781128	0.17081210017204285	-2.0240914821624756
0.3190954923629761	-0.673259973526001	-2.6341729164123535
-0.6341965198516846	-2.0227725505828857	-1.769452691078186
-0.3691747486591339	-0.8589149713516235	0.7690922021865845
-2.636280059814453	-0.5886299014091492	-1.9908978939056396
0.6534585356712341	-1.093652367591858	-3.743539810180664
-0.818950355052948	-1.4182567596435547	-2.3583011627197266
-0.6539859175682068	-0.8450597524642944	-2.9437713623046875
-0.4923839867115021	-0.9578074216842651	0.7045679688453674
-2.1858983039855957	-1.3411064147949219	-1.4905006885528564
-0.4938673675060272	-1.5758507251739502	-4.630122661590576
-0.7490682005882263	-0.6185990571975708	-3.6957740783691406
-1.3362160921096802	-1.476720929145813	0.05131459981203079
-0.7972155213356018	-2.3557634353637695	-0.9991055727005005
0.31105026602745056	-0.8707610368728638	-3.544534683227539
-1.7450029850006104	0.8241888284683228	-2.3100171089172363
-1.9724558591842651	-2.1325485706329346	-1.3094069957733154
-0.7005795836448669	-0.18743672966957092	-3.088168144226074
-1.413831114768982	-1.221266508102417	-2.6778693199157715
-0.5969433188438416	-2.5021259784698486	-2.709150791168213
0.027340233325958252	-0.4354662597179413	-4.121265411376953
0.6103408336639404	-2.353964328765869	-2.9001145362854004
-1.1005781888961792	-1.1572070121765137	0.15280884504318237
-0.3445073366165161	-0.5536128282546997	0.17112892866134644
-0.6131621599197388	-0.8635597229003906	0.870771050453186
-1.7870861291885376	0.5916465520858765	-1.635738730430603
-1.517717957496643	-1.2211110591888428	-3.3355190753936768
-0.7391209006309509	-1.1144757270812988	0.8740147948265076
-0.7047346234321594	-1.1184751987457275	0.5530903935432434
0.035471655428409576	-1.6384814977645874	-2.744188070297241
0.7234299778938293	-1.3254262208938599	-4.113655090332031
-0.997257649898529	0.7872734069824219	-1.4932029247283936
-0.3564724028110504	-1.8721755743026733	-3.3040506839752197
0.6226664781570435	-1.9916068315505981	-2.2520570755004883
-0.7597876787185669	-3.5740294456481934	-3.049149513244629
-1.3429933786392212	-3.738176107406616	-2.014665126800537
0.33428776264190674	-1.9323700666427612	-2.864016056060791
-1.9626275300979614	-1.1956168413162231	-1.449778437614441
-0.62513667345047	-1.0457847118377686	0.7191088199615479
-1.1825306415557861	-2.933042526245117	-3.9207632541656494
-0.3394218683242798	-0.9969357252120972	-5.127867221832275
-1.391769528388977	-0.6036629676818848	-1.181197166442871
-2.139882802963257	-2.8362128734588623	-1.7221601009368896
-0.38517898321151733	-2.5347704887390137	-0.6260045766830444
-1.1448758840560913	-1.5696467161178589	-2.7869820594787598
1.0279364585876465	-1.3650871515274048	-1.7788045406341553
-2.975010871887207	-1.1685336828231812	-3.3460583686828613
0.6250338554382324	-2.018986701965332	-3.739321231842041
-0.666473925113678	-1.5426241159439087	-4.264047145843506
-1.7908611297607422	-0.12301080673933029	-1.3059251308441162
-0.33425450325012207	-2.942901611328125	-2.5864670276641846
-0.08157827705144882	-0.2731529772281647	-4.2563252449035645
0.3642900586128235	-1.1126272678375244	-4.16524076461792
-1.7651594877243042	-1.193805456161499	-1.0147089958190918
-0.3102671802043915	-1.3272124528884888	-2.2556300163269043
-2.3498504161834717	0.003723748028278351	-2.6416451930999756
-0.7439795136451721	-2.668135166168213	-1.8262803554534912
-1.3657413721084595	0.5870473384857178	-2.09152889251709
-1.007513403892517	-1.3708058595657349	0.21377712488174438
-2.6526100635528564	-2.0491349697113037	-2.683429718017578
-0.3490329086780548	-2.496779203414917	-1.7378575801849365
-0.6383306384086609	-0.9048289060592651	0.7611658573150635
0.2811853289604187	-0.5949507355690002	-4.239650249481201
0.15312516689300537	-0.36175087094306946	-2.347160816192627
-0.31887394189834595	-1.383970856666565	-4.285190105438232
-2.8122081756591797	-0.6902430653572083	-2.209571123123169
-0.8022956848144531	-1.1001535654067993	0.10610509663820267
0.07520657032728195	-0.6334837079048157	-2.7116761207580566
-2.0301663875579834	-0.19974389672279358	-2.4711976051330566
-2.9890270233154297	-0.41079697012901306	-2.264753818511963
-1.6478508710861206	-1.2627818584442139	-2.3478446006774902
0.7046394348144531	-1.7431061267852783	-2.3387882709503174
-0.35118067264556885	-1.3369871377944946	-4.03555154800415
0.12135705351829529	0.05611143261194229	-4.2363691329956055
-0.44384345412254333	-0.9651334285736084	0.26330143213272095
-0.4342004358768463	-0.8753728866577148	0.8750318884849548
-1.8208227157592773	-1.7381768226623535	-1.4242088794708252
-1.0086803436279297	-1.3467485904693604	-5.126455783843994
0.39214953780174255	-0.9683623313903809	-3.06719708442688
-1.7970064878463745	-3.4337146282196045	-2.0327253341674805
-0.863782525062561	-1.9736610651016235	-2.2685632705688477
-1.5291333198547363	0.11847416311502457	-1.127933144569397
-0.3320949375629425	-3.0518460273742676	-3.10202693939209
-0.2933580279350281	-1.4927363395690918	-4.172913551330566
0.38191699981689453	-1.2974491119384766	-4.8561110496521
-1.4220210313796997	-0.8754259347915649	-3.0961484909057617
0.4332568645477295	-0.5118229389190674	-3.00640869140625
0.36565372347831726	-0.1545272171497345	-4.1267924308776855
0.41548988223075867	-0.007775269448757172	-4.1540608406066895
0.5404911637306213	-2.910198926925659	-2.454576015472412
-1.7733038663864136	-0.7436609268188477	-3.4008162021636963
-1.890182614326477	-0.9657703638076782	-0.41859501600265503
-1.6168891191482544	-1.5383808612823486	-1.1212668418884277
0.461560994386673	0.17803391814231873	-4.040192604064941
0.4062454402446747	-0.22953376173973083	-4.575516223907471
0.7314211130142212	-2.5823488235473633	-2.6188952922821045
-1.8728954792022705	0.004759706556797028	-2.2690987586975098
-1.835195541381836	0.7030143737792969	-3.2474024295806885
-0.44371744990348816	-1.1873950958251953	0.10066122561693192
-1.314050555229187	1.2746684551239014	-1.645112156867981
-1.811787486076355	-0.10862620919942856	-2.0964224338531494
-0.1852225959300995	-0.4075252115726471	-4.736633777618408
-0.5116405487060547	-2.944807529449463	-2.624149799346924
-0.9436888098716736	-1.2723184823989868	-2.5375454425811768
-2.4963951110839844	-0.6221336722373962	-2.6285576820373535
1.092619776725769	-0.46710291504859924	-3.5754714012145996
-1.7261003255844116	-2.1157288551330566	-1.6849617958068848
-1.033239483833313	-1.2097004652023315	-1.6081135272979736
-0.1849994957447052	-1.0024833679199219	-2.439995288848877
-1.2221159934997559	0.5222486257553101	-1.0292431116104126
-2.528512477874756	-0.9448260068893433	-2.595308780670166
-0.014200203120708466	-1.0653201341629028	-0.7182031869888306
-2.2236480712890625	-0.3839081823825836	-2.436631202697754
0.5902315378189087	-0.8581260442733765	-3.7709434032440186
-1.8112753629684448	-1.812380075454712	-1.017812967300415
-1.100980520248413	-1.1817132234573364	-1.5624401569366455
-2.373354196548462	-0.4712395966053009	-2.2960593700408936
-0.8920403122901917	-1.3884536027908325	0.7566432952880859
-1.071306824684143	-1.0222911834716797	-3.206770420074463
-1.8803355693817139	-3.5365138053894043	-2.4923620223999023
-2.141371965408325	-0.9855854511260986	-3.0707130432128906
-0.08084730058908463	0.672324538230896	-2.6014175415039062
-1.9669114351272583	-4.132007598876953	-3.086744785308838
-2.2233633995056152	-2.604707717895508	-2.4483823776245117
-1.3596347570419312	-1.7573391199111938	0.663410484790802
0.953831136226654	-1.4940155744552612	-1.6911110877990723
-1.9156492948532104	-3.490919351577759	-4.567866802215576
0.6761164665222168	-2.7882916927337646	-3.3666059970855713
-1.93616783618927	-2.126678228378296	-3.6518497467041016
-1.5805914402008057	1.138298749923706	-1.760495901107788
-2.3702871799468994	-3.33095121383667	-1.746988296508789
-1.007584810256958	-1.6475175619125366	-3.180424213409424
-0.9529781937599182	-4.0115132331848145	-2.3636417388916016
0.11841616779565811	-1.365282416343689	-2.471907615661621
-2.872945785522461	-0.23521688580513	-2.1197316646575928
-0.8872812390327454	-1.4346623420715332	0.4420716166496277
-2.7305288314819336	-3.619589328765869	-3.851384401321411
-0.7709740996360779	-0.9923368692398071	-4.019409656524658
-2.0485901832580566	-4.020665168762207	-3.036785125732422
-0.5487240552902222	-1.3503999710083008	-2.3818583488464355
-1.269943356513977	-1.5924454927444458	0.6555048823356628
-1.5321184396743774	-1.876077651977539	-1.5824981927871704
-2.094655990600586	-3.4253523349761963	-4.224100589752197
-0.721164882183075	-1.0742353200912476	0.8171541094779968
-2.910708427429199	-2.506040573120117	-3.492755889892578
0.5189054012298584	-2.715696334838867	-2.4015724658966064
-3.054300546646118	-3.29819917678833	-2.0049054622650146
-0.8578833937644958	-2.9389281272888184	-1.5385388135910034
-3.2042946815490723	-0.786149799823761	-2.099623203277588
0.9278482794761658	-1.0954734086990356	-4.827316761016846
-2.7692062854766846	-3.8493716716766357	-3.113029956817627
-2.31391978263855	0.5100615620613098	-2.4845619201660156
-1.951170563697815	-4.008486270904541	-3.9780726432800293
0.45818933844566345	-0.2554452121257782	-3.7509188652038574
-1.5984668731689453	-1.7663439512252808	0.47948217391967773
-2.0098204612731934	-1.4159667491912842	-1.8587605953216553
-1.5245484113693237	-3.03131365776062	-3.487184762954712
-1.2372785806655884	-1.4292545318603516	-4.189369201660156
-2.8208279609680176	-3.3223135471343994	-2.4716718196868896
-1.7541285753250122	0.4000532925128937	-1.0846693515777588
-3.1480393409729004	-0.7657920718193054	-2.605952262878418
-0.031170926988124847	0.22498545050621033	-3.6331374645233154
-2.767049789428711	-3.506404161453247	-3.3611440658569336
-0.9656568169593811	-3.1833369731903076	-2.1675682067871094
-3.3487696647644043	-2.551330804824829	-2.9685072898864746
0.9961429238319397	-0.23844310641288757	-2.7635085582733154
-2.7777020931243896	-3.3670902252197266	-3.4062018394470215
0.4082629382610321	-2.3306093215942383	-2.1251745223999023
-2.7941975593566895	-0.05008532851934433	-2.2711129188537598
0.2872641384601593	-0.059038542211055756	-4.867781162261963
-2.5395045280456543	-2.9891321659088135	-1.6732600927352905
-0.036874569952487946	-2.360813617706299	-1.6300374269485474
-2.746488094329834	0.06052283197641373	-1.6748409271240234
-0.8489720821380615	-1.3246933221817017	0.8456009030342102
-2.9531445503234863	-0.16873374581336975	-2.352153778076172
-0.8774816393852234	-2.2672832012176514	-1.1868656873703003
-2.33589506149292	-2.4836549758911133	-3.7583134174346924
-0.2993876039981842	-0.2328387200832367	-3.4908909797668457
-2.8497471809387207	-1.840243935585022	-1.5313388109207153
0.09920995682477951	-1.6874186992645264	-3.831510066986084
-2.639359474182129	-2.4942586421966553	-3.4068238735198975
-0.5171987414360046	-0.7481949329376221	0.5832754969596863
-1.1488338708877563	-2.263796329498291	-4.109373092651367
-0.35745975375175476	-1.9609884023666382	-0.5034918189048767
-1.549362063407898	-2.045327663421631	-4.817862033843994
-0.20577090978622437	-0.7171790599822998	0.5747270584106445
-1.8064966201782227	-1.9762924909591675	-0.2602766752243042
-1.957603096961975	-2.638141393661499	-3.4206864833831787
-0.48655375838279724	-1.8202635049819946	-4.82572603225708
-0.42387130856513977	-1.3067681789398193	-3.000838279724121
-2.8709163665771484	-3.1851375102996826	-3.3758459091186523
-0.8995307087898254	-2.6028735637664795	-1.6920478343963623
-1.7507712841033936	-2.4515998363494873	-4.273825168609619
-2.116339921951294	-0.11716502159833908	-1.7083232402801514
-2.89156436920166	-0.12607374787330627	-2.243394374847412
-0.8086630702018738	-1.0279196500778198	0.582114577293396
-3.2534406185150146	-2.7659378051757812	-2.6026690006256104
-0.8823612928390503	-1.7711886167526245	-3.1652514934539795
-1.8857789039611816	-2.6983559131622314	-4.654837131500244
-1.1728229522705078	-0.22939220070838928	-1.4995282888412476
-0.6554089188575745	-3.359726667404175	-2.0748424530029297
-1.546478509902954	-1.6117933988571167	-2.650966167449951
-2.0735225677490234	-2.6705565452575684	-0.8080788254737854
-0.33834710717201233	-0.2912696301937103	-3.3354320526123047
-2.9757490158081055	-2.782688617706299	-2.3393311500549316
-0.9611416459083557	-2.560807228088379	-4.650206565856934
-1.5234092473983765	-3.0673866271972656	-3.4654653072357178
-0.17893993854522705	-1.4634032249450684	-3.6816654205322266
-1.1854684352874756	-2.6674246788024902	-4.033790111541748
-0.4790647327899933	-3.5456881523132324	-3.721851348876953
-2.954608917236328	-3.781318426132202	-4.290175437927246
-1.5225845575332642	-3.5054049491882324	-1.898212194442749
-2.272486686706543	-4.005089282989502	-3.6067936420440674
-0.7930364012718201	-0.7461837530136108	-1.1559725999832153
-3.1463687419891357	-3.545599937438965	-2.9070611000061035
-0.9079716801643372	-0.7364840507507324	-3.474118947982788
-3.1150941848754883	-3.2129948139190674	-2.543661117553711
-1.8012042045593262	-0.6727327108383179	-3.495863437652588
-3.257902145385742	-2.479684591293335	-2.1538777351379395
0.4992969334125519	-1.0724295377731323	-4.037317752838135
-1.8540493249893188	-2.3708555698394775	-0.2013593316078186
1.1402397155761719	-1.050958275794983	-3.1605734825134277
-2.2710952758789062	-2.887852191925049	-4.037857532501221
-1.8309544324874878	-1.7034118175506592	-0.956505537033081
-2.673762798309326	0.07053164392709732	-2.587860584259033
-1.0772476196289062	-0.565237283706665	-2.96903395652771
-0.9387528300285339	-1.6305965185165405	-3.096831798553467
-1.434932827949524	-0.3212246596813202	-0.8124949932098389
-1.0412548780441284	-1.4048104286193848	-3.4554123878479004
-2.085871696472168	-0.5987128019332886	-2.1126534938812256
-2.2078521251678467	-2.605577230453491	-0.8226278424263
1.3192323446273804	0.00878683477640152	-3.150864601135254
-2.7771155834198	-3.513012409210205	-3.3669281005859375
-1.1792176961898804	-1.732434868812561	-4.471419811248779
-3.528186321258545	-2.0306496620178223	-3.079697847366333
-2.8736510276794434	-1.0370761156082153	-1.8716936111450195
-1.6406904458999634	-2.1902260780334473	-0.13016051054000854
-0.8873165249824524	-0.8071885704994202	-2.649364709854126
-1.0747634172439575	-1.5412640571594238	-4.959008693695068
-1.0013660192489624	-1.8238110542297363	-4.293425559997559
-1.016698956489563	-3.948831081390381	-3.028900146484375
0.6093769073486328	-1.1678636074066162	-4.07688045501709
-1.4473530054092407	-2.549189805984497	-4.013698577880859
-2.3753368854522705	0.5561103820800781	-1.8027527332305908
-2.056245803833008	-2.042391300201416	-4.539549827575684
-1.0477780103683472	0.14678490161895752	-3.257861375808716
-0.7168977856636047	-4.024263381958008	-2.5915801525115967
-1.1929641962051392	-2.9189767837524414	-3.205381155014038
-3.1485674381256104	-2.261408805847168	-2.8796756267547607
-1.2310404777526855	0.10246209055185318	-2.299023389816284
-3.152226209640503	-1.5604480504989624	-2.097592353820801
-0.9916021227836609	-1.389159083366394	-1.1456913948059082
-1.7139140367507935	-4.179985046386719	-2.892606735229492
0.5015986561775208	-1.648017168045044	-3.332169771194458
-0.9637532830238342	-1.689254879951477	-3.519747018814087
0.35054516792297363	0.2536008656024933	-4.12102746963501
-0.07664153724908829	-1.2180448770523071	-4.211985111236572
-1.8846601247787476	-0.6032061576843262	-1.9296107292175293
-1.9955207109451294	-1.8518413305282593	-4.82305383682251
-2.252448320388794	-0.8351218700408936	-1.6689448356628418
-1.7533224821090698	-1.331339955329895	-4.582797527313232
0.05747177451848984	-3.0075480937957764	-1.9630699157714844
-2.006371021270752	-3.0063910484313965	-4.48980188369751
-0.00983678549528122	0.09881506115198135	-3.728398561477661
-1.0077968835830688	-1.3234280347824097	0.9098238945007324
-1.926845669746399	0.871044397354126	-2.204533815383911
-0.7222080826759338	-3.8984384536743164	-3.260629415512085
0.7673763632774353	-1.1612591743469238	-4.200161457061768
-1.1637555360794067	-2.3431386947631836	-2.987133264541626
-1.9229196310043335	0.265560507774353	-1.067915439605713
-1.2392185926437378	-4.180942058563232	-3.074108600616455
0.6336212754249573	-1.5289654731750488	-2.6628336906433105
-3.2695159912109375	-2.590477705001831	-2.3858344554901123
0.7845420241355896	-0.6991094350814819	-2.9749526977539062
-1.7442446947097778	-2.126832962036133	0.11694193631410599
-1.6785764694213867	0.7454991340637207	-2.219712495803833
-3.384153127670288	-2.072622776031494	-3.245194911956787
-1.1874239444732666	-0.7360677123069763	-3.002552032470703
-2.772331476211548	0.18957772850990295	-2.38612699508667
0.016317620873451233	-0.22134080529212952	-3.2076234817504883
-1.4750818014144897	-3.9490623474121094	-2.1137146949768066
-1.998064637184143	-0.5423470735549927	-2.9422097206115723
-2.558563232421875	-3.8389344215393066	-2.9310903549194336
1.3825803995132446	-0.5129504799842834	-3.6809163093566895
-1.852288007736206	-2.0525190830230713	-2.259812593460083
-1.8360950946807861	0.4109461009502411	-2.3036210536956787
-2.9455673694610596	-0.4727872908115387	-2.339724540710449
-0.48508647084236145	-0.6955699920654297	-3.9339451789855957
-2.7137691974639893	-3.292693853378296	-2.048616409301758
-1.1869643926620483	-3.523977518081665	-2.3314075469970703
-2.8638782501220703	-0.17162489891052246	-1.5727744102478027
-0.6427823305130005	0.027518190443515778	-3.3486361503601074
-2.035158634185791	-3.924074649810791	-2.732720375061035
-0.41825810074806213	-2.843205451965332	-1.1702525615692139
-1.8228954076766968	-2.2319564819335938	-4.089354991912842
-0.1762821078300476	-0.7565106153488159	-4.759142875671387
-2.8571324348449707	0.2519510090351105	-1.7888518571853638
-0.37768009305000305	-1.1452308893203735	0.48541581630706787
-3.026428699493408	-1.5290278196334839	-2.3057360649108887
-0.21358129382133484	-1.3684834241867065	-4.364852428436279
-1.7944685220718384	-2.017503499984741	-2.9750261306762695
-0.4524964392185211	-3.721264600753784	-2.8351540565490723
-1.952902913093567	-4.028558731079102	-3.0302367210388184
-0.8352941870689392	-1.4098979234695435	-2.3731305599212646
-1.333908200263977	-3.2143208980560303	-3.543811321258545
-0.7591434121131897	-1.3104894161224365	-3.155660629272461
-0.8071379065513611	-3.5049664974212646	-3.7398767471313477
-1.3835726976394653	-1.9903844594955444	-4.6955647468566895
-2.034234046936035	-2.3830504417419434	-0.16635829210281372
0.4260210692882538	-2.6557810306549072	-2.889070987701416
-1.6116734743118286	-4.358046054840088	-4.296370029449463
0.06287602335214615	-2.313405990600586	-3.410517692565918
-1.8008393049240112	-2.0722599029541016	0.07423967868089676
-1.9715501070022583	-0.5635607242584229	-3.2033462524414062
-2.1775295734405518	-4.286513328552246	-3.744687557220459
-0.6728346943855286	-3.5840625762939453	-3.2709908485412598
-2.74534273147583	-3.330185890197754	-2.034334897994995
-0.10096130520105362	-0.9177259206771851	-3.723677635192871
-2.4105138778686523	-2.105834484100342	-0.6803131699562073
-0.937997043132782	-0.9712392091751099	-1.3133604526519775
-2.391350746154785	-3.979402542114258	-2.9930708408355713
-0.38745608925819397	-0.5663245320320129	-2.920351505279541
-2.8719289302825928	-2.322397232055664	-1.8196589946746826
-0.9086299538612366	-1.7104254961013794	-2.947505235671997
-3.0642738342285156	-0.08658965677022934	-1.8488237857818604
0.47043851017951965	-0.6756383180618286	-4.529934406280518
-3.2195324897766113	-1.7732197046279907	-2.1206815242767334
-1.134182095527649	-1.8307558298110962	-2.9268813133239746
-1.878517508506775	-2.1894190311431885	-4.312075138092041
0.8469682931900024	-2.132762908935547	-3.053337574005127
-2.4624476432800293	-4.1165266036987305	-2.866447687149048
-1.4376591444015503	-2.663029670715332	-4.1128740310668945
-1.8051248788833618	-3.908419132232666	-2.1261415481567383
-0.32933562994003296	-0.090615414083004	-2.8120265007019043
-1.908274531364441	-2.6741750240325928	-4.272550106048584
-1.6536506414413452	0.8818193674087524	-2.516146659851074
-1.678726315498352	-4.087626934051514	-2.815455913543701
-1.0186318159103394	-1.1601550579071045	0.5108678340911865
-2.039318084716797	-3.0825693607330322	-4.2109174728393555
-1.973671317100525	-0.8383594155311584	-1.472097635269165
-1.8939658403396606	-2.464916467666626	-4.363144397735596
-0.7048813700675964	-3.6602439880371094	-2.334789276123047
-3.3099443912506104	-1.6114904880523682	-2.8963160514831543
-2.480916738510132	-0.3254248797893524	-2.89066219329834
-3.132394313812256	-2.811532735824585	-3.248948097229004
-0.1276766061782837	-1.1445528268814087	-3.450369119644165
-0.9473350644111633	-3.472703456878662	-3.3721539974212646
-0.5426060557365417	-3.4291577339172363	-3.1416449546813965
-1.5493134260177612	-2.115922451019287	0.15674924850463867
0.4313235580921173	-0.31011340022087097	-4.288424491882324
-0.9281459450721741	-1.6237726211547852	-4.655890464782715
-1.383955478668213	-1.1731141805648804	-2.1258482933044434
-0.44236883521080017	-0.9385432004928589	-5.3533101081848145
-1.489331603050232	-1.583874225616455	-1.708931803703308
-1.585426688194275	-2.7195754051208496	-2.0551130771636963
-1.7179595232009888	-0.6694194674491882	-0.34200605750083923
0.4500778019428253	-1.1048892736434937	-4.021814823150635
-0.9686647057533264	-3.2506258487701416	-2.2100231647491455
-0.12506061792373657	-3.0955798625946045	-1.891282081604004
-0.6512272953987122	0.6620643734931946	-2.3537516593933105
-2.4804112911224365	0.17356619238853455	-2.1253604888916016
0.13320785760879517	-2.8736472129821777	-2.39958119392395
-1.7748432159423828	-1.627145767211914	-1.5851716995239258
0.6588176488876343	-1.5665370225906372	-4.882823944091797
-2.2625937461853027	-0.6852982044219971	-1.2313306331634521
-1.446716070175171	1.1636971235275269	-2.102097749710083
-1.7518328428268433	-2.8653664588928223	-3.3366761207580566
0.5340765118598938	-2.4500069618225098	-1.8920073509216309
-1.3953088521957397	-1.7773483991622925	0.4184052348136902
-1.8088186979293823	-0.4163290560245514	-1.7212703227996826
-1.3194471597671509	-2.1197261810302734	-4.413671016693115
0.37869134545326233	-0.061332009732723236	-3.5968847274780273
-0.38092556595802307	-0.12583795189857483	-4.638209342956543
0.26188036799430847	-0.9217939376831055	-4.229787349700928
-2.0221526622772217	-1.7688827514648438	-1.8681200742721558
-0.9434677958488464	-0.7239208221435547	-5.455814838409424
-0.35299450159072876	-1.0761059522628784	-2.995234489440918
-1.0163990259170532	-1.410675287246704	-1.7102322578430176
0.07870470732450485	-2.608262538909912	-1.9001857042312622
-1.3873748779296875	-0.42696264386177063	-3.381075859069824
-1.4878112077713013	0.26685336232185364	-3.193614959716797
-0.040133051574230194	-0.3862500488758087	-3.641967296600342
-1.6176708936691284	-1.5823019742965698	-2.6094858646392822
-0.6318842172622681	-1.3138468265533447	-1.71834397315979
-2.2234888076782227	-0.23103651404380798	-1.2030470371246338
-0.2108231484889984	-1.4556537866592407	-3.100809335708618
-1.1865719556808472	-3.3726871013641357	-3.3538992404937744
0.04887641966342926	-0.7724114656448364	-3.8113796710968018
-1.261965036392212	-1.3710201978683472	0.6880613565444946
-2.22059965133667	-2.089052677154541	-1.629776954650879
-1.194670557975769	-2.204078197479248	-3.8719348907470703
-0.7329753041267395	-2.67403244972229	-2.9494991302490234
-0.16266754269599915	-0.8265376687049866	-4.8279852867126465
-1.1374131441116333	-1.3150253295898438	0.5338611602783203
-2.0156290531158447	0.33720049262046814	-2.265343189239502
-0.3277842104434967	-0.961807131767273	0.13584619760513306
-2.266389846801758	-1.7043298482894897	-2.22076153755188
0.15772002935409546	-1.838972568511963	-2.518187999725342
-1.9929314851760864	-1.059040904045105	-1.391627311706543
-0.41198626160621643	-3.613865375518799	-2.4810402393341064
-2.013223171234131	-0.7920415997505188	-1.6786580085754395
-0.6183680295944214	-0.9029521942138672	0.8787610530853271
-2.430393934249878	-1.043296217918396	-2.1820108890533447
-0.7750487327575684	-1.454079508781433	-2.019714593887329
-1.146098256111145	-2.9166266918182373	-2.081709623336792
-1.592671275138855	-0.5746370553970337	-3.614893913269043
-0.46513256430625916	-0.9183444976806641	0.7057740092277527
-1.1476033926010132	-1.6015318632125854	-1.8067060708999634
-2.3593828678131104	-0.440023809671402	-2.1969120502471924
-1.0404868125915527	-3.577873706817627	-3.02819561958313
0.13343870639801025	-1.1694722175598145	-3.1427268981933594
0.4167240560054779	-0.8942469358444214	-2.9413185119628906
-0.366686075925827	-0.7440217137336731	-5.0958123207092285
0.31371960043907166	0.15748736262321472	-3.726315975189209
-1.0610270500183105	-3.5474910736083984	-3.2450013160705566
-1.0645469427108765	-1.2669556140899658	0.07273132354021072
-1.384575366973877	-2.066229820251465	-1.0429110527038574
0.21328219771385193	0.32843175530433655	-3.401270866394043
-1.5229870080947876	-1.5814427137374878	-1.602311611175537
-0.24047762155532837	0.4399174749851227	-1.977937936782837
-1.4686661958694458	-2.512939214706421	-1.917855978012085
-0.4489723742008209	-1.23153555393219	-3.461611270904541
-1.43346107006073	-3.2316935062408447	-3.2834954261779785
-2.2202086448669434	-0.7686885595321655	-4.15602970123291
0.026399023830890656	-0.8579336404800415	-3.073625087738037
0.646592915058136	-0.13154050707817078	-3.710421562194824
-0.7603273987770081	-1.0766875743865967	0.7072232961654663
-0.3680085241794586	-1.8438830375671387	-4.333068370819092
0.24278008937835693	-0.8423513770103455	-3.921919345855713
0.5002828240394592	0.3104752004146576	-3.3208260536193848
-2.1054937839508057	-1.4969019889831543	-1.5205283164978027
0.12819038331508636	-2.777433156967163	-2.708817958831787
-1.7666255235671997	-3.8880839347839355	-3.7505414485931396
0.9027273058891296	-0.9442728757858276	-4.3027777671813965
-1.591819405555725	0.3483879566192627	-0.6341862678527832
-0.6824058294296265	-1.888558268547058	-1.6159206628799438
-0.2529541552066803	-3.069289445877075	-1.6669217348098755
-0.31131115555763245	-2.779499053955078	-2.2098047733306885
-2.0761783123016357	-3.716719388961792	-4.046635150909424
-0.7460216879844666	-1.1537975072860718	0.8395134210586548
-1.7369309663772583	-1.7307108640670776	0.3086179494857788
-1.3603016138076782	-1.4450238943099976	-1.0867894887924194
-2.3255503177642822	0.060899652540683746	-2.325368881225586
-1.1625655889511108	0.3050188720226288	-1.2291817665100098
-1.0918437242507935	-3.134190082550049	-3.566051959991455
0.4848330616950989	-2.8571529388427734	-2.987597703933716
-0.8709313869476318	-3.037588596343994	-1.8798326253890991
-0.6744113564491272	-3.5028347969055176	-2.6822497844696045
-1.7213420867919922	-2.211091995239258	-3.2749388217926025
-0.2364048957824707	-2.3054652214050293	-0.9647434949874878
-2.3367977142333984	-1.0005955696105957	-2.394667625427246
-2.2184858322143555	-2.086945056915283	-1.6176555156707764
-0.5260270237922668	-1.526478886604309	-3.7724151611328125
-0.7404839396476746	-0.4308924973011017	-1.8013370037078857
-1.456272006034851	-2.764744520187378	-2.526064157485962
-1.7628260850906372	-2.507279872894287	-1.0287379026412964
-2.0288045406341553	0.37327852845191956	-2.304839849472046
-0.1493360698223114	0.619962215423584	-3.594261407852173
-0.19379651546478271	-2.7003097534179688	-1.8437752723693848
0.46018725633621216	-0.7000147104263306	-3.3711044788360596
-1.5304936170578003	-3.7752933502197266	-3.515468120574951
-0.6509600877761841	-1.4158631563186646	-3.590458393096924
-2.15578556060791	-1.6466073989868164	-1.5650780200958252
0.10909619927406311	-2.510795831680298	-2.1073482036590576
-0.748076319694519	-1.018018126487732	0.7036992907524109
-0.3488204777240753	-0.039538465440273285	-3.3388466835021973
-1.9525941610336304	0.6586694717407227	-1.9885106086730957
1.1465667486190796	-0.7363787889480591	-2.862290143966675
-2.1084694862365723	0.3211831748485565	-1.7182626724243164
0.5381892323493958	-1.7144361734390259	-4.583461284637451
-1.0286637544631958	-1.2629612684249878	0.4563225507736206
-0.8905070424079895	-1.2686887979507446	0.43890857696533203
-0.6875177025794983	-0.5937707424163818	-4.449229717254639
1.149372935295105	-1.818947434425354	-2.395995616912842
-0.8505740761756897	-1.4540959596633911	-2.8680150508880615
0.9147335290908813	-1.8525588512420654	-2.906080961227417
-0.28863486647605896	-0.4255279004573822	-4.514057159423828
-0.21334213018417358	-0.7576518654823303	-4.649661540985107
-1.465917944908142	-1.6718031167984009	-0.6095309257507324
0.8414627909660339	-2.5336968898773193	-2.5072195529937744
-1.814314603805542	-2.9507381916046143	-2.387665271759033
-0.24340394139289856	-3.4417076110839844	-3.213412284851074
-1.14621102809906	-1.5791682004928589	-3.883281707763672
0.05719606578350067	-2.4347124099731445	-1.4673376083374023
-1.1489137411117554	-2.5541751384735107	-2.4107344150543213
-1.6763348579406738	-1.6552581787109375	-2.84968638420105
-1.8959169387817383	-1.8588992357254028	-2.149008274078369
-0.37652587890625	-0.9960489273071289	0.2779180407524109
-1.4549921751022339	-2.3349504470825195	-1.4162414073944092
-1.7306978702545166	-2.2335338592529297	-1.4742205142974854
-1.7578850984573364	0.5438140034675598	-1.0375906229019165
-0.3435092866420746	-1.0134910345077515	0.47034722566604614
-0.866139829158783	-1.054478406906128	-3.604928970336914
-1.578054428100586	-2.6433932781219482	-5.219269752502441
-0.12750670313835144	-0.4855952560901642	-4.200413227081299
-1.671272873878479	-0.6555801630020142	-1.7272322177886963
0.15599632263183594	-2.473456859588623	-1.237149953842163
-0.7741714119911194	-1.9740437269210815	-0.6610355973243713
-2.105093479156494	0.08676708489656448	-2.357167959213257
0.47580191493034363	-0.7784202098846436	-4.8947224617004395
-0.34084993600845337	-2.292982816696167	-1.5677807331085205
-0.1416395604610443	-0.8445164561271667	-4.79822301864624
-0.15504726767539978	-0.12451454252004623	-3.656684637069702
-1.267094612121582	-1.017440915107727	-3.730419635772705
-1.0661958456039429	-1.8122066259384155	-3.564516067504883
0.4766292870044708	-1.9153558015823364	-2.1300058364868164
-0.9680501818656921	-1.8276816606521606	-4.149024486541748
-2.0022835731506348	0.7938953638076782	-1.4741082191467285
-1.6600669622421265	-2.051340103149414	-2.123239755630493
-0.7203785181045532	-0.4636036455631256	-5.0276875495910645
-0.044135741889476776	-3.4914097785949707	-2.6632344722747803
-1.214827299118042	-2.769645929336548	-1.4070320129394531
-2.7963647842407227	-1.3759959936141968	-2.25333309173584
-1.8044947385787964	0.9541215896606445	-1.3869681358337402
-1.477789282798767	-3.2171478271484375	-3.549617290496826
-0.18375644087791443	-1.0161848068237305	-1.1728179454803467
-0.4882260262966156	-1.0852138996124268	-3.28147554397583
-1.9562863111495972	-1.4053282737731934	-3.957808017730713
0.21560922265052795	-0.6299163699150085	-3.536109447479248
-1.2384018898010254	-0.6704866290092468	-1.353622317314148
0.8645107746124268	-0.6229351758956909	-3.8171567916870117
-1.2151272296905518	-2.9757165908813477	-2.7235703468322754
-1.199698567390442	-1.4311927556991577	0.5370039343833923
-1.3786885738372803	-1.2985526323318481	-3.291731834411621
-0.2752211391925812	-0.12847080826759338	-5.056895732879639
0.2527843117713928	-2.422969341278076	-2.2177839279174805
0.18573671579360962	-0.17771616578102112	-5.386332035064697
-0.005331538617610931	-0.5853137969970703	-3.0534682273864746
-2.120814561843872	-0.11722735315561295	-1.0934956073760986
-2.9176740646362305	-2.1016387939453125	-3.4116785526275635
0.28854331374168396	-1.1750133037567139	-3.876967668533325
0.12066731601953506	0.0556400790810585	-4.131495475769043
-1.713614583015442	-0.3005867302417755	-2.7083382606506348
0.9704682230949402	-1.9380449056625366	-2.392702102661133
-2.217125415802002	-0.7751882076263428	-3.371309995651245
0.8118717074394226	-0.0716293677687645	-3.3140511512756348
-1.3637288808822632	-1.9336954355239868	-2.4951934814453125
0.19435331225395203	0.41257598996162415	-3.278256416320801
-0.4378242790699005	-1.1856130361557007	-3.8478569984436035
0.9636614918708801	-2.0225648880004883	-2.997744560241699
-1.2528194189071655	-1.4890433549880981	0.2405475378036499
-1.4400506019592285	-0.5104194283485413	-3.3854146003723145
-0.4326017200946808	0.0031114593148231506	-4.381134033203125
-0.8816089034080505	-1.0758838653564453	-2.104079246520996
-1.3310316801071167	-1.5558055639266968	0.22007626295089722
-0.9353659749031067	-0.7623919248580933	-4.18730354309082
0.08414626121520996	-0.0029543861746788025	-4.613685607910156
-1.5375643968582153	-0.12010695785284042	-2.993941307067871
-0.4005835950374603	-2.8882741928100586	-2.3236756324768066
0.4031003415584564	-2.14447283744812	-2.6509153842926025
-0.7201970815658569	-0.8029381036758423	0.8415036797523499
-1.1781405210494995	-0.1492052972316742	-1.5071525573730469
-0.05814298242330551	-1.1520172357559204	-3.6895604133605957
-2.7695579528808594	-1.24951171875	-2.559917688369751
0.3882890045642853	-0.020131491124629974	-4.7364115715026855
-1.2785266637802124	-0.40919867157936096	-1.7034657001495361
-1.397226333618164	-2.516298770904541	-1.3387823104858398
-0.22670894861221313	0.5819664597511292	-1.4492180347442627
1.1605557203292847	-0.14684870839118958	-3.375615358352661
-0.12065113335847855	-1.5593868494033813	-4.7957282066345215
0.016657806932926178	-2.6449646949768066	-1.2773629426956177
-2.982609987258911	-2.5856995582580566	-3.787726402282715
-1.4135295152664185	0.8290672302246094	-1.8776700496673584
-0.7060167193412781	-0.8458759784698486	-3.7011396884918213
-1.589077115058899	-1.8654614686965942	-2.480045795440674
-1.494383692741394	-1.3616713285446167	-3.647968053817749
-1.5012335777282715	-0.2099296748638153	-2.631507158279419
-0.6628636121749878	-1.0235940217971802	-3.494356632232666
0.34298455715179443	-2.2120347023010254	-2.280259132385254
0.46403971314430237	-1.8534135818481445	-2.7076194286346436
-0.837654173374176	-1.070865511894226	1.0353995561599731
-2.655775785446167	-1.8282277584075928	-1.7043170928955078
-0.7680606842041016	-1.2812716960906982	-3.631605863571167
-1.3822184801101685	-1.2733802795410156	-1.3595573902130127
0.3839719891548157	0.16044959425926208	-4.85103178024292
-1.898995041847229	-0.4422740638256073	-2.329277753829956
-1.0444895029067993	-2.5737533569335938	-1.6784164905548096
-1.1142863035202026	-0.38197919726371765	-3.685183525085449
1.0608621835708618	-0.4922504723072052	-3.383171319961548
-2.2165615558624268	0.5379061698913574	-2.1077046394348145
0.2347724735736847	-3.18733286857605	-2.495448112487793
0.7116199135780334	-0.7732797861099243	-3.7483839988708496
-1.4067684412002563	1.186368465423584	-1.6803234815597534
-0.38687077164649963	-1.178007960319519	0.5553809404373169
-0.8073654174804688	-1.782877802848816	-3.224151134490967
0.35592660307884216	-2.591977596282959	-3.395810127258301
-2.1471405029296875	-0.5658862590789795	-1.7217459678649902
0.19888003170490265	0.14362689852714539	-3.6164114475250244
0.29732412099838257	-2.2161450386047363	-3.3426828384399414
-1.6887186765670776	-2.503044605255127	-2.450131416320801
-0.654686450958252	-1.014958143234253	0.711898684501648
-0.37532004714012146	-0.6845958232879639	-3.9669528007507324
-0.7325124144554138	-0.9457789659500122	-3.732776641845703
1.0353431701660156	-0.45289114117622375	-3.594947576522827
0.44125601649284363	-0.3462342917919159	-4.933943271636963
-0.9327753186225891	0.12249980121850967	-3.0712218284606934
-1.4135260581970215	-1.9208916425704956	-1.4188024997711182
-0.22411656379699707	-0.7555170655250549	0.38009488582611084
-1.2961469888687134	1.2042746543884277	-2.2130308151245117
-1.6906780004501343	0.42870888113975525	-0.9570329189300537
-2.1905341148376465	-2.1519434452056885	-2.520801067352295
-0.662139892578125	-1.011443018913269	0.8788681030273438
-2.080667495727539	-0.3476317822933197	-2.126422882080078
0.25570324063301086	-0.6519281268119812	-3.6669845581054688
0.2254020720720291	-0.5881603360176086	-4.50840425491333
0.19573158025741577	-0.3421032726764679	-3.6411447525024414
-1.4046841859817505	-1.7522566318511963	-0.5054148435592651
-0.12529543042182922	-3.203625440597534	-3.9458799362182617
-0.4185729920864105	-0.929427981376648	0.6202982664108276
-0.3439394533634186	-0.6044434309005737	-3.0258452892303467
-1.2630054950714111	-1.5593736171722412	-0.4047762453556061
0.052894867956638336	0.7198079824447632	-3.3523967266082764
-0.17552033066749573	-3.004760265350342	-2.0684850215911865
1.3001667261123657	-0.7748481631278992	-2.9698071479797363
0.32194963097572327	-2.164245367050171	-1.1694236993789673
-1.1307834386825562	-1.2074137926101685	-2.4025368690490723
-1.63551926612854	1.2153064012527466	-2.007317066192627
-0.4131356179714203	-0.977354884147644	-4.3662495613098145
0.02310558408498764	-0.003369651734828949	-4.6651105880737305
-1.3603721857070923	-1.0195884704589844	-0.6022357940673828
0.04743805527687073	0.07009915262460709	-4.4584431648254395
-0.9021305441856384	-3.766940116882324	-3.7396836280822754
-0.48379626870155334	-1.3632138967514038	-3.7759833335876465
-0.7983899116516113	-1.0672725439071655	1.1233165264129639
-0.9157004952430725	-1.1419979333877563	1.0006260871887207
0.7234504222869873	-1.712753176689148	-3.233733654022217
-2.1177518367767334	-2.0501620769500732	-2.412384510040283
-2.5714645385742188	-1.8970516920089722	-2.969322919845581
-1.2439258098602295	-2.1232640743255615	-1.5467808246612549
-0.013622306287288666	-2.2493817806243896	-1.0846718549728394
-1.8302751779556274	0.9896811246871948	-1.8765296936035156
0.3468921482563019	-2.7171850204467773	-2.3230066299438477
0.48584848642349243	0.30164358019828796	-3.625223159790039
0.22095516324043274	-0.9293739795684814	-4.126707553863525
1.009543538093567	-0.47940006852149963	-3.031930446624756
-1.7313308715820312	-2.6585748195648193	-1.6574697494506836
-1.4148684740066528	-1.4066386222839355	-0.5291491746902466
-0.1335533857345581	-2.9355173110961914	-2.256976842880249
-2.1111435890197754	-1.1182831525802612	-2.4380898475646973
-0.7209994792938232	-1.262001395225525	0.22423195838928223
-0.3778116703033447	-1.0716283321380615	0.8611425757408142
0.3161929249763489	0.28160032629966736	-4.8518195152282715
-0.4071405231952667	-0.8993054628372192	0.7279202342033386
-0.5036095976829529	-1.0187296867370605	0.435960054397583
-0.29127901792526245	-2.8934640884399414	-3.017758369445801
-0.0664784237742424	-2.3561692237854004	-4.854121208190918
-0.5569939017295837	-0.9518494606018066	0.8972150683403015
-1.0737701654434204	-1.7498650550842285	-1.259937047958374
-2.033705234527588	-1.4044750928878784	-0.7999398708343506
0.14413616061210632	-2.4173388481140137	-2.198432445526123
0.029194138944149017	-3.1699137687683105	-2.527446985244751
0.4303604066371918	-2.805692195892334	-2.6261658668518066
-0.30545303225517273	-3.144664764404297	-3.1043550968170166
-0.6910616755485535	-1.2933869361877441	0.37271761894226074
-0.4099837839603424	-1.2817062139511108	-3.364938735961914
-1.5699623823165894	-3.6400856971740723	-2.888699531555176
-1.6924978494644165	-2.368239164352417	-2.8020477294921875
-0.26393041014671326	-0.16326788067817688	-1.8240275382995605
-0.6242867112159729	-1.3775702714920044	-3.8245906829833984
-0.05874522775411606	-0.7311108112335205	0.17904746532440186
-0.8976239562034607	-0.9390819072723389	0.6947233080863953
0.9125853776931763	0.028050579130649567	-3.307101011276245
-1.54835844039917	0.9161131381988525	-2.2915525436401367
-0.9837263226509094	-0.32899850606918335	-2.2999064922332764
1.1668572425842285	-0.07974179834127426	-3.828329563140869
-0.03482643514871597	0.07496277242898941	-4.104557514190674
0.47251757979393005	-2.4646472930908203	-3.295063018798828
-1.7635899782180786	-2.9985692501068115	-4.757693767547607
0.9347379207611084	-2.3518521785736084	-3.5739216804504395
-0.937385618686676	-3.4596893787384033	-1.9864146709442139
-0.06734257191419601	-1.429019808769226	-4.12255334854126
-2.405895233154297	-0.35976356267929077	-1.304406762123108
0.9425478577613831	-2.1186676025390625	-3.8197383880615234
-1.4146252870559692	1.1135128736495972	-1.7363085746765137
0.35390257835388184	-2.994270086288452	-2.764014720916748
-0.4943099915981293	-0.47998079657554626	-1.7094415426254272
-1.947123646736145	0.04851207882165909	-2.4776482582092285
-0.8157460689544678	-1.1541622877120972	0.820364773273468
-0.8528497815132141	-0.6899126172065735	-3.1288349628448486
-1.9943896532058716	-0.6983314156532288	-1.199665904045105
0.16876870393753052	0.15645381808280945	-3.9371442794799805
-2.1393206119537354	-1.5855989456176758	-0.8729933500289917
-1.5884064435958862	1.0856517553329468	-1.9635107517242432
-0.6482807993888855	-1.281197190284729	-2.7224280834198
-0.4467063248157501	-3.449159622192383	-2.0877952575683594
0.294864296913147	-2.9538681507110596	-2.5952115058898926
-2.0372300148010254	-0.5218209028244019	-2.4492440223693848
-1.468597173690796	-0.7809648513793945	-1.5799674987792969
-1.8239904642105103	-2.27168607711792	-2.774731159210205
-1.986432671546936	0.7234596014022827	-1.6052765846252441
-1.7339504957199097	0.8139734268188477	-1.610588550567627
-1.741051197052002	-0.4958238899707794	-3.093949556350708
-1.7098549604415894	-2.371978521347046	-2.3081088066101074
-1.050176739692688	-2.896872043609619	-1.1505184173583984
-1.7905534505844116	-0.1264408826828003	-2.8512821197509766
0.6079232096672058	-0.377049058675766	-3.3090498447418213
-0.25453808903694153	-0.6287398934364319	-4.192007064819336
-0.4107312262058258	-1.0862855911254883	-4.150146961212158
-0.07662095874547958	-0.6690160632133484	-4.213417053222656
0.3649859130382538	-0.16199710965156555	-4.878859043121338
-1.997794270515442	-0.4779122769832611	-3.615851640701294
-1.6233333349227905	-2.158236026763916	-0.9486000537872314
-1.3941377401351929	-2.5403592586517334	-3.5419516563415527
-0.9969049096107483	-2.7259929180145264	-3.442138195037842
0.08588095754384995	-2.776268720626831	-2.688650608062744
-1.549457311630249	-1.748839259147644	-1.1196810007095337
-1.554444432258606	-1.426203727722168	-0.8117120265960693
-1.1052557229995728	-2.10198974609375	-2.260464906692505
-1.6846150159835815	-1.4128762483596802	-0.5462734699249268
-0.6928648948669434	-1.0136362314224243	-4.769476890563965
-1.4512838125228882	-1.5691804885864258	-0.20879122614860535
-0.6999216079711914	-3.627652645111084	-2.9530446529388428
1.0546624660491943	-2.15575909614563	-2.6552178859710693
-1.0206375122070312	1.0221340656280518	-1.358001708984375
0.8394234776496887	-2.3260440826416016	-3.074612617492676
-2.2246713638305664	-1.5429381132125854	-3.5258398056030273
-1.3384432792663574	-2.2200474739074707	-1.1848299503326416
0.00783570110797882	-0.5604255795478821	-4.195353031158447
0.486086905002594	-2.616243600845337	-3.226922035217285
-0.6465466618537903	-1.9452928304672241	-3.5693836212158203
-1.6547436714172363	-2.1524882316589355	-2.1432390213012695
0.4981745481491089	-0.5184167623519897	-4.975500106811523
0.12809845805168152	-2.5044000148773193	-1.8816741704940796
-0.9645769000053406	-2.092069387435913	-3.6755290031433105
-0.026016436517238617	-2.9673407077789307	-2.324676990509033
-0.016695477068424225	-2.4909868240356445	-1.569983720779419
-1.358644962310791	-2.0070583820343018	-3.417012929916382
-0.027882762253284454	-3.304899215698242	-3.52728271484375
0.7912575602531433	-0.3676265478134155	-2.5662317276000977
-0.30840644240379333	-0.5750089883804321	-0.06902014464139938
-0.7759168148040771	-1.0082018375396729	0.6569445133209229
-1.7318402528762817	-1.7925235033035278	-2.6471316814422607
-1.2727243900299072	1.2819782495498657	-1.8247783184051514
-0.01809227466583252	-1.4132460355758667	-4.929967880249023
0.2809487581253052	0.24933204054832458	-4.160443305969238
-0.8047370314598083	-2.854475259780884	-1.8934237957000732
-1.9333361387252808	-1.7068535089492798	-2.5582938194274902
-2.39896297454834	-1.4758758544921875	-3.2798707485198975
0.6227306723594666	-0.5323728322982788	-2.8009705543518066
0.33938875794410706	-1.5075788497924805	-2.055534839630127
0.8168089389801025	-1.7684296369552612	-3.444066286087036
1.083797574043274	-1.775130033493042	-2.5564591884613037
0.15378154814243317	0.14816239476203918	-4.010843753814697
-0.42478159070014954	-0.2950432598590851	-4.027631759643555
-0.16162660717964172	-2.9882760047912598	-2.1260292530059814
0.035511113703250885	-2.496065616607666	-2.1786553859710693
-1.3782628774642944	1.0802114009857178	-2.1237800121307373
0.0025114864110946655	-0.19486728310585022	-3.063826560974121
0.1686551570892334	-0.011448465287685394	-4.109346389770508
1.1288658380508423	0.31173276901245117	-3.339705467224121
-0.7332003712654114	-1.0447933673858643	0.9109476208686829
-1.6292773485183716	-2.840143918991089	-2.2010183334350586
0.31281939148902893	0.08339176326990128	-4.730315208435059
0.6885257959365845	-1.3814505338668823	-2.8959994316101074
-2.4449515342712402	-0.5000784397125244	-2.2605767250061035
-1.5343832969665527	-2.8496453762054443	-1.3062819242477417
0.8260398507118225	-0.04123280197381973	-2.5771753787994385
-0.9478195309638977	-2.474294424057007	-2.9269914627075195
-0.46704021096229553	-1.0940816402435303	0.40415674448013306
-0.8112171292304993	-1.0313377380371094	0.6446996331214905
1.0547434091567993	-0.458247572183609	-2.9248592853546143
-1.3474253416061401	-2.3917441368103027	-1.716005802154541
0.5880605578422546	-2.3222362995147705	-2.834385871887207
-1.7373238801956177	-1.9212476015090942	-3.2060089111328125
-1.2017937898635864	1.1381436586380005	-1.58644700050354
-0.5132124423980713	-0.9514802694320679	0.7199573516845703
-1.1493388414382935	-0.46732857823371887	-3.624141216278076
1.2054096460342407	-0.7110346555709839	-3.768280029296875
-1.392525315284729	1.124684453010559	-2.2262680530548096
-2.40885066986084	-2.640709400177002	-3.595578670501709
-1.2959825992584229	-2.1790223121643066	-1.1787543296813965
-0.04995717853307724	-3.2069430351257324	-4.1120123863220215
0.12022171169519424	-0.028105102479457855	-4.220913410186768
-0.17082557082176208	-2.6859793663024902	-1.8455052375793457
-0.7179168462753296	-1.1019097566604614	0.6746719479560852
-1.6081762313842773	0.5383039712905884	-0.6594701409339905
-1.5875641107559204	1.1214399337768555	-2.4561972618103027
0.6233386397361755	-1.5792491436004639	-4.384596824645996
0.16945311427116394	-2.645102024078369	-2.0108835697174072
-1.0846669673919678	-0.3564366400241852	-3.7618088722229004
-0.43054434657096863	-3.1080539226531982	-3.0712332725524902
-0.8851186633110046	-0.8824440836906433	0.18072497844696045
-1.4537839889526367	-1.817455530166626	0.21880441904067993
-1.3483679294586182	-0.524605393409729	-2.370344400405884
-1.188083291053772	-2.3101541996002197	-3.6063857078552246
-1.5728784799575806	-2.2709555625915527	-1.889444351196289
-0.6826077103614807	-0.948296070098877	-5.450789451599121
0.7367898225784302	-2.8127505779266357	-3.0524747371673584
-2.073709487915039	-3.598965883255005	-2.31473970413208
-2.0509493350982666	0.23403379321098328	-0.4364893436431885
0.7607359290122986	-1.3686553239822388	-4.552518367767334
-2.247767686843872	0.9764606952667236	-1.648355484008789
-0.9004567265510559	-3.6164987087249756	-2.303438186645508
-0.7563723921775818	-0.3476085960865021	-1.3100907802581787
-2.5135111808776855	-0.669532299041748	-2.759446382522583
-0.24965724349021912	-0.4527881443500519	-2.69926118850708
-2.1895275115966797	-2.4630508422851562	-3.647350788116455
-1.35759699344635	-1.3232699632644653	-1.8137900829315186
-2.1083273887634277	-0.38714680075645447	-3.33308482170105
-0.7725047469139099	-1.948546290397644	-4.082919120788574
0.22840836644172668	-2.9790306091308594	-3.342409133911133
-0.9794448018074036	1.239182949066162	-1.7091283798217773
-1.482807993888855	-2.0062460899353027	0.09898854047060013
-1.169987440109253	-1.5751640796661377	0.3547355532646179
-1.5541024208068848	-2.641242027282715	-4.006897926330566
-1.1971158981323242	-0.6612347364425659	-3.5318756103515625
-2.326779365539551	-2.192737579345703	-4.595664024353027
0.9628053307533264	0.06100214272737503	-3.0598902702331543
-2.7808175086975098	-2.3629801273345947	-2.631176471710205
0.04859825223684311	-2.1603338718414307	-0.9409749507904053
-0.10610584169626236	-0.8656008839607239	-2.9610581398010254
0.3172231614589691	-2.505528450012207	-2.582930326461792
-1.7816951274871826	-3.9043431282043457	-2.4027304649353027
-0.18841871619224548	0.10422638803720474	-2.279526472091675
-2.681878089904785	-0.49785086512565613	-2.7357535362243652
0.6590204238891602	0.19033977389335632	-3.950634479522705
-2.3894901275634766	-3.339672088623047	-3.9669723510742188
-0.4294144809246063	-1.0480592250823975	-3.324464797973633
-2.475630283355713	-1.1106185913085938	-1.4299196004867554
0.892163097858429	-0.9128599166870117	-2.8073105812072754
-0.68166583776474	-3.3296964168548584	-2.7659807205200195
-1.9526935815811157	-0.44748857617378235	-2.314826250076294
-1.2909200191497803	-1.4211124181747437	0.6365494728088379
-0.25648966431617737	-1.5610575675964355	-2.6667675971984863
-1.1992775201797485	-1.5279961824417114	-3.9280548095703125
-1.1658823490142822	-0.915099024772644	-1.7636139392852783
-0.6246325373649597	-0.5317626595497131	-5.1730122566223145
-1.683693528175354	-0.6063984632492065	-3.477160692214966
-2.419370174407959	-2.383380651473999	-1.6397807598114014
-0.01913396269083023	-2.1307785511016846	-1.8653936386108398
0.6586831212043762	-1.5153589248657227	-4.825041770935059
0.13402527570724487	-0.5241455435752869	-3.3343193531036377
-0.4765779674053192	-3.2883594036102295	-1.9342432022094727
-0.11039314419031143	-2.314081907272339	-1.4282310009002686
-2.532329559326172	0.6577843427658081	-1.9983155727386475
-0.23649516701698303	-3.0440673828125	-2.5127182006835938
-2.2518630027770996	-2.728583812713623	-2.9588570594787598
-0.3979000151157379	-1.0341756343841553	-3.1586368083953857
-2.768925905227661	-0.6009625196456909	-1.5716676712036133
-0.038996048271656036	-0.8216145634651184	-3.776322603225708
-0.6519909501075745	-3.6999969482421875	-2.810877561569214
0.9587259888648987	-2.0750069618225098	-2.0149149894714355
-2.3191640377044678	0.4627835750579834	-1.0960626602172852
0.7173058986663818	-0.2720460593700409	-3.419834613800049
-2.5516366958618164	-1.469258189201355	-2.3736486434936523
-0.09568183869123459	-2.2301459312438965	-1.5678797960281372
-2.1810803413391113	0.12378261238336563	-2.439553737640381
-0.24210086464881897	-1.7148748636245728	-0.46068060398101807
-3.1764230728149414	-1.0535273551940918	-2.468075752258301
-0.6004731059074402	-1.4766021966934204	-0.7376012802124023
-1.1647672653198242	-3.5519416332244873	-2.849670648574829
0.23350146412849426	0.07559207826852798	-3.066969394683838
-1.8973406553268433	-1.9228845834732056	0.25454384088516235
-0.6239034533500671	-1.060009241104126	0.7818828821182251
-2.0931191444396973	-2.937495231628418	-1.6134612560272217
-1.8745286464691162	-0.7927870750427246	-3.941392421722412
0.6093035340309143	-0.5541573166847229	-3.2488508224487305
-0.09615420550107956	-2.562173366546631	-3.4969382286071777
-1.360239028930664	-1.6631063222885132	0.44273483753204346
0.730981171131134	-1.4101678133010864	-3.572023630142212
-0.3779154419898987	-3.4919512271881104	-2.2766342163085938
-0.5830788016319275	-3.015786647796631	-2.591522216796875
-2.3356869220733643	0.685950756072998	-1.6504998207092285
-1.7187997102737427	-2.3288376331329346	-2.6238315105438232
-0.5847224593162537	-0.1787804663181305	-4.545116901397705
-1.6874326467514038	-1.7264305353164673	-1.0363404750823975
-0.7202953696250916	-1.9304496049880981	-4.076994895935059
-0.9942284226417542	-0.9393128156661987	-5.51251220703125
-1.0953658819198608	-0.04320349544286728	-3.5395290851593018
0.3847082853317261	-2.748976230621338	-3.7745227813720703
-1.3741685152053833	-3.767834186553955	-2.983578681945801
-1.6513320207595825	-1.1546359062194824	-0.4148382842540741
0.6482250094413757	-1.5559191703796387	-4.272546291351318
0.8281641602516174	-1.9266513586044312	-4.133907318115234
-0.923347532749176	-3.2672884464263916	-1.18443763256073
-2.302147150039673	-1.7574753761291504	-2.005703926086426
-2.5774221420288086	0.3788131773471832	-2.1881728172302246
-1.2273932695388794	-1.8684183359146118	-0.6603756546974182
-0.13114109635353088	-0.6988591551780701	-3.965951442718506
-0.3513711392879486	-0.6993329524993896	0.5155093669891357
-2.159834623336792	-0.26827195286750793	-1.106786847114563
0.11322503536939621	0.4293127655982971	-3.026094913482666
-2.5559515953063965	-1.5666314363479614	-1.6733529567718506
-2.579543113708496	-1.2305420637130737	-2.6238160133361816
-0.041390858590602875	-0.06066056340932846	-3.8166708946228027
-0.8304786682128906	-0.6945587396621704	0.6335391402244568
-2.1417384147644043	-2.7404067516326904	-3.041860580444336
-2.469639539718628	0.02287743240594864	-3.511744976043701
-0.7374892234802246	-1.1469883918762207	0.8088129162788391
-0.5235748887062073	-0.05497213453054428	-2.61926007270813
-1.301883339881897	-1.4819360971450806	-4.083633899688721
-2.716304302215576	-2.953223943710327	-2.942948818206787
-2.644970178604126	-0.546425461769104	-2.1557681560516357
-2.1307973861694336	-0.6680299639701843	-2.9181766510009766
-0.7059260606765747	-3.5282998085021973	-1.5094382762908936
-0.3359667658805847	-1.204721212387085	-4.460559368133545
-2.695314407348633	0.09877262264490128	-2.299970865249634
-0.9078877568244934	-1.7849243879318237	-2.6333513259887695
-0.00862371176481247	-1.8862543106079102	-4.320987701416016
-1.2047028541564941	-3.3730826377868652	-3.5053489208221436
-0.21413132548332214	-3.0874757766723633	-1.99574613571167
-1.5663906335830688	0.8078003525733948	-1.506779670715332
-0.32184502482414246	-0.5504329800605774	-4.820162773132324
-1.3734632730484009	-0.8702670335769653	-2.914306163787842
0.392049640417099	-1.3347927331924438	-4.724074363708496
-1.4364700317382812	-1.7100908756256104	-1.9201445579528809
-2.1219747066497803	-4.306517601013184	-4.168483734130859
-0.7912037968635559	-2.183680772781372	-3.7126102447509766
0.13226431608200073	-2.27197527885437	-4.2016682624816895
-0.3926575481891632	-1.1543512344360352	-3.8780746459960938
-2.534900426864624	-1.8579297065734863	-1.743431806564331
-1.5891960859298706	0.121137835085392	-1.360039472579956
-1.5981513261795044	-3.4902796745300293	-3.486389636993408
0.8490265607833862	-0.5381497144699097	-3.00795316696167
-1.3181415796279907	-1.1762559413909912	-5.163090229034424
-1.3205493688583374	-1.4654574394226074	-4.267192363739014
-2.655416250228882	-2.0370829105377197	-1.1735186576843262
-0.3632226884365082	-1.3102387189865112	-4.471380710601807
-2.1455812454223633	-0.22123640775680542	-0.8932514190673828
-1.5348379611968994	-1.496372103691101	-1.6591130495071411
-0.8619145750999451	-1.1229618787765503	0.8001442551612854
0.6552572250366211	0.2383258044719696	-3.0785441398620605
-2.1587231159210205	-3.5699498653411865	-2.073519706726074
-0.19403597712516785	-2.9640309810638428	-1.967172384262085
-0.531709611415863	-1.2675120830535889	-4.504055500030518
-1.1496295928955078	0.9108891487121582	-1.1785707473754883
-2.802694797515869	-0.6005536317825317	-3.110766887664795
-2.4239754676818848	-2.093501091003418	-2.7571706771850586
-0.9114524722099304	-3.3506674766540527	-1.415493130683899
-0.9382708668708801	-4.05895471572876	-3.052273988723755
-1.121130347251892	-2.0145130157470703	-3.9734301567077637
-0.5124732851982117	-0.2972051501274109	-1.9663951396942139
-1.6668338775634766	-1.8282221555709839	0.1683812141418457
-0.048708222806453705	-2.249905586242676	-1.5081348419189453
0.34580475091934204	-1.4557414054870605	-4.105411052703857
-1.3787912130355835	-2.3525495529174805	-1.0081866979599
0.024724461138248444	-1.8311320543289185	-4.743101119995117
-0.4413566291332245	-0.11307766288518906	-4.58076810836792
-0.5419641137123108	-3.2305908203125	-4.4578752517700195
1.0317193269729614	0.004681684076786041	-3.375065803527832
0.552244246006012	-1.7153369188308716	-4.859039783477783
-1.1681779623031616	-1.1080814599990845	-2.2379560470581055
-1.6736818552017212	-3.742046356201172	-4.765270233154297
