3.1902880668640137	-0.877159595489502	4.499507427215576
-2.405917167663574	-2.164194107055664	8.404891014099121
0.6687960028648376	-2.537170171737671	4.52669095993042
-6.059185028076172	-4.189032554626465	-1.8842582702636719
-4.576988697052002	3.1858770847320557	4.232039928436279
0.7897154092788696	-6.919127464294434	3.4625356197357178
4.592085838317871	-5.167631149291992	-4.565151691436768
-4.143564224243164	-5.646031379699707	0.54279625415802
2.7932422161102295	-4.351358890533447	6.498149394989014
3.1483383178710938	3.343092918395996	3.988201379776001
-5.618178844451904	-1.2280304431915283	-4.476624011993408
-4.359338283538818	-0.9544938802719116	-4.711115837097168
-6.308527946472168	2.177093505859375	3.5964393615722656
1.7686768770217896	-0.6200360059738159	4.976884365081787
-1.6683491468429565	3.2271716594696045	-4.16531229019165
-1.1712268590927124	-3.9287660121917725	6.452773571014404
-2.5969746112823486	-2.887608766555786	-6.561863422393799
2.139777898788452	-3.4430625438690186	5.458892345428467
-4.694334983825684	-3.5938899517059326	3.5166878700256348
3.4121689796447754	-0.6850042343139648	2.0785109996795654
3.4278547763824463	3.933610439300537	-0.16770035028457642
1.9527798891067505	-4.3706207275390625	-1.4410839080810547
4.678112983703613	-2.4965975284576416	1.7906872034072876
-2.596295118331909	-0.81151282787323	-6.274969577789307
-5.996790409088135	2.5332908630371094	0.26796653866767883
-0.1508648544549942	1.721105933189392	4.590826511383057
2.539231300354004	-1.6366180181503296	3.350386619567871
-2.0420358180999756	-3.475938558578491	-6.864762306213379
-6.907075881958008	-0.9946280717849731	-3.465745687484741
0.7181030511856079	5.380271911621094	4.953103542327881
3.014603853225708	-3.8206703662872314	1.4804718494415283
2.57151198387146	4.289258003234863	-3.661503314971924
0.6143353581428528	6.668959617614746	0.14066889882087708
1.6738988161087036	4.673028469085693	6.215737819671631
4.702816009521484	-6.528347015380859	-3.0377557277679443
6.132698059082031	-3.844081163406372	-0.32022854685783386
0.7668358087539673	2.682335615158081	-5.916199684143066
5.525183200836182	-5.118377685546875	-2.5197324752807617
4.897907257080078	-2.818828821182251	-4.183611869812012
-2.90254282951355	-4.4043779373168945	4.900790691375732
-0.0921696275472641	6.71740198135376	1.803526759147644
-3.8936502933502197	4.76918888092041	0.02479376643896103
2.9336013793945312	4.411585330963135	2.680166721343994
-1.8128455877304077	-3.9435231685638428	-7.354525089263916
-3.077220916748047	-5.2483720779418945	-5.075679302215576
-5.562465190887451	0.4075404107570648	-3.3596174716949463
3.2514421939849854	1.6278084516525269	3.002331256866455
1.9119129180908203	-0.21028152108192444	-6.968319416046143
5.355779647827148	-4.509088516235352	-4.439896583557129
4.776231288909912	3.2448298931121826	1.6638412475585938
4.0038909912109375	-2.7520689964294434	-5.855040073394775
5.657230377197266	-5.385878562927246	-2.8377795219421387
2.69203782081604	-4.242991924285889	-5.996421813964844
5.289863109588623	1.854236364364624	-1.6335467100143433
6.575849533081055	-4.222024440765381	-1.3766027688980103
-2.836350202560425	2.489832639694214	5.231827259063721
1.123270869255066	-4.288057327270508	5.5338969230651855
-4.036050796508789	3.0466978549957275	-0.47334036231040955
2.0965445041656494	-0.0032219961285591125	-6.304333209991455
1.7770297527313232	-1.9201442003250122	6.008774280548096
-3.3355565071105957	-5.664615631103516	-0.0415894016623497
-0.22820128500461578	-0.23462015390396118	-6.606932163238525
-3.4352242946624756	-1.007367491722107	6.449897766113281
-1.7903863191604614	-1.5024755001068115	3.1491010189056396
-1.751674771308899	-2.113922357559204	8.736273765563965
-0.7649261951446533	-5.372880935668945	3.2672500610351562
4.047174453735352	5.454599380493164	1.7616161108016968
0.03823952376842499	1.0207085609436035	-2.981999397277832
0.26088130474090576	2.2282207012176514	7.814005374908447
0.06709887087345123	-5.023712635040283	2.596546173095703
0.6262014508247375	5.503382682800293	-3.27933669090271
2.998310089111328	0.7361090183258057	5.013714790344238
3.560772657394409	-0.1957634687423706	-0.617784321308136
-1.7301489114761353	6.5872955322265625	-2.1766164302825928
4.615623950958252	0.1778421700000763	-2.996152877807617
1.055891990661621	2.8531649112701416	-6.070377826690674
-4.563230037689209	2.176541328430176	4.104295253753662
0.4846586585044861	5.821553707122803	1.8991103172302246
-1.5317444801330566	-2.842592239379883	7.697956562042236
2.158107042312622	4.941004753112793	4.203144073486328
1.066713571548462	-6.128674507141113	3.5367050170898438
-1.1268210411071777	-2.94100022315979	-7.4134721755981445
-4.575132846832275	-0.3440662920475006	7.878604412078857
2.1699888706207275	0.173018217086792	-2.2032432556152344
-1.1575257778167725	6.766345024108887	2.0131187438964844
-6.033761501312256	-0.47828444838523865	-3.434577465057373
-4.786535739898682	0.8657783269882202	1.3732194900512695
0.40335482358932495	4.707841396331787	0.2650601863861084
-0.9050861597061157	4.863115310668945	-5.033311367034912
2.109287738800049	2.0661027431488037	2.0870726108551025
1.0036219358444214	5.9862284660339355	-1.5412800312042236
4.6673994064331055	-3.974963426589966	-5.1317267417907715
-0.18219687044620514	-6.878688812255859	-0.7656687498092651
3.801551580429077	0.7142587900161743	-4.617611408233643
-6.676975250244141	0.030646830797195435	-0.8151116371154785
5.9250288009643555	-4.934944152832031	-0.43467977643013
-4.14225435256958	-2.183896064758301	-4.409269332885742
-1.3041080236434937	-3.735893487930298	7.268253803253174
-2.6647868156433105	4.669505596160889	-2.4548001289367676
-2.942347764968872	1.0283329486846924	-5.107260704040527
-6.488969326019287	1.9500705003738403	2.4959073066711426
3.999117136001587	-7.2146430015563965	0.44829341769218445
6.2483038902282715	2.2471611499786377	0.4614783823490143
-4.103221416473389	1.520970344543457	-3.8950138092041016
-2.8253231048583984	-3.7081613540649414	-4.47717809677124
-4.8419318199157715	-0.7317513227462769	7.687881946563721
4.655317783355713	-4.952615737915039	-0.721333384513855
0.1976945847272873	-5.666540622711182	-5.91553258895874
0.30740493535995483	-4.650615215301514	3.9934842586517334
4.091668605804443	-2.6589884757995605	-6.25651216506958
-2.9553990364074707	-7.780197620391846	-1.4785349369049072
4.15578556060791	-2.0580618381500244	1.739967942237854
-1.7855335474014282	-0.09419700503349304	-0.6258915066719055
4.821221828460693	3.1042613983154297	1.8196535110473633
3.5819389820098877	-4.4202799797058105	-5.133634090423584
1.8544318675994873	-3.909133195877075	6.619791507720947
6.308003902435303	-1.1084339618682861	-3.8041348457336426
0.031631872057914734	3.888202428817749	-4.363813877105713
-4.533185005187988	0.14658764004707336	-5.891692638397217
3.866875648498535	0.7689425945281982	3.8633008003234863
2.676044225692749	-4.125025749206543	2.421241283416748
3.6803929805755615	-3.5790905952453613	-4.907629489898682
2.1311748027801514	-3.012350082397461	6.6978068351745605
-2.5760295391082764	-4.790206432342529	-5.156613826751709
-0.9145464897155762	-7.622298240661621	-0.7595431804656982
2.65158748626709	-5.486098766326904	5.636923313140869
5.713551044464111	2.4381144046783447	0.026550091803073883
4.848601341247559	0.046975523233413696	-3.289616584777832
-2.820291042327881	-7.541040420532227	0.6407694220542908
-1.1349748373031616	2.906717538833618	3.4824047088623047
2.9007937908172607	-5.005672931671143	2.727586269378662
3.4747982025146484	-6.97357702255249	-0.6220683455467224
-1.2444974184036255	-2.2476441860198975	7.474019527435303
-2.700538158416748	-5.727910995483398	1.723279595375061
1.7665396928787231	-1.7579959630966187	8.735847473144531
5.294538497924805	-5.437934875488281	0.6105156540870667
-4.521705150604248	-1.6302670240402222	-3.963733673095703
4.13232946395874	-5.450252532958984	-5.121083736419678
-1.0905338525772095	-5.628729820251465	-4.2555694580078125
-8.20252513885498	1.2739309072494507	1.575384259223938
-2.0698938369750977	3.199104070663452	6.462408542633057
-5.490823268890381	1.503157377243042	3.0030808448791504
3.2556114196777344	-0.11007151007652283	3.1693811416625977
-6.983158588409424	1.5143771171569824	4.202338218688965
-2.490596294403076	-1.98104727268219	8.761103630065918
4.644457817077637	1.0892565250396729	3.2168350219726562
1.2835681438446045	6.110527992248535	-1.0750689506530762
3.55332088470459	0.7388564348220825	0.2981043756008148
0.2580941319465637	-6.309922218322754	-4.126587390899658
-1.2884050607681274	2.5160844326019287	-4.951405048370361
-6.816070079803467	1.8334155082702637	4.431670665740967
-2.5888617038726807	-0.027851015329360962	-5.186769485473633
0.9270139932632446	6.053738594055176	-1.4664833545684814
-4.772213459014893	1.5844382047653198	-3.0598249435424805
-3.155487298965454	-8.12797737121582	-2.382589340209961
-3.3271310329437256	1.2952593564987183	-4.783336639404297
3.0593841075897217	-1.8802074193954468	5.082427024841309
0.7849297523498535	-1.7546496391296387	4.238914966583252
5.2949957847595215	0.4901539385318756	-4.467687129974365
-2.9223520755767822	-4.197819709777832	5.413463115692139
-3.3794443607330322	-0.6999897956848145	6.613266468048096
2.0225412845611572	0.18123047053813934	-6.499255657196045
-5.804898738861084	-0.18446889519691467	5.37180233001709
1.132246732711792	-4.903093338012695	2.542785167694092
2.463473320007324	-4.411752700805664	-5.014342308044434
0.9848742485046387	-1.3723150491714478	6.510560512542725
-5.649656295776367	2.0102624893188477	-4.455539226531982
-2.1071250438690186	6.825151443481445	-0.6477381587028503
-2.0273513793945312	0.9198144674301147	-3.201723098754883
-1.0444096326828003	-3.8280441761016846	-6.346184253692627
-1.0632704496383667	-3.429548978805542	6.833881378173828
3.131826877593994	-2.263514757156372	4.3456034660339355
1.879621982574463	-2.3963472843170166	3.1507954597473145
-5.31934118270874	-6.024211883544922	-3.3471128940582275
-4.999955654144287	-0.20176061987876892	7.722795009613037
2.3674418926239014	3.217756986618042	2.8706021308898926
2.3018994331359863	6.286303520202637	-0.707002580165863
7.2876410484313965	0.21156278252601624	2.3943448066711426
-1.1596711874008179	3.326789379119873	-0.5877864956855774
-4.754508972167969	1.132453203201294	-2.0834622383117676
4.513179302215576	-0.37135449051856995	4.93619966506958
0.4322912096977234	-4.2661590576171875	-3.875432252883911
-1.1438950300216675	6.410353660583496	-2.1864795684814453
2.7077221870422363	-5.843294143676758	5.623776912689209
0.6741902828216553	-4.816511631011963	4.096246719360352
-4.672741889953613	1.0100345611572266	-7.567868709564209
2.669203758239746	-3.9654524326324463	6.366958141326904
-1.0589836835861206	5.198151111602783	-1.234090805053711
-1.7335118055343628	-3.337653875350952	7.157527446746826
-4.255939483642578	2.861970901489258	-0.16678273677825928
3.9377739429473877	3.3615853786468506	-2.099666118621826
5.791801929473877	-4.196305274963379	-3.3745970726013184
4.419408798217773	2.827089786529541	4.0140581130981445
1.3193957805633545	-0.43939146399497986	-6.811617374420166
-0.8180723190307617	-2.7548916339874268	5.044101238250732
4.487003326416016	0.8797135353088379	-4.334911823272705
5.23385763168335	-0.051482975482940674	2.7413556575775146
-1.533947467803955	-7.195733547210693	-2.8320741653442383
-7.045919895172119	1.2434195280075073	4.317107200622559
4.089648246765137	-4.368025302886963	-0.97633296251297
-2.9727606773376465	-5.790099143981934	3.2860524654388428
-4.540686130523682	-3.9056100845336914	-4.048774242401123
-6.630823612213135	1.407570719718933	5.647864818572998
2.467987537384033	5.198683738708496	-4.3125786781311035
-3.258816719055176	-3.3288207054138184	-5.625663757324219
-2.2918598651885986	-6.562689781188965	2.356933116912842
-3.4301178455352783	-5.300966739654541	3.3648805618286133
4.083230972290039	-6.688186168670654	1.9300446510314941
-0.5614092350006104	-4.517786979675293	4.204312324523926
-2.4976141452789307	-7.211080551147461	-1.1046661138534546
0.8453797101974487	-3.5996930599212646	7.187160968780518
5.284679889678955	-5.031620025634766	0.801302433013916
-0.23482318222522736	-4.517057418823242	4.38956356048584
-4.791748523712158	-0.29073646664619446	7.585524082183838
-0.025852486491203308	4.643212795257568	0.6668544411659241
3.535271644592285	-1.5277681350708008	5.052383899688721
6.346907138824463	-4.816854000091553	-3.6070690155029297
-4.415115833282471	-5.480984210968018	-2.68393611907959
0.16855257749557495	5.200075149536133	0.2087962031364441
-5.500092029571533	-4.154048442840576	-5.499213695526123
3.8762266635894775	-5.824861526489258	-1.6139891147613525
6.3339033126831055	1.3580213785171509	0.24809274077415466
3.745853900909424	-1.7572060823440552	4.078414440155029
4.156351566314697	-4.520567893981934	1.1035735607147217
5.405468463897705	1.63337242603302	0.8611107468605042
-4.218918800354004	1.6415363550186157	-5.689118385314941
4.670510768890381	-2.7741219997406006	5.1426520347595215
-6.921813488006592	1.3054572343826294	4.514743328094482
-3.3981518745422363	3.3072612285614014	-1.658225655555725
3.2231459617614746	-2.2596380710601807	6.5496978759765625
0.03132864832878113	-6.713432312011719	-0.45311877131462097
-3.545849084854126	5.987475872039795	1.8711862564086914
1.422632098197937	0.8483235836029053	-6.511203289031982
2.8356261253356934	5.285197734832764	-1.1973786354064941
-4.748012065887451	-0.8019727468490601	-5.449524402618408
0.0633048340678215	-7.500454425811768	1.9778571128845215
-2.6777493953704834	2.7680575847625732	-4.175846099853516
-3.064737319946289	3.349501848220825	-1.9942193031311035
-2.803220510482788	-6.375327110290527	2.701343536376953
1.7939590215682983	-2.0282633304595947	4.275462627410889
-0.0019140392541885376	6.916587829589844	0.8420443534851074
-1.4917794466018677	-7.714808464050293	-0.5163280963897705
-6.459021091461182	0.3703888952732086	4.815955638885498
5.2574663162231445	-6.13832950592041	-0.7768520712852478
-5.55369758605957	-3.17964506149292	-2.1481878757476807
4.140406131744385	-7.156517505645752	-1.1464388370513916
-4.028010845184326	-5.298264026641846	-4.9243693351745605
-2.2462425231933594	-2.6732141971588135	8.095649719238281
-5.5923357009887695	0.14813992381095886	6.01730489730835
-2.9320249557495117	-6.276017665863037	-4.933624267578125
-5.447789192199707	0.39917588233947754	5.692306995391846
-1.533437728881836	-2.5776753425598145	7.466324329376221
-5.107252597808838	-2.637199640274048	4.80173921585083
-3.3850278854370117	5.647660255432129	-1.816282033920288
-3.1400034427642822	4.3801984786987305	0.6212400794029236
-3.255633592605591	-3.0956478118896484	-4.305538654327393
-4.0313873291015625	2.5471136569976807	0.4882926046848297
-3.055570363998413	-4.750330448150635	4.476664066314697
-7.553023338317871	0.9891241788864136	-0.7413662075996399
-4.410885334014893	0.08518454432487488	6.866117477416992
-3.3650829792022705	2.573650598526001	3.0383968353271484
3.598341226577759	-5.6411590576171875	0.41846537590026855
-4.320632457733154	3.6789186000823975	-1.3561674356460571
-5.557235240936279	-0.44464120268821716	3.7434310913085938
5.585509300231934	1.4022762775421143	-0.30081450939178467
5.12113618850708	-5.493435859680176	-3.9235477447509766
6.663588047027588	0.6712976694107056	-0.020388849079608917
-5.4159064292907715	-1.9993630647659302	0.03620690852403641
-4.253393173217773	-0.08196413516998291	6.359605312347412
-6.455320835113525	1.912829041481018	3.563859701156616
-3.038821220397949	-2.5471298694610596	6.312714099884033
4.3361430168151855	-3.6537976264953613	6.061339855194092
-6.786629676818848	1.343704104423523	3.3844189643859863
4.343161106109619	6.137190341949463	1.252058506011963
-1.1087292432785034	-6.041927337646484	1.9737555980682373
0.2972153425216675	0.9826842546463013	5.57945442199707
-5.669934272766113	-1.3420610427856445	-4.14166784286499
4.588202476501465	-6.747478485107422	-2.927903652191162
-4.560640811920166	-3.958164930343628	-2.0809175968170166
-0.34855616092681885	5.395552635192871	-0.2108067274093628
3.4922492504119873	3.4412009716033936	-0.31155332922935486
-1.6357368230819702	-2.733302354812622	-6.878916263580322
-0.5803309679031372	5.53468132019043	-4.361683368682861
1.8656136989593506	4.547966957092285	-2.9066038131713867
-6.525452136993408	-0.16571864485740662	0.14170750975608826
1.1139181852340698	2.3205578327178955	-6.478588581085205
2.5782480239868164	-3.1376898288726807	6.51978063583374
3.45696759223938	5.980292320251465	-1.5910871028900146
3.010652780532837	-6.356656074523926	-1.878098964691162
3.43605637550354	-0.6080000400543213	4.794328689575195
-1.7294098138809204	-2.46504807472229	5.724997043609619
5.34368371963501	2.81941556930542	2.232522487640381
-2.2559287548065186	-7.42579460144043	-3.5458498001098633
2.828766345977783	-5.467482089996338	1.92873215675354
2.6341443061828613	4.5114426612854	3.95493745803833
-0.5949451923370361	-4.078063011169434	7.5537190437316895
2.956524610519409	6.154271125793457	0.7720781564712524
-2.932271957397461	-7.052053928375244	-0.004273809492588043
-1.6026583909988403	-2.108383893966675	-7.611726760864258
3.297713279724121	2.207601308822632	-2.7842929363250732
-2.517040491104126	-0.3866334855556488	-2.4425241947174072
-5.080851078033447	-1.4195557832717896	-2.8380227088928223
-4.905485153198242	-0.06603667140007019	4.585704803466797
0.31168532371520996	3.913638114929199	-5.1180195808410645
3.4164674282073975	5.5842180252075195	0.023075290024280548
-0.3869779706001282	-2.9394659996032715	5.8805460929870605
5.879456996917725	0.16420422494411469	-1.198757529258728
5.1085524559021	-1.1096848249435425	-5.210826396942139
-0.28012096881866455	-0.5404390096664429	5.053512096405029
3.3585479259490967	3.2606828212738037	-4.083005905151367
4.136759281158447	-3.0455548763275146	4.171511650085449
2.0885872840881348	-5.052899360656738	5.1327362060546875
3.4858334064483643	0.9382216930389404	-3.7478103637695312
3.1228384971618652	-5.785330295562744	-0.845767080783844
3.509342908859253	3.288264274597168	3.4610323905944824
-5.17245626449585	-2.222609758377075	4.811259746551514
1.892020583152771	6.2164812088012695	0.6712356209754944
-0.7404947280883789	-5.913270473480225	0.7544030547142029
-0.5039175748825073	-2.4051222801208496	5.488363742828369
3.3165390491485596	4.428463459014893	-2.4715518951416016
-6.7255072593688965	0.8350285291671753	-1.3422086238861084
-4.30981969833374	-2.1656062602996826	3.967740058898926
4.021533966064453	3.281050443649292	0.7994285225868225
3.5123789310455322	-3.6623103618621826	-6.342665195465088
4.469709873199463	1.692050814628601	-3.397761821746826
-0.5828155279159546	-4.538379669189453	6.443123817443848
-1.6790785789489746	-3.735107660293579	6.368082523345947
-2.752723455429077	6.199420928955078	-1.504202127456665
-1.590192198753357	-5.164260387420654	2.511218309402466
-5.262327194213867	0.8087009191513062	-3.0821101665496826
-3.1036787033081055	2.945492744445801	-4.540463924407959
-4.346189975738525	-0.8254741430282593	6.561159610748291
3.6751272678375244	-3.860151529312134	-5.495642185211182
4.880329608917236	-4.37990665435791	-5.801178455352783
-6.467484951019287	-1.1223787069320679	-1.3683266639709473
2.082792282104492	5.492436408996582	-2.9201552867889404
5.47684907913208	-3.8609135150909424	-4.149207592010498
6.458044052124023	0.4507928490638733	-4.1913323402404785
3.596662759780884	0.29690372943878174	-4.900775909423828
6.633865833282471	1.5163522958755493	0.4152606129646301
-2.0614326000213623	-5.538187503814697	3.212493419647217
-2.140460252761841	5.127413749694824	-2.2917673587799072
4.627902030944824	-3.7938029766082764	-5.663234233856201
7.370964527130127	-2.045994997024536	-1.6625933647155762
-1.1119933128356934	-3.15431809425354	6.3054280281066895
-3.486776113510132	-0.10501012206077576	3.7785072326660156
-5.619639873504639	-3.4948205947875977	3.789830446243286
-1.2262006998062134	-3.562859058380127	6.348319053649902
-3.536936044692993	-6.798282623291016	-2.9906201362609863
2.043787956237793	6.184473991394043	0.6600106358528137
6.377898693084717	-2.034494638442993	-1.595155954360962
-0.23299066722393036	-6.756100654602051	-0.5831047892570496
-6.25269889831543	2.1708807945251465	1.9585928916931152
4.209109306335449	0.4987400472164154	4.631743431091309
-4.866633892059326	-0.2774955928325653	-5.221409320831299
-4.263759613037109	0.5794150829315186	7.873255252838135
-1.809653639793396	5.130353927612305	0.6630274653434753
2.9853973388671875	-0.5443772077560425	-0.817648708820343
2.2123501300811768	-2.622825860977173	-5.089843273162842
3.4693708419799805	-3.9645864963531494	-6.011911869049072
2.424034833908081	-2.6207916736602783	4.642152309417725
5.237764835357666	-1.5331645011901855	1.5524592399597168
-1.0552135705947876	-4.442445755004883	5.653048992156982
-6.826022148132324	1.4390718936920166	-2.1072933673858643
-1.3049196004867554	2.38128399848938	-3.396575927734375
-6.471516132354736	0.8929260969161987	4.443308353424072
-4.387207984924316	0.9750539064407349	7.253377437591553
5.854556560516357	1.799474835395813	0.21054840087890625
2.0064971446990967	4.153591156005859	4.3508172035217285
3.187805414199829	3.5561039447784424	3.1340413093566895
-1.6788992881774902	-3.3728907108306885	7.354620456695557
1.1854127645492554	-5.108188629150391	0.6941406726837158
0.9667534828186035	-4.055632591247559	7.226795196533203
4.14285945892334	-1.1196240186691284	3.048961877822876
-5.68779993057251	-2.126025438308716	3.570831775665283
3.022885322570801	-4.584506988525391	6.706350803375244
4.991929531097412	0.485827773809433	-1.1018129587173462
-4.557053089141846	-6.099753379821777	-1.9705543518066406
5.123405933380127	-4.104869842529297	0.5814605951309204
-2.2685160636901855	-2.6963160037994385	-7.0510334968566895
4.0660810470581055	-0.16296014189720154	3.0315303802490234
-4.668732643127441	-2.083993911743164	-1.8961730003356934
-6.377333641052246	0.14146831631660461	1.8731284141540527
5.576077461242676	2.6693003177642822	-2.26763653755188
5.873751163482666	1.6748813390731812	-3.204056978225708
-6.072425365447998	1.8982969522476196	6.788621425628662
-0.05904825031757355	-6.791644096374512	-2.193782329559326
-1.9858497381210327	-7.112461090087891	0.8506304025650024
5.825925350189209	-1.0707788467407227	3.978686809539795
-6.312490940093994	1.7055602073669434	4.089895725250244
3.421956777572632	-4.278284072875977	1.2090320587158203
6.5616068840026855	-5.091705322265625	-2.266400098800659
-2.537179708480835	-7.355299472808838	-0.43821659684181213
-5.00995397567749	-1.3429492712020874	3.8718724250793457
3.3107707500457764	-0.2928021252155304	2.0951099395751953
4.825700759887695	3.447279453277588	0.42311152815818787
2.0798346996307373	-5.178839683532715	5.198156833648682
-3.760749340057373	-5.7572736740112305	3.7286601066589355
-1.528050422668457	-3.6918060779571533	6.889767169952393
3.5101733207702637	-4.22318172454834	-5.6824631690979
-7.0910139083862305	-2.1487104892730713	0.07771561294794083
-0.015092924237251282	-6.700381278991699	1.6635185480117798
-1.736883282661438	5.7992353439331055	0.5626186728477478
-4.404949188232422	0.026227861642837524	-3.0781373977661133
-2.6298828125	-7.167202949523926	-2.8662357330322266
-2.6910226345062256	-1.8882347345352173	8.539904594421387
-5.68361759185791	0.22307226061820984	5.903176307678223
-4.7544074058532715	-1.4491091966629028	5.271714687347412
3.421238422393799	3.9084107875823975	-4.810301780700684
3.967963695526123	-4.889073848724365	4.064146518707275
-5.617807865142822	0.2114345133304596	2.59529972076416
-0.6655209064483643	-8.012407302856445	-0.028247080743312836
-0.4772856831550598	-3.7158701419830322	-6.491335391998291
5.448459148406982	-0.2767298221588135	0.2002001702785492
-3.7806670665740967	0.366706520318985	1.1716153621673584
0.08437670767307281	3.1177608966827393	-4.552653789520264
-1.696754813194275	-7.325056076049805	-1.4602515697479248
3.5438501834869385	-1.3633934259414673	-6.114717483520508
2.7149393558502197	-3.200369119644165	6.307960033416748
-7.18007230758667	0.7385661602020264	-1.3057149648666382
-4.599307060241699	-1.5547196865081787	6.0237202644348145
4.354133129119873	-3.9213035106658936	-5.443185329437256
-3.651648759841919	-2.2815089225769043	-7.448034763336182
-3.860846996307373	-1.0403103828430176	8.061253547668457
7.83230447769165	-2.4464757442474365	-2.2285966873168945
6.494104862213135	-3.302500009536743	-1.9359323978424072
3.6659352779388428	-5.104394912719727	0.7893767356872559
-1.4017795324325562	-4.468170166015625	-6.817991733551025
-4.566617488861084	-0.5633742809295654	-5.247350692749023
-3.1855673789978027	-0.050924986600875854	-6.724328517913818
5.982539176940918	-2.9035801887512207	3.3100342750549316
4.4196858406066895	4.1378278732299805	-0.11152728646993637
-4.175773620605469	-7.057062149047852	-0.16205275058746338
1.5304189920425415	-2.4870541095733643	7.226261615753174
4.584096431732178	-3.813664197921753	-5.37791109085083
5.959240436553955	-1.508173942565918	1.994439959526062
2.10422420501709	2.459465742111206	0.6822968125343323
-1.8328133821487427	5.353610038757324	1.469930648803711
3.3521440029144287	-1.103073000907898	3.263791084289551
-4.654816627502441	-3.3715362548828125	-1.8019697666168213
2.133638381958008	-5.955430030822754	-6.746618747711182
-0.7723628282546997	-7.271195411682129	-0.7327388525009155
-5.346032619476318	-2.2352378368377686	1.7456965446472168
-0.0788440853357315	-3.5446341037750244	4.699735164642334
-0.7026607990264893	2.003281593322754	6.099999904632568
-0.9437359571456909	-2.4289872646331787	-6.797046184539795
3.985652446746826	-4.779160022735596	3.32776141166687
-2.0396547317504883	-6.21486759185791	3.8652353286743164
-3.252683401107788	-4.416451454162598	-4.130129337310791
1.7238415479660034	6.817582130432129	-0.6637477874755859
3.2600109577178955	-1.3635015487670898	1.5634937286376953
-4.769771099090576	2.2994253635406494	5.91924524307251
3.106938123703003	-5.922191619873047	0.7083255052566528
-2.35672926902771	-5.673525810241699	-5.6116251945495605
4.088729381561279	3.167701482772827	-4.4741082191467285
0.3258202075958252	6.199679851531982	-0.5929744243621826
-2.343120813369751	1.2853912115097046	5.683875560760498
-1.4259361028671265	-3.409496307373047	5.403717517852783
-1.9661732912063599	-2.1574900150299072	8.264328002929688
-4.34963321685791	-3.961862325668335	-3.2663214206695557
0.29927682876586914	2.490041494369507	0.06114137917757034
-5.574596405029297	0.09708145260810852	-3.0565268993377686
3.878507614135742	3.760603189468384	2.8649606704711914
6.03765344619751	-4.39613151550293	-4.231568813323975
-5.243486404418945	-1.099866509437561	-3.8029587268829346
2.50420880317688	-4.04146671295166	5.142435550689697
5.055347442626953	-5.910788059234619	-3.8596386909484863
1.1880993843078613	-3.7203876972198486	6.65929651260376
-4.615813732147217	-0.7986040115356445	7.30911922454834
0.6942229270935059	1.2865639925003052	4.442514896392822
1.197147011756897	3.0567853450775146	4.15774393081665
3.6632001399993896	-2.9223756790161133	5.828538417816162
-5.085970401763916	0.5229973793029785	6.179333209991455
1.6837023496627808	1.0851794481277466	5.851709842681885
-4.323436737060547	-1.3478589057922363	-6.130609035491943
4.92335844039917	1.7484599351882935	2.1190531253814697
-0.33114945888519287	3.558833360671997	-4.423020839691162
-1.197203516960144	-3.1420481204986572	7.897276878356934
-0.4759863615036011	2.3576266765594482	6.773900508880615
2.9162042140960693	2.651862144470215	5.061381816864014
1.6724154949188232	5.40681266784668	-3.393908977508545
7.030343532562256	-0.2225511074066162	-0.43390509486198425
-2.6498677730560303	-1.3730974197387695	-3.834921360015869
-5.411076068878174	-0.5943987369537354	0.41058486700057983
-5.856778621673584	-0.3173242509365082	5.202054500579834
5.493710994720459	0.8420908451080322	-3.3177738189697266
3.6173176765441895	-3.4072296619415283	-0.6449307799339294
-3.827209234237671	1.4710800647735596	5.766834735870361
-0.8775907754898071	-3.489377498626709	6.507567405700684
-4.10719633102417	4.7366943359375	2.6169586181640625
1.781885027885437	0.3907082974910736	7.198735237121582
4.727445125579834	-5.203665256500244	-4.544680118560791
-1.1839499473571777	-3.558924913406372	6.852753639221191
-1.186501145362854	-3.2502167224884033	7.773734092712402
0.996900200843811	-3.1598479747772217	6.737518310546875
6.460484504699707	0.13931214809417725	-1.607344627380371
2.2698326110839844	-2.8233697414398193	6.818480968475342
-5.822941303253174	0.2626914083957672	2.872955799102783
-5.64620304107666	-0.582194447517395	-0.5128865838050842
-1.7075893878936768	-5.560828685760498	-4.303854942321777
3.019519090652466	-2.6858792304992676	3.530102252960205
2.132073163986206	-1.3009313344955444	-7.342409610748291
-2.165739059448242	-2.0181164741516113	8.344351768493652
0.6811976432800293	-4.388740539550781	-5.518564224243164
1.4827975034713745	-1.6870173215866089	-6.53296422958374
1.1021833419799805	-7.339818954467773	-1.857776403427124
-0.9237391948699951	-4.559875011444092	5.224574565887451
1.9966154098510742	0.17662544548511505	5.474123477935791
3.032264471054077	4.245927810668945	-3.604501724243164
-5.4108052253723145	-3.3811237812042236	-0.20890793204307556
3.7550694942474365	2.8014981746673584	-2.6179592609405518
0.27163130044937134	-4.381949424743652	4.1677775382995605
5.190906524658203	0.6767659187316895	-3.8085379600524902
1.3724192380905151	-4.676762580871582	3.3992724418640137
-3.904139280319214	-1.9992908239364624	6.948315143585205
2.194042444229126	5.614950180053711	-0.5021732449531555
-3.017289400100708	-6.803581237792969	-1.3834457397460938
-3.8983724117279053	4.6929707527160645	0.04542190581560135
0.11492083966732025	-3.2869184017181396	3.01615834236145
-2.9558494091033936	-6.427858352661133	2.8300552368164062
-4.8584303855896	4.5764875411987305	-1.7578861713409424
1.9208201169967651	3.1285240650177	-2.550938367843628
-6.808078289031982	1.7379432916641235	0.231052964925766
-1.0424009561538696	2.386610507965088	-6.836235523223877
4.020853519439697	-5.804415702819824	-4.285853862762451
-5.569404125213623	0.03189924359321594	-3.5304837226867676
-0.6018955111503601	-6.586455345153809	2.8884406089782715
-0.5969401001930237	-7.3869428634643555	-3.943455696105957
3.481612205505371	-1.4894272089004517	3.461897850036621
-3.749315023422241	-1.1115696430206299	-4.797893524169922
-4.498298168182373	-0.913097620010376	2.1990153789520264
-6.143413543701172	2.7088334560394287	-2.7723541259765625
1.5880736112594604	-4.472822189331055	4.78859281539917
-6.634871482849121	0.7372772693634033	-1.244132161140442
2.204072952270508	5.32542610168457	-3.0938448905944824
-3.8370566368103027	-3.6033084392547607	-5.411273956298828
2.9297902584075928	-1.748473882675171	4.390220642089844
5.314727783203125	-2.3964905738830566	-1.5660758018493652
-5.245872497558594	-0.6427611112594604	2.5495381355285645
-2.188295602798462	-7.561266899108887	-0.3920382559299469
1.8454302549362183	-4.8073530197143555	6.484414577484131
6.374759197235107	-2.9137070178985596	-3.25070858001709
4.276069641113281	-5.394336700439453	1.4684123992919922
0.27628517150878906	-3.5479910373687744	4.873718738555908
-4.659848213195801	4.628866195678711	-0.784048318862915
-6.834889888763428	1.765676736831665	-1.1500980854034424
3.8139045238494873	0.6677688360214233	1.6107112169265747
-0.5107641220092773	6.911336898803711	-1.7455917596817017
-4.499398231506348	0.5753613710403442	-5.519148349761963
6.102581024169922	-1.062066674232483	-0.015663109719753265
4.047629356384277	-3.2832086086273193	-1.3106470108032227
1.2205086946487427	-6.174044609069824	2.1710054874420166
-0.6271884441375732	3.60929799079895	-3.8831634521484375
-6.963001728057861	1.1747543811798096	-1.3042104244232178
-6.339033126831055	-0.5116629600524902	3.0700926780700684
-2.747892141342163	1.867522954940796	3.098120927810669
-1.2064480781555176	-3.382288694381714	4.078918933868408
-0.02907194197177887	-3.8277370929718018	4.780346870422363
-1.740393042564392	-2.7395918369293213	8.498133659362793
4.737369537353516	-6.662783622741699	-2.5444984436035156
-5.054443836212158	-4.475027084350586	1.1547428369522095
-0.6012663245201111	-8.108449935913086	-0.9260628819465637
5.927131652832031	-2.3050649166107178	-4.4160284996032715
-7.276810646057129	-1.9035290479660034	-0.616604745388031
4.550765514373779	-4.852546215057373	-5.29704475402832
6.480988025665283	-3.1728737354278564	0.06944195181131363
1.0496292114257812	-3.034602403640747	3.175334930419922
5.4055705070495605	0.03960305452346802	3.4248580932617188
3.8722422122955322	-6.252679347991943	-4.794888019561768
-3.572474479675293	-2.3248116970062256	-4.743753910064697
-2.660006046295166	-2.3344125747680664	-6.826831340789795
4.065865516662598	-0.3816569745540619	1.6439127922058105
-5.814143180847168	-2.3452823162078857	2.4361560344696045
5.850252628326416	3.538818359375	0.35651275515556335
-0.9071269035339355	0.8387163877487183	2.2844276428222656
-1.2546452283859253	6.796013355255127	-1.7613012790679932
-0.9104472398757935	3.3900187015533447	-4.1540608406066895
3.1470015048980713	-4.592703819274902	6.303035259246826
6.0359272956848145	1.6437245607376099	1.2548072338104248
-2.252582550048828	-2.220186233520508	3.9863064289093018
0.20426081120967865	1.3984514474868774	6.089539051055908
4.78094482421875	-6.14080810546875	-2.883389711380005
4.173396110534668	0.6037970781326294	-2.236255168914795
4.4519782066345215	2.881312608718872	-1.4728456735610962
-6.396024227142334	1.9179027080535889	1.4010976552963257
3.148844003677368	-5.243228912353516	-2.8019027709960938
5.867740154266357	-0.13947543501853943	-0.6819964051246643
1.3446742296218872	-4.446054458618164	5.981699466705322
-0.5158098340034485	-3.8750905990600586	-3.8394460678100586
-4.46621036529541	-4.784546852111816	3.1068553924560547
-0.06745381653308868	-6.998074054718018	-0.6978487372398376
3.647526979446411	-1.7315088510513306	2.486510992050171
4.916651248931885	-4.2855072021484375	-4.943335056304932
-2.135521411895752	-4.123655319213867	5.483313083648682
-6.683873653411865	-1.686475157737732	-4.132172107696533
-3.058495283126831	-0.871604323387146	7.415581703186035
5.922605991363525	-2.433797597885132	2.7895777225494385
-5.375606536865234	-3.7719457149505615	-1.5956557989120483
-6.056092262268066	-1.0832939147949219	0.06223050504922867
-3.127387046813965	-1.4803906679153442	-6.505390167236328
2.0952134132385254	5.771918296813965	-0.3652416467666626
-5.318608283996582	-3.089738607406616	2.919431686401367
5.041250228881836	-3.039250612258911	3.658407688140869
3.4817140102386475	4.438378810882568	-1.7825164794921875
-1.5488790273666382	4.3734354972839355	3.153526782989502
-4.603814125061035	-4.304537773132324	-2.0652127265930176
-7.356703281402588	-3.001460313796997	-0.8703621029853821
-1.2241638898849487	-3.4334733486175537	7.54484224319458
-2.6157331466674805	2.4182026386260986	5.868558406829834
2.3655459880828857	3.0326640605926514	0.7915757894515991
6.920948505401611	-0.6817981004714966	1.1042912006378174
4.591545581817627	-4.337841033935547	-6.053232669830322
2.5647644996643066	1.5399528741836548	-3.28255033493042
4.361384391784668	0.6672567129135132	-1.523498296737671
4.6235575675964355	4.215494155883789	4.703219890594482
4.304558753967285	-6.478987216949463	-2.5802416801452637
-5.776144027709961	0.9719120264053345	0.42352229356765747
0.11163042485713959	1.1213712692260742	6.574805736541748
-6.632174015045166	0.7805813550949097	5.627037048339844
-4.276736736297607	5.085809707641602	1.4349360466003418
-1.1863237619400024	-4.552631855010986	1.5043063163757324
-1.6228712797164917	-2.898991346359253	7.499143600463867
-1.262157917022705	2.8241965770721436	-2.2303261756896973
-6.2549967765808105	-0.4712669551372528	-3.2979674339294434
0.2996861934661865	-6.138223648071289	2.418221950531006
-2.119412422180176	-1.9882467985153198	8.305893898010254
-0.7781990766525269	-0.8088054656982422	-5.445630073547363
2.7097175121307373	-3.9951670169830322	-6.489758014678955
2.7394068241119385	1.5096522569656372	-5.790263652801514
-5.883416652679443	-2.317392349243164	2.6316466331481934
4.380049228668213	4.617499828338623	-0.2094246745109558
4.255178928375244	4.674104690551758	-3.159511089324951
-0.4519492983818054	5.919680595397949	-1.3722680807113647
5.535102844238281	2.2850019931793213	2.864792823791504
-3.170593023300171	-5.8593339920043945	-3.781736373901367
4.701646327972412	4.286304473876953	1.6425166130065918
-4.601070880889893	-1.3959993124008179	0.6700465679168701
-2.710991621017456	3.7095284461975098	5.792684078216553
0.6361112594604492	-3.8659541606903076	4.3075714111328125
-5.352567672729492	-0.25756123661994934	5.629522800445557
3.7355592250823975	-0.9872326850891113	4.202852725982666
2.430640459060669	-1.1061969995498657	5.1162800788879395
-4.09957218170166	-5.091474533081055	2.3446850776672363
2.687822103500366	-2.959164619445801	6.54111909866333
-5.789609432220459	-2.2032976150512695	1.0219693183898926
4.447981357574463	-0.5887006521224976	-0.011804841458797455
4.298861026763916	-6.619150161743164	-2.7965033054351807
4.6623311042785645	-4.836511135101318	0.8474153876304626
7.946994304656982	0.5876626968383789	-1.8059468269348145
0.13685591518878937	6.437319755554199	-0.854755163192749
-5.645439147949219	0.7345806360244751	1.8815176486968994
1.8962700366973877	-2.83284068107605	7.25397253036499
4.101902961730957	0.49867120385169983	6.50905179977417
-3.777477264404297	-4.205422401428223	-1.893869400024414
4.032057285308838	5.09898567199707	1.248086929321289
-5.3704328536987305	-5.908229827880859	-3.2974014282226562
5.820343494415283	-4.809635162353516	-3.3463029861450195
-3.849529981613159	-6.014069557189941	-3.417727470397949
-3.8621575832366943	-6.4801554679870605	0.28982028365135193
4.174454689025879	-0.7575705051422119	-0.9787063002586365
-0.8438825607299805	-3.208104133605957	3.5015180110931396
2.2528750896453857	1.1554527282714844	2.8882412910461426
3.9248578548431396	3.306163787841797	-3.7603206634521484
2.9672439098358154	2.7778408527374268	-1.3377808332443237
3.0864462852478027	-3.5847599506378174	-5.580341815948486
-2.196840286254883	-3.4527547359466553	5.70306396484375
2.6373775005340576	5.821742057800293	-1.698348045349121
0.3300449848175049	-4.000072479248047	7.608386516571045
4.949441909790039	1.4944697618484497	2.590292453765869
-5.776846885681152	1.4144625663757324	7.0313591957092285
-3.7777578830718994	4.0651535987854	3.4676380157470703
1.9003945589065552	-1.5201820135116577	4.688451766967773
-2.6359670162200928	1.7435330152511597	-3.9413743019104004
-4.253309726715088	3.8769209384918213	2.5999979972839355
4.411877155303955	-6.549926280975342	-1.1354823112487793
-2.3830385208129883	-8.433433532714844	-2.093909978866577
-2.177013874053955	-5.186355113983154	-7.026641845703125
-1.7505850791931152	-2.9724605083465576	7.727989673614502
4.843483924865723	3.9806478023529053	-0.25758519768714905
5.355445384979248	2.9886081218719482	3.8149056434631348
4.811131954193115	-4.213532447814941	-5.229471206665039
-2.811427116394043	1.457980990409851	-4.134104251861572
5.2485785484313965	1.376466989517212	1.5926693677902222
-3.234178066253662	-5.948738098144531	-1.3039265871047974
3.037315607070923	3.940687417984009	2.9049935340881348
4.801523208618164	-5.975165367126465	-4.71439790725708
4.139859199523926	-4.9223527908325195	2.8244128227233887
-0.8415901064872742	-4.920136451721191	5.415032863616943
3.306410074234009	-3.1122093200683594	5.962905406951904
-1.6527117490768433	-2.2758591175079346	-3.9449734687805176
3.27304744720459	-1.0444056987762451	-2.376516580581665
1.574602723121643	-4.482147216796875	3.9107413291931152
0.9509068727493286	3.6246283054351807	-2.113023042678833
5.760422229766846	1.8926464319229126	0.4520567059516907
-0.12535421550273895	5.884448051452637	4.050151348114014
-0.9002817273139954	-3.8538544178009033	6.727014064788818
3.234639883041382	5.355134963989258	-0.4724365174770355
0.9145010113716125	-5.023148059844971	4.854653835296631
2.182116985321045	-3.2709453105926514	6.991810321807861
0.4737451672554016	4.0239644050598145	-1.2674109935760498
2.1587603092193604	-1.3778045177459717	6.4645233154296875
-1.3193987607955933	0.9819830656051636	7.561997890472412
-0.7960844039916992	-8.607617378234863	-2.495461940765381
1.996587872505188	-4.357965469360352	2.209592342376709
-6.0501275062561035	1.9557160139083862	4.493031978607178
7.832272052764893	-3.1540400981903076	-1.3042490482330322
-6.850728511810303	1.7552025318145752	2.2099363803863525
-0.5606911182403564	-0.11147502064704895	-3.116971015930176
-1.500789761543274	-5.327725410461426	4.8090338706970215
2.6131370067596436	-1.7235687971115112	6.965153217315674
1.508052945137024	0.8891919851303101	0.936938464641571
6.224164009094238	0.05616755783557892	-2.2537379264831543
-2.8543970584869385	-3.7305541038513184	4.852973937988281
-3.2873151302337646	-6.798972129821777	-0.043067120015621185
2.9328742027282715	-1.5295803546905518	5.913011074066162
-1.1848028898239136	6.936823844909668	1.017441749572754
1.188194990158081	1.2115880250930786	-3.7085816860198975
-7.046600818634033	1.4598791599273682	2.8168835639953613
-2.250673770904541	-6.9497175216674805	-0.4641563594341278
5.0648674964904785	1.946334719657898	1.8186527490615845
6.449905872344971	-5.040473461151123	-2.3043041229248047
3.514284610748291	-5.086274147033691	-0.661569356918335
0.3240223526954651	4.925632476806641	4.987292766571045
-3.2469489574432373	-2.3580634593963623	-7.081292152404785
4.143250942230225	-5.8450927734375	4.75320291519165
-5.261855125427246	1.7475264072418213	-3.8591341972351074
-1.1608397960662842	-6.987857818603516	-0.8464436531066895
1.336408019065857	-4.254815578460693	7.5221848487854
-4.347413063049316	-2.150517702102661	-4.119250297546387
5.361977577209473	-3.130582094192505	3.4827561378479004
-1.6964675188064575	-3.159364938735962	6.312809944152832
-3.284482717514038	-1.4388344287872314	6.313735485076904
-2.5273077487945557	-2.607734203338623	7.841813564300537
2.7986156940460205	-3.758650541305542	5.174803733825684
6.060559272766113	-5.157405376434326	-3.4539647102355957
3.0756068229675293	-0.628973126411438	5.353014945983887
-1.1324914693832397	-2.830846071243286	7.6336588859558105
-5.969761371612549	0.34431275725364685	6.4418110847473145
-6.268056869506836	-0.7045131921768188	-3.0657835006713867
4.5760626792907715	-3.242968797683716	0.8269435167312622
-0.42799174785614014	-6.575406551361084	0.9319888353347778
3.600029945373535	-1.44413161277771	-5.563530445098877
-5.232603073120117	-1.5629315376281738	-3.597775459289551
-3.830162286758423	4.381501197814941	3.7892844676971436
1.2724636793136597	5.6804914474487305	-3.1426544189453125
2.0837230682373047	3.5203094482421875	-2.9508144855499268
-2.904599666595459	5.71510124206543	0.11480168253183365
0.7267972230911255	-6.9864912033081055	-1.8118553161621094
3.5764918327331543	-1.6843070983886719	5.4090423583984375
-2.779543161392212	-2.440232276916504	8.042413711547852
5.790974140167236	1.0240696668624878	-2.1532974243164062
3.494790554046631	1.8819900751113892	-6.239063262939453
3.107102632522583	-3.4292476177215576	-6.537933826446533
4.6484694480896	4.424983024597168	-0.2956530749797821
-3.7861316204071045	0.3170551061630249	7.3802008628845215
-1.1046323776245117	-2.6504745483398438	8.14354133605957
-0.5793872475624084	-5.2246551513671875	2.4907970428466797
4.436456680297852	-5.827267646789551	-1.0902856588363647
-5.761503219604492	-1.102054476737976	0.8266830444335938
-4.014623165130615	-4.681461811065674	-3.4105396270751953
-3.9710614681243896	-6.241316795349121	2.164062976837158
3.750765562057495	1.8103446960449219	4.334599018096924
1.4202392101287842	-2.0583202838897705	4.435883522033691
4.825547218322754	-1.6887898445129395	-4.6814141273498535
4.4413347244262695	0.8656771183013916	-1.576662540435791
5.201945781707764	-6.48230504989624	-0.9752988219261169
3.2352569103240967	-7.546659469604492	0.7892715930938721
-2.860065460205078	-7.604363441467285	-3.381909132003784
-3.5125205516815186	-4.656140327453613	-0.09643127769231796
-1.2736068964004517	-2.823603391647339	7.386915683746338
-4.458132743835449	-3.5633952617645264	-3.5538525581359863
3.752868413925171	-3.2501726150512695	5.15930700302124
-0.829351007938385	4.5576066970825195	-3.393449306488037
-3.586395502090454	-6.042871475219727	1.3103137016296387
4.965333461761475	-3.6455163955688477	0.32057487964630127
-0.7120429277420044	-6.427262306213379	-1.3043248653411865
-1.2398611307144165	-4.235215663909912	6.860355854034424
5.591200351715088	1.3893568515777588	-1.0450668334960938
1.4889123439788818	-4.042179584503174	2.261889934539795
-1.1019097566604614	-7.3760175704956055	0.8703409433364868
2.1873369216918945	-1.9114667177200317	5.478949069976807
-1.443874716758728	-7.060948371887207	-0.24915683269500732
-3.783212900161743	-1.9502471685409546	6.796870231628418
-0.6175543069839478	-5.876527309417725	0.42627835273742676
-7.192717552185059	1.9951144456863403	3.332437515258789
0.7456256151199341	5.287046432495117	0.30122771859169006
-2.4230992794036865	-4.526894569396973	-6.305052280426025
4.947509765625	0.2916315197944641	-3.6743202209472656
3.4538776874542236	-6.233704566955566	0.07130444794893265
2.054774284362793	-0.43971487879753113	5.979857921600342
4.0034942626953125	-4.861886978149414	-5.706201076507568
-4.195423126220703	1.2886863946914673	-4.471643924713135
3.148020029067993	-6.514342308044434	-3.3935022354125977
4.865644931793213	1.4042037725448608	-1.1578980684280396
-4.354464530944824	0.05289676785469055	-4.5135016441345215
4.779499053955078	-6.110845565795898	-2.9046218395233154
1.418777346611023	-4.684792518615723	6.751743793487549
1.0230746269226074	-5.439981937408447	3.9158692359924316
4.699619770050049	-5.485972881317139	-0.4439990818500519
-1.6243246793746948	-3.3089616298675537	7.161367893218994
4.446683406829834	-6.024929046630859	-2.79085111618042
-0.9343607425689697	-4.820524215698242	-0.1447342336177826
4.86427640914917	3.6229560375213623	-1.1982066631317139
6.72734260559082	-2.1754937171936035	1.526667594909668
-4.6191840171813965	-0.4038558900356293	5.2562737464904785
-5.559794902801514	-1.9050935506820679	3.093599796295166
4.779684543609619	1.4608410596847534	-1.0173882246017456
-6.1843719482421875	-2.7987000942230225	-2.106212615966797
-5.773168087005615	2.6876049041748047	1.6294057369232178
5.164155960083008	-3.295552968978882	-1.4694733619689941
3.036200761795044	-3.352447509765625	6.087310314178467
2.4879610538482666	-1.745001196861267	7.224302768707275
2.2004787921905518	-1.465985655784607	4.7629804611206055
4.608471870422363	-4.468132019042969	-1.6043236255645752
4.673297882080078	5.980722904205322	0.35483795404434204
-0.44867002964019775	1.4727487564086914	-6.755619049072266
2.7019126415252686	-0.16432073712348938	6.372281074523926
-3.7637102603912354	-5.299896240234375	-0.19758591055870056
4.352558135986328	2.410222291946411	-3.29896879196167
-1.7090284824371338	-6.176610469818115	2.3549516201019287
-3.455230474472046	-5.0424957275390625	-5.622535705566406
4.5506672859191895	-0.3691672384738922	4.584219932556152
4.577612400054932	-4.086047172546387	-4.966736793518066
-2.350365161895752	-1.6042792797088623	7.752089023590088
-3.1827380657196045	-1.8137751817703247	7.676625728607178
-1.4733363389968872	-7.695807456970215	0.0558340921998024
0.6766912937164307	-3.286608934402466	7.06997537612915
5.544939994812012	-2.6551854610443115	-2.237632989883423
4.050746440887451	-0.3182338774204254	1.1965947151184082
3.3194637298583984	5.629013538360596	3.31780743598938
2.838711977005005	2.250385046005249	3.9785752296447754
4.476019382476807	-4.221212387084961	-1.2341078519821167
1.032962679862976	7.394750595092773	2.6946537494659424
-1.08737051486969	-6.081167221069336	1.7965120077133179
-2.6909635066986084	-2.8512673377990723	-4.586043834686279
-0.9380573034286499	-3.4309160709381104	7.498885631561279
-6.387130260467529	1.6448816061019897	-2.932271957397461
6.612154483795166	1.4074032306671143	-1.5006003379821777
-6.873152256011963	-0.9638479948043823	-2.1562583446502686
-1.6979976892471313	-3.5037295818328857	7.61188268661499
5.285982131958008	-3.105947732925415	2.658937931060791
3.2983415126800537	2.2917325496673584	-1.2668559551239014
4.140235900878906	0.404367595911026	2.581167697906494
-4.117478370666504	-6.406658172607422	-0.16105765104293823
-0.2352401465177536	4.051660537719727	2.140782356262207
-3.5329782962799072	3.6323235034942627	0.9724596738815308
5.816287994384766	1.3612803220748901	2.7495813369750977
4.423684120178223	1.2053773403167725	2.7701690196990967
-2.8338475227355957	-7.11056661605835	0.23587653040885925
-2.869178295135498	-1.8046550750732422	-6.162356853485107
-1.6497644186019897	6.555175304412842	2.338379383087158
-3.6640217304229736	0.5816093683242798	-5.290314197540283
-4.609018325805664	-3.4548139572143555	-0.4038800895214081
-4.745023250579834	4.438039302825928	1.1297680139541626
1.3914200067520142	-0.5043377876281738	-3.6728312969207764
-1.8840397596359253	-5.5890631675720215	5.903481960296631
2.6367623805999756	1.06725013256073	4.247664451599121
3.5174098014831543	-4.4016289710998535	1.028770923614502
5.368903636932373	-4.579702854156494	-1.1837096214294434
0.2848578691482544	2.056840181350708	-5.60388708114624
-2.2083280086517334	-2.38985276222229	7.799790859222412
0.19478105008602142	-0.38994908332824707	6.270880222320557
1.6515867710113525	2.0719709396362305	7.236998081207275
3.593276262283325	1.4102598428726196	4.626776695251465
-1.6664890050888062	-6.824798583984375	1.964125633239746
3.207080364227295	-1.1233006715774536	4.850465297698975
4.91170072555542	0.5324740409851074	-4.493271350860596
-6.642297267913818	1.9359959363937378	-1.5961329936981201
-1.6591235399246216	6.323187828063965	1.1258357763290405
-1.0231924057006836	-8.102518081665039	-2.859565496444702
-2.2550466060638428	3.852463483810425	2.112506151199341
-1.5599867105484009	-6.2718095779418945	4.268428802490234
-4.176398754119873	0.07592013478279114	-3.668286085128784
-0.5067085027694702	3.5328152179718018	2.182675361633301
3.6588101387023926	-1.1143914461135864	2.90330171585083
-0.3216090798377991	-4.318048000335693	-6.045404434204102
-1.5845892429351807	-3.436201333999634	6.633579254150391
0.4886094927787781	4.637856483459473	-1.1277532577514648
2.0880842208862305	-3.8716533184051514	6.797135829925537
3.6082024574279785	-3.042592763900757	6.263258457183838
-2.765636682510376	4.665926456451416	-1.2400882244110107
2.0268781185150146	2.2685186862945557	-5.462854385375977
3.9945507049560547	3.4547603130340576	3.605137348175049
-3.9442102909088135	-4.868253231048584	5.637046813964844
3.7958691120147705	-0.044276803731918335	-3.5725643634796143
5.860214710235596	0.10745102912187576	-0.24873682856559753
-2.3886947631835938	-5.724160194396973	0.15422388911247253
3.036048173904419	-0.7150267362594604	5.523942947387695
-5.161375522613525	-4.699978351593018	1.704638957977295
6.025304317474365	-1.6293588876724243	2.220367193222046
-0.7378517389297485	-7.123750686645508	2.2157061100006104
6.194767951965332	-0.3013317286968231	0.02177930623292923
-4.8510541915893555	-0.21323034167289734	-6.93499231338501
3.411247491836548	-4.418636798858643	-6.854654788970947
2.3014895915985107	-4.538708209991455	-0.10562714189291
2.048133373260498	-0.7147969007492065	5.269888877868652
-2.9891653060913086	-1.9003880023956299	6.954509735107422
4.550161838531494	-1.9946194887161255	0.12539388239383698
-0.11743535101413727	-4.739313125610352	5.14764928817749
-0.1931799203157425	2.1114447116851807	-4.738632678985596
4.455837726593018	0.25703537464141846	3.8533763885498047
0.24214784801006317	-4.40969181060791	-5.599703311920166
1.4334559440612793	5.847300052642822	-1.7778725624084473
-5.846851348876953	1.6500264406204224	5.378793239593506
2.719007730484009	0.43288344144821167	-5.109573841094971
-5.342703819274902	0.27849140763282776	-3.80912446975708
-5.848556041717529	1.1524852514266968	5.440598964691162
-0.5832858681678772	-3.9433867931365967	6.02189302444458
-1.3606207370758057	-6.478660583496094	-1.9358010292053223
-3.00407338142395	-6.744093894958496	-1.5167782306671143
3.122128486633301	-5.535944938659668	3.4541521072387695
5.241394996643066	-0.48429080843925476	1.0948745012283325
-5.67611837387085	-2.1676833629608154	1.030975341796875
3.3340141773223877	-1.7729703187942505	-6.0013227462768555
-1.5248628854751587	-2.9691102504730225	8.168478012084961
-4.608376979827881	4.731328964233398	1.8347783088684082
3.532074213027954	4.717899322509766	3.7282466888427734
1.378414511680603	-2.0431556701660156	5.243072032928467
5.266793727874756	-5.672488689422607	-2.422247886657715
2.455472707748413	0.09315969049930573	2.5471768379211426
4.597213268280029	-4.757356643676758	-0.7556977868080139
-3.821861743927002	-6.0524444580078125	-3.655026912689209
-1.6268199682235718	4.626848220825195	-0.6531781554222107
-1.902279019355774	-1.3014302253723145	-6.278999328613281
0.7116924524307251	6.0442304611206055	0.6993457078933716
0.8247504234313965	2.460495948791504	4.229644298553467
4.27105712890625	-0.20591554045677185	3.498290777206421
-2.5535857677459717	2.8060050010681152	4.034192085266113
-6.195197582244873	-2.4014856815338135	1.4694699048995972
5.428874969482422	-0.7975832223892212	4.846526622772217
5.052070140838623	-2.504577875137329	-4.239574909210205
4.393972396850586	0.09973457455635071	4.163253307342529
-3.505145788192749	-3.607680320739746	-3.8856201171875
3.191192865371704	5.027853012084961	2.9171252250671387
1.9541237354278564	5.0894455909729	2.951840400695801
0.07304118573665619	5.9215407371521	2.3645901679992676
0.2283789962530136	-5.241714954376221	5.583282947540283
-0.5198150873184204	-3.337181806564331	7.075937747955322
-7.164663791656494	1.8000379800796509	3.234224796295166
3.9352872371673584	-5.874991416931152	0.01090995967388153
4.110759258270264	4.010430335998535	-2.764888286590576
-6.469371318817139	1.248209834098816	4.554860591888428
2.7741808891296387	-1.080544114112854	6.60528039932251
4.772347450256348	-4.098483085632324	-0.07020357996225357
0.5859513878822327	6.939985275268555	0.8055089116096497
6.300464153289795	-4.978988170623779	-2.3583765029907227
0.25322163105010986	-0.02881684899330139	7.378711223602295
-5.519998073577881	-2.7593698501586914	1.9974539279937744
6.696412086486816	-2.279045820236206	-2.8004963397979736
-5.855828762054443	3.087710380554199	3.3055455684661865
-0.6613097786903381	-0.3740525543689728	5.4889912605285645
6.042391300201416	-5.164599418640137	-1.7911723852157593
2.268306016921997	-2.0677855014801025	4.921969890594482
0.1176452487707138	-5.66893196105957	-4.428096771240234
-6.332147121429443	0.3588345944881439	5.477304935455322
2.1420693397521973	-1.723565697669983	5.72625732421875
0.8326656818389893	-4.798153877258301	6.953736782073975
2.0019896030426025	-4.204057693481445	6.7529754638671875
0.6473329663276672	3.4128623008728027	-4.440408706665039
-0.9970090389251709	-5.526679992675781	-1.0590100288391113
5.556128978729248	3.621365547180176	1.0582607984542847
-0.8204556703567505	-3.929795980453491	-6.117482662200928
5.22111701965332	-6.514772415161133	-1.4170159101486206
-2.7337658405303955	-6.917117595672607	-4.3444929122924805
4.400415897369385	-5.162014484405518	2.954789400100708
2.6726152896881104	4.463649749755859	-3.4455204010009766
1.8423420190811157	-2.6011569499969482	4.422049522399902
5.320106506347656	1.1759439706802368	-4.673150539398193
-1.495482087135315	-3.5130343437194824	7.3915581703186035
-5.212562561035156	3.629124879837036	1.1404285430908203
-0.793508768081665	-6.777219295501709	-0.5268354415893555
4.3542327880859375	-5.255934715270996	-5.975073337554932
4.66071891784668	-3.1880359649658203	3.2453720569610596
4.687908172607422	0.5388118028640747	1.487770915031433
0.6015975475311279	-0.8878917694091797	-6.209431171417236
-6.589304447174072	-0.2053872048854828	1.19708251953125
-2.3554203510284424	5.007478713989258	-0.49655935168266296
4.571853160858154	-3.666862726211548	-4.8104472160339355
-1.8992427587509155	-2.8264763355255127	6.281724452972412
4.168725490570068	-3.3258607387542725	-5.205086708068848
5.292866230010986	2.306619167327881	-3.226851463317871
-1.6306010484695435	-3.018359422683716	8.115135192871094
3.2606914043426514	4.468440532684326	1.0509905815124512
-0.8851429224014282	-2.4298622608184814	7.922180652618408
4.980696201324463	-6.361568927764893	0.7847488522529602
-2.464268207550049	-5.664426803588867	3.2965641021728516
-2.148261308670044	4.766475677490234	-2.585433006286621
-5.006953716278076	-5.942441463470459	-1.9320425987243652
1.3707290887832642	-1.873419165611267	7.497535705566406
0.5852203965187073	-2.3138511180877686	2.351118564605713
-2.2861649990081787	6.302301406860352	0.18391159176826477
-3.7071444988250732	-2.8263044357299805	-5.706874370574951
-0.2113208919763565	-4.752496242523193	4.619875907897949
2.7305123805999756	6.201571464538574	1.7858481407165527
-0.6274622678756714	-5.779705047607422	4.07602596282959
-1.1529536247253418	-2.3908820152282715	5.906513690948486
-2.5966737270355225	3.3424994945526123	-2.9041550159454346
4.230207920074463	3.6437246799468994	1.7589576244354248
1.9137438535690308	-1.6615442037582397	4.663424968719482
-6.257190704345703	-0.5823616981506348	-0.28452959656715393
