-51324152.0	17343896.0
-45543904.0	20613580.0
-32489358.0	10418787.0
-33724200.0	11000795.0
-52159564.0	12380193.0
-59163696.0	21692070.0
-47139264.0	12851500.0
-59705080.0	25354804.0
-31450232.0	7555512.5
-46575580.0	11726416.0
-63641804.0	23047762.0
-25860682.0	6664502.0
-64498832.0	24201248.0
-51905960.0	13713266.0
-30242336.0	6469038.0
-53099348.0	17180344.0
-43264436.0	17432982.0
-52821544.0	14973887.0
-26285060.0	7167579.5
-45089048.0	13654036.0
-66082784.0	17478678.0
-52947672.0	22768692.0
-36776512.0	10437549.0
-34868664.0	12172403.0
-50595204.0	16259755.0
-57541500.0	23143652.0
-37286136.0	10189306.0
-75354896.0	32960918.0
-66772600.0	27426118.0
-43366644.0	13678223.0
-58902152.0	18096832.0
-53804092.0	19137040.0
-33202504.0	9062245.0
-50923504.0	20230820.0
-61842948.0	22867316.0
-32614230.0	10013706.0
-68854368.0	18085602.0
-61324336.0	23937250.0
-53334368.0	16874904.0
-54868464.0	15852582.0
-35274248.0	9919568.0
-56744520.0	17656638.0
-33622084.0	10201311.0
-46170204.0	14551783.0
-43590876.0	12522127.0
-53232892.0	14334869.0
-46414896.0	13099753.0
-34903848.0	9417205.0
-44084220.0	10842213.0
-60797812.0	24490018.0
-35204848.0	14362105.0
-59700824.0	27255784.0
-52007504.0	18769342.0
-46138720.0	13321785.0
-47639400.0	14213015.0
-57519768.0	19954692.0
-58328264.0	20755714.0
-47875792.0	14109902.0
-71085112.0	17629720.0
-34077744.0	11161446.0
-47369664.0	15726423.0
-45064512.0	10359245.0
-57803876.0	15242369.0
-72509968.0	27933952.0
-43079732.0	12203613.0
-33413222.0	7753287.0
-52482268.0	15128313.0
-37605864.0	10492650.0
-23552774.0	10648347.0
-71655872.0	26451408.0
-49536660.0	13244975.0
-46754160.0	16462711.0
-28206588.0	6962410.5
-50233296.0	14373495.0
-59397112.0	18105214.0
-57678032.0	26127256.0
-46039508.0	13340607.0
-38575552.0	12177841.0
-45456856.0	16640123.0
-53415392.0	18208876.0
-45812400.0	17237876.0
-58476656.0	21892876.0
-60376652.0	22308220.0
-47515316.0	15479726.0
-34581708.0	13809638.0
-49559344.0	18396420.0
-51227744.0	16719143.0
-58909384.0	17142704.0
-44263556.0	18072664.0
-46587784.0	11611743.0
-51178428.0	12285239.0
-57412076.0	20215590.0
-36855176.0	9211087.0
-53749236.0	15700343.0
-51339072.0	13677417.0
-60232364.0	21237058.0
-44114584.0	15749655.0
-52564572.0	16454816.0
-47365668.0	15662583.0
-31075150.0	11927741.0
-42464964.0	10420095.0
-46485600.0	17430844.0
-29012738.0	6618027.5
-44169372.0	15995320.0
-33374826.0	7272492.5
-41856104.0	11771717.0
-49229476.0	11926356.0
-52259088.0	23373968.0
-30566062.0	11718373.0
-47836400.0	10506549.0
-57720012.0	16429152.0
-69919608.0	25183392.0
-33036600.0	9306505.0
-45298428.0	13876681.0
-53727716.0	18677302.0
-47939856.0	11228296.0
-62241760.0	16903902.0
-65568688.0	21935296.0
-36101596.0	13259979.0
-58801964.0	26664488.0
-68183432.0	25917640.0
-45743808.0	16480475.0
-39898336.0	13431573.0
-49514224.0	18184746.0
-24949024.0	6758731.5
-52667796.0	15394343.0
-50528512.0	11258873.0
-43295840.0	10510986.0
-48495576.0	13224823.0
-61906116.0	14303583.0
-51265232.0	18302046.0
-57424128.0	14737157.0
-42528716.0	13556877.0
-49950080.0	16171771.0
-68003784.0	15787985.0
-55394680.0	21041540.0
-46590656.0	14525168.0
-57002752.0	19638784.0
-50419716.0	18822840.0
-53238956.0	14469041.0
-31286696.0	12803301.0
-53310224.0	18061384.0
-44687152.0	10926581.0
-54401900.0	15245917.0
-36849796.0	10581293.0
-33390332.0	6991935.5
-41256336.0	12486449.0
-61601968.0	15968817.0
-40476436.0	11992163.0
-60194412.0	21711692.0
-59367552.0	14081378.0
-48570628.0	14470111.0
-32076652.0	9257453.0
-41620724.0	10852321.0
-45145616.0	12829761.0
-54291304.0	15980809.0
-32108920.0	13674850.0
-51414624.0	22021768.0
-32283270.0	9643751.0
-52774176.0	18214204.0
-54459536.0	15120158.0
-49127056.0	20171772.0
-52031736.0	13987684.0
-56237964.0	14236137.0
-68860264.0	18921460.0
-62612456.0	15569967.0
-46838888.0	10062824.0
-52477516.0	15949889.0
-65364476.0	20226604.0
-63912404.0	21470590.0
-52086512.0	14444135.0
-59128760.0	21510660.0
-54153500.0	15788525.0
-33575184.0	8696583.0
-29419048.0	8989925.0
-43089192.0	12604414.0
-54313100.0	14082876.0
-46454952.0	16308053.0
-27730524.0	11406851.0
-55655536.0	23905378.0
-34168880.0	12790183.0
-57241832.0	24075390.0
-51581560.0	18933306.0
-56215800.0	15351003.0
-36156944.0	8478817.0
-56892444.0	20405452.0
-43866172.0	10113681.0
-58048896.0	19110334.0
-51673168.0	15112292.0
-66941832.0	19732728.0
-49909868.0	16003115.0
-28974232.0	6726540.5
-45465528.0	18597738.0
-52666396.0	20054372.0
-61664964.0	15732409.0
-50494372.0	17085826.0
-56649488.0	17845276.0
-43623344.0	13693545.0
-55195152.0	17842902.0
-54320512.0	18194152.0
-47737124.0	11099929.0
-37855916.0	13892546.0
-48939552.0	14634373.0
-53986444.0	23353196.0
-54494804.0	15320623.0
-39728480.0	12245787.0
-42255352.0	20635036.0
-49233724.0	21609796.0
-43715344.0	14233604.0
-43350664.0	18873190.0
-24343624.0	10674541.0
-44478140.0	13660901.0
-44700200.0	10465125.0
-62706880.0	21624696.0
-55417408.0	22770308.0
-56219836.0	24303012.0
-49546244.0	16064847.0
-44116004.0	11328905.0
-48153688.0	12891775.0
-47558592.0	13734505.0
-37880848.0	15978936.0
-60638288.0	15977609.0
-68335848.0	20593590.0
-55628780.0	19437672.0
-43714356.0	16751984.0
-54954292.0	17566806.0
-54540800.0	13661722.0
-50160164.0	14455673.0
-42481148.0	9206269.0
-46307320.0	20357140.0
-39340312.0	16277820.0
-40356432.0	10620181.0
-29908648.0	8012924.0
-48903120.0	17117290.0
-38578104.0	14487977.0
-48417468.0	23146320.0
-49441712.0	15571545.0
-43613300.0	10138660.0
-45318840.0	12054817.0
-47861604.0	16792724.0
-44779080.0	14075633.0
-46431664.0	12969449.0
-61561508.0	27017760.0
-50960128.0	15165610.0
-72038032.0	21870780.0
-54611144.0	17954106.0
-23767374.0	8773739.0
-44325896.0	11321305.0
-52199716.0	13092373.0
-39138500.0	17580860.0
-56775368.0	19416492.0
-47752520.0	15704483.0
-58126480.0	17293068.0
-51367104.0	18957972.0
-40446468.0	14589327.0
-52598080.0	19636316.0
-37543580.0	9268342.0
-44635028.0	10298113.0
-33980324.0	12893783.0
-48495844.0	14614314.0
-23441430.0	9074965.0
-53917588.0	14962631.0
-36380976.0	11178586.0
-55280420.0	18386828.0
-48043660.0	13166835.0
-61489584.0	20058110.0
-45666544.0	12520330.0
-46039520.0	13668659.0
-50951512.0	15105004.0
-35895944.0	10648657.0
-21220326.0	5338902.0
-44529536.0	10094177.0
-48747804.0	13679429.0
-46823840.0	15359078.0
-43607904.0	12349277.0
-43193032.0	11801966.0
-25163856.0	7344350.5
-54276084.0	22054476.0
-44248304.0	17516668.0
-51360680.0	20254118.0
-46783496.0	13189021.0
-43469660.0	22936464.0
-38504336.0	9277321.0
-46832636.0	17394060.0
-47402728.0	15454357.0
-47447056.0	11910593.0
-89117904.0	23027534.0
-42548504.0	13635237.0
-41793648.0	14729651.0
-39914640.0	9402131.0
-34384760.0	9617745.0
-45613796.0	19284474.0
-53379680.0	14970447.0
-55346540.0	20353824.0
-61715032.0	17610968.0
-39020856.0	12738103.0
-40570716.0	17331884.0
-40196616.0	9527719.0
-70297088.0	21728568.0
-61244764.0	15884117.0
-47601500.0	14988800.0
-49053368.0	16500124.0
-58198512.0	15630641.0
-55991936.0	24478780.0
-40066000.0	11615735.0
-46680168.0	15864209.0
-50219424.0	17794308.0
-44384528.0	16780982.0
-53879300.0	19072712.0
-31144282.0	9559625.0
-28902232.0	8235263.0
-50873496.0	13579007.0
-61378668.0	15131159.0
-48536320.0	11869779.0
-39968192.0	9409056.0
-39133200.0	13468095.0
-35686504.0	9713940.0
-46348108.0	16802182.0
-46365520.0	15331265.0
-51187648.0	15023911.0
-50110852.0	18775264.0
-43818872.0	20899594.0
-41713536.0	13050531.0
-51148028.0	14094565.0
-54428364.0	17956982.0
-51971260.0	18564680.0
-41867704.0	15402395.0
-45495648.0	20615384.0
-65010296.0	16672696.0
-46835104.0	10705932.0
-50307216.0	22108828.0
-53892832.0	14128795.0
-41570140.0	11646295.0
-55194464.0	16501014.0
-55036272.0	15831079.0
-39150852.0	10209429.0
-46611376.0	9751994.0
-49106112.0	17979836.0
-37545264.0	10142195.0
-52626792.0	19633590.0
-56205096.0	17576874.0
-45778240.0	22364964.0
-41771984.0	11172889.0
-44671312.0	14178603.0
-44974312.0	9961743.0
-37649212.0	13079290.0
-49482076.0	17915244.0
-44408536.0	17841472.0
-68506672.0	20927446.0
-43861992.0	18027516.0
-54727112.0	14786613.0
-41288968.0	14582569.0
-61283792.0	18213842.0
-47648496.0	19214200.0
-48870036.0	10446774.0
-41940232.0	12976330.0
-40007664.0	15896505.0
-47580344.0	16237819.0
-34870640.0	7147160.0
-45190116.0	20838108.0
-50641036.0	13588951.0
-49132640.0	21645832.0
-52655320.0	14962885.0
-41174208.0	9322476.0
-36993088.0	9216999.0
-50740912.0	17179850.0
-29285810.0	7409777.0
-52714092.0	14281662.0
-47734580.0	14532288.0
-49103368.0	10844843.0
-43931300.0	12918250.0
-49894808.0	18776368.0
-45091368.0	11514159.0
-40153832.0	8375384.0
-75561392.0	16294918.0
-54843000.0	21061276.0
-41901160.0	11572007.0
-55432752.0	19851208.0
-46451716.0	14549329.0
-40463712.0	9068891.0
-48571232.0	13647473.0
-58951760.0	21896332.0
-46793696.0	10248115.0
-54563688.0	15452753.0
-52558064.0	15355455.0
-62921232.0	21313756.0
-50661376.0	14635286.0
-48057612.0	18094208.0
-34432552.0	9048006.0
-51558992.0	14833996.0
-53737192.0	18380500.0
-56898204.0	24013670.0
-49180160.0	17685496.0
-48648952.0	14958591.0
-38608964.0	7190089.0
-49012936.0	13538062.0
-34422600.0	10263309.0
-36329344.0	12027137.0
-30021344.0	7841767.5
-60093164.0	23175716.0
-54644556.0	15845417.0
-48967848.0	13475056.0
-42812960.0	9785101.0
-44853824.0	14348867.0
-53363552.0	18298048.0
-39133496.0	20644684.0
-41787488.0	9890357.0
-39739204.0	12970591.0
-30308892.0	8071103.5
-51005972.0	14520287.0
-46561084.0	15651795.0
-47965632.0	17197830.0
-34778868.0	8929365.0
-40453480.0	9234419.0
-58372568.0	16566613.0
-52105296.0	18323592.0
-47605320.0	14927710.0
-34380760.0	10428711.0
-20996904.0	6686314.5
-50244792.0	15325291.0
-44682608.0	13214976.0
-59063200.0	16637362.0
-35868712.0	12502304.0
-49115248.0	13931535.0
-73042456.0	16458546.0
-43845768.0	19853544.0
-73940184.0	23007066.0
-67313536.0	24245532.0
-55913108.0	14659528.0
-47712968.0	20057342.0
-35541656.0	9006157.0
-55770868.0	15053081.0
-31600748.0	12031959.0
-44125848.0	17314936.0
-37107140.0	10604684.0
-43387992.0	17954146.0
-38155500.0	12142161.0
-42278436.0	12683347.0
-67015448.0	17965214.0
-50063864.0	16869028.0
-53855824.0	15450808.0
-45881796.0	13846153.0
-42145136.0	9840992.0
-35379408.0	12794135.0
-38055744.0	8794219.0
-55792972.0	17202984.0
-42340104.0	14483771.0
-36936388.0	11885169.0
-53894352.0	22762630.0
-55667288.0	16636542.0
-34956540.0	9194266.0
-64836976.0	22040626.0
-53659960.0	22338784.0
-37498712.0	14230095.0
-27336984.0	7134706.5
-36033984.0	12350069.0
-36306848.0	8747950.0
-42281740.0	17864704.0
-46905676.0	16899988.0
-55921756.0	16558673.0
-49714400.0	12986589.0
-42949792.0	10294675.0
-54537144.0	21334438.0
-33536058.0	7796096.5
-47829392.0	19713082.0
-51713928.0	15690968.0
-23285584.0	7623553.0
-50395280.0	22863644.0
-25233888.0	9604483.0
-46928204.0	14054725.0
-34983004.0	6685396.5
-53603216.0	18467020.0
-31078324.0	8140116.5
-40947432.0	17456816.0
-40995180.0	11704960.0
-30865224.0	10975009.0
-39970072.0	11729080.0
-46484444.0	20424904.0
-66707360.0	19323884.0
-54065980.0	20418134.0
-59653000.0	14168297.0
-37894528.0	8555985.0
-50420368.0	14563966.0
-47085448.0	21870900.0
-27461836.0	7497399.0
-42443808.0	9712395.0
-57423804.0	16549793.0
-47636984.0	14970785.0
-55625580.0	15258154.0
-34771988.0	12169005.0
-56259196.0	22356016.0
-30232624.0	11840325.0
-43380208.0	14208558.0
-43383528.0	18345876.0
-44639960.0	15032537.0
-59952440.0	26704812.0
-50785320.0	14690565.0
-37730908.0	19571806.0
-39265388.0	9984628.0
-47763216.0	13488214.0
-41574096.0	12433319.0
-41163624.0	13479962.0
-30504328.0	6982207.5
-42502824.0	11347763.0
-50543932.0	17093540.0
-50605704.0	19731504.0
-42354184.0	11358241.0
-35737440.0	12784707.0
-38332352.0	13058108.0
-54247716.0	16765505.0
-28608992.0	8217205.5
-46028040.0	18974578.0
-58347672.0	15462924.0
-37023240.0	9421764.0
-36874852.0	11913019.0
-55707276.0	22049718.0
-41183892.0	9551095.0
-51046464.0	15859621.0
-51421532.0	15451712.0
-58029160.0	25130896.0
-63503180.0	17574124.0
-59958696.0	21716362.0
-55931200.0	21512302.0
-36340024.0	9769746.0
-34760592.0	13941905.0
-56139076.0	16671294.0
-48411696.0	17625778.0
-44963304.0	16254039.0
-82982112.0	20347306.0
-56779564.0	17017338.0
-41343984.0	14966513.0
-38963780.0	9589680.0
-60760016.0	15657581.0
-30940386.0	10976337.0
-49216008.0	11802962.0
-32362004.0	11294053.0
-35986856.0	9545685.0
-44538076.0	13452696.0
-27248110.0	7921858.5
-61110784.0	17334856.0
-33710692.0	9642953.0
-47554384.0	12048853.0
-55971248.0	18656744.0
-35378072.0	9049934.0
-51521384.0	20336664.0
-50426288.0	15915790.0
-44556532.0	16616176.0
-55415156.0	14687815.0
-56465476.0	23621624.0
-42738152.0	19550016.0
-55992460.0	15749672.0
-36556812.0	16185152.0
-45350148.0	13882693.0
-31939160.0	11969892.0
-66090844.0	18690054.0
-46467200.0	20579264.0
-49981152.0	14130913.0
-50296512.0	21157332.0
-37304960.0	6435497.0
-45065472.0	14118473.0
-34242500.0	13023617.0
-40013608.0	18928794.0
-40741440.0	16140749.0
-39767660.0	16263739.0
-51372992.0	12392857.0
-64825188.0	19553828.0
-46756304.0	13002225.0
-41771848.0	17656266.0
-42212072.0	16400557.0
-45358600.0	11075053.0
-74365184.0	26208302.0
-50703828.0	15437016.0
-34929704.0	10583831.0
-35671656.0	12885269.0
-34478176.0	10805862.0
-38880496.0	11204263.0
-44832016.0	11029677.0
-48865388.0	20687396.0
-41322672.0	7450241.0
-31819318.0	6493697.5
-49007432.0	13587723.0
-48665504.0	17744664.0
-54829804.0	16644596.0
-47404056.0	15708012.0
-27828402.0	9360253.0
-44253384.0	9811707.0
-26356048.0	10915255.0
-31728456.0	10522561.0
-33598364.0	11335399.0
-53921304.0	17251244.0
-43883964.0	10386408.0
-52470496.0	21610986.0
-37427660.0	8742005.0
-33534402.0	11283700.0
-54640280.0	17787662.0
-48717904.0	16215893.0
-54261008.0	16668093.0
-58537408.0	17868128.0
-56242428.0	12699032.0
-45553056.0	16572127.0
-46579936.0	11232056.0
-39032220.0	13255640.0
-47160656.0	15637846.0
-48504536.0	21174344.0
-19483980.0	6559037.5
-36480768.0	8666578.0
-66528140.0	20664880.0
-49819656.0	16365273.0
-46701648.0	14220367.0
-38494896.0	13239723.0
-42672092.0	10063945.0
-37680128.0	15284790.0
-43894716.0	16777578.0
-54944524.0	17586124.0
-49569120.0	11121729.0
-42899752.0	10472465.0
-64339612.0	17354522.0
-42424512.0	17309920.0
-31417726.0	7153604.5
-37193444.0	16838468.0
-70808832.0	21850150.0
-49456444.0	15236559.0
-56434544.0	18497310.0
-65312804.0	18990836.0
-49357840.0	17607258.0
-53495576.0	12036325.0
-57936620.0	18994270.0
-40932008.0	9120479.0
-37455800.0	10329927.0
-56909880.0	22151988.0
-34103308.0	8564003.0
-44584664.0	13139057.0
-52560720.0	18090062.0
-53687028.0	22327884.0
-33198742.0	12144245.0
-60139208.0	21372084.0
-32898198.0	13202706.0
-26104648.0	8826792.0
-33840020.0	8581505.0
-51361984.0	22845144.0
-51520176.0	17824960.0
-60007516.0	17990036.0
-53757800.0	22941756.0
-65127688.0	24178364.0
-40395912.0	13402393.0
-67308288.0	23317864.0
-32167144.0	10927953.0
-29471428.0	5445053.0
-30036688.0	9252210.0
-55312184.0	16235858.0
-46821188.0	12233683.0
-46781968.0	21404902.0
-50245376.0	16019519.0
-36709184.0	10213647.0
-48210288.0	16634719.0
-49610496.0	12249376.0
-63970120.0	22991106.0
-47278624.0	19001818.0
-41880192.0	9354417.0
-49530708.0	16998660.0
-37868256.0	8502295.0
-45585812.0	11305360.0
-45227096.0	18142204.0
-44458020.0	10366089.0
-60005832.0	17977696.0
-73596160.0	21056218.0
-40042400.0	13181741.0
-51807096.0	20406788.0
-43982904.0	15404943.0
-51700540.0	23845684.0
-60101080.0	23589102.0
-46813524.0	15477083.0
-60317784.0	14883229.0
-51292100.0	20481144.0
-28425326.0	8508649.0
-55336600.0	23365420.0
-29943746.0	9027162.0
-61504460.0	15642171.0
-35694700.0	10611977.0
-54162960.0	16754329.0
-40012884.0	10267080.0
-60183936.0	18493216.0
-29757508.0	8256618.0
-55305228.0	21050074.0
-49387432.0	17709126.0
-50079016.0	15526906.0
-41267616.0	15185917.0
-60318064.0	17555924.0
-46800992.0	14818658.0
-51236068.0	22917124.0
-49540616.0	12544979.0
-47849944.0	17853060.0
-51735320.0	12651183.0
-59260144.0	21926476.0
-49872700.0	13211225.0
-46919568.0	20799220.0
-27362728.0	10265364.0
-58996128.0	15100973.0
-37774024.0	10548921.0
-52639476.0	17581148.0
-37547056.0	7999120.5
-60665408.0	19583126.0
-42791656.0	14584250.0
-52534648.0	18478836.0
-54789588.0	22610332.0
-46989760.0	16376149.0
-50908104.0	12920861.0
-57175208.0	16082720.0
-49328216.0	13576453.0
-48692556.0	21743090.0
-34930528.0	8458283.0
-38970136.0	11675801.0
-62683660.0	21995356.0
-59774800.0	26580590.0
-44127216.0	13354927.0
-56138036.0	22354184.0
-58833952.0	20077520.0
-55966524.0	15668583.0
-43183316.0	9588681.0
-60359736.0	18927582.0
-49344072.0	15271587.0
-59292504.0	17744010.0
-40367272.0	12128783.0
-53407492.0	20539640.0
-61125764.0	23299138.0
-50871888.0	15572418.0
-48047912.0	12718079.0
-54192524.0	15829873.0
-32046888.0	12967271.0
-59280160.0	14852421.0
-55522404.0	18360384.0
-49502004.0	19611108.0
-46822132.0	16419416.0
-43548720.0	16780268.0
-66068988.0	17021004.0
-55059324.0	16588856.0
-37909792.0	11726665.0
-59118448.0	19294822.0
-28250624.0	7331872.5
-60124376.0	19621012.0
-50345200.0	14119005.0
-52918980.0	15435150.0
-40727464.0	12910175.0
-52968056.0	22154252.0
-46499952.0	11939085.0
-53802772.0	21707432.0
-52065156.0	11623917.0
-34597784.0	11788542.0
-54341228.0	15050583.0
-57700036.0	15481316.0
-44169528.0	13925323.0
-57513572.0	18063188.0
-55856536.0	18722936.0
-52550256.0	19040944.0
-30821776.0	7095508.5
-60278704.0	16054411.0
-91240456.0	27104816.0
-58652064.0	17540980.0
-61174756.0	15011678.0
-59280168.0	19448036.0
-51396776.0	15555728.0
-52844940.0	16178771.0
-36944864.0	8822145.0
-67892120.0	19706596.0
-63053704.0	17414426.0
-44539336.0	13404795.0
-64427820.0	20737488.0
-51534608.0	17842036.0
-34681816.0	10106060.0
-59791960.0	16126804.0
-20276404.0	7083940.0
-52977808.0	14724760.0
-72734080.0	20094848.0
-49088592.0	19526648.0
-42735760.0	17471050.0
-40910560.0	11915802.0
-64293832.0	21231012.0
-58385340.0	17897010.0
-26904724.0	7383163.5
-39376612.0	12159481.0
-40227032.0	8907901.0
-51962456.0	21737122.0
-32478238.0	8075133.0
-41563376.0	12559203.0
-47933428.0	17304988.0
-52123056.0	13950673.0
-35524496.0	11824189.0
-44976592.0	19514132.0
-46682128.0	14387205.0
-54230292.0	21001256.0
-33188252.0	14914055.0
-57589680.0	17462712.0
-45067616.0	10198663.0
-54846368.0	17368404.0
-57806736.0	14352119.0
-51746940.0	19515406.0
-34911776.0	11093237.0
-59352436.0	14786617.0
-44898008.0	15132083.0
-54514020.0	16999556.0
-59276816.0	17319932.0
-51660232.0	14981192.0
-58643828.0	15458099.0
-55830040.0	20805128.0
-46645968.0	12706715.0
-53747956.0	16388668.0
-65966304.0	16352637.0
-49531016.0	16129298.0
-43572576.0	11203789.0
-38200480.0	11271697.0
-70474304.0	18457784.0
-50000248.0	17263568.0
-54507252.0	14850337.0
-64277508.0	24700996.0
-58244392.0	21467590.0
-56825148.0	20457936.0
-51034088.0	13174160.0
-59522004.0	21149642.0
-32405400.0	13613691.0
-50502712.0	20681194.0
-47312584.0	16552353.0
-42766068.0	13325830.0
-35868568.0	9804007.0
-49252876.0	14333473.0
-41584640.0	12016753.0
-55298852.0	20861848.0
-57780808.0	16433775.0
-49387616.0	12212133.0
-29759708.0	9365437.0
-60709508.0	18633816.0
-48370288.0	15364878.0
-58869312.0	19098292.0
-44259464.0	15049279.0
-41557160.0	11826177.0
-46172024.0	10461349.0
-39576932.0	11836860.0
-41466152.0	12024589.0
-54698452.0	18640972.0
-31775228.0	10183215.0
-51994088.0	19050338.0
-57058104.0	16963756.0
-57355088.0	14904878.0
-59780392.0	16233837.0
-40968612.0	13066475.0
-40823316.0	15876064.0
-57123728.0	16897120.0
-44665920.0	11361071.0
-50685704.0	13171710.0
-50602760.0	16315942.0
-59571088.0	22135216.0
-41959004.0	11693538.0
-53751360.0	12360346.0
-55053264.0	13971403.0
-48758056.0	18994346.0
-47950124.0	15805529.0
-57457456.0	12837463.0
-42512264.0	15030004.0
-53255136.0	23147296.0
-32549624.0	7742466.0
-59300024.0	23204788.0
-46340184.0	18846882.0
-52682540.0	18099976.0
-59262012.0	19241648.0
-46055304.0	11574927.0
-36420136.0	10944031.0
-56042968.0	17341640.0
-36698264.0	18422416.0
-49794924.0	19965386.0
-28508396.0	11257109.0
-41746608.0	18091842.0
-47541124.0	12754319.0
-34372792.0	10751464.0
-59681604.0	19179920.0
-50514740.0	19358340.0
-68570312.0	28176220.0
-67292816.0	23004972.0
-43021296.0	11693576.0
-51923896.0	13060628.0
-39150648.0	10562063.0
-42462192.0	11693499.0
-52473336.0	20516336.0
-62514836.0	17765716.0
-45298856.0	12746441.0
-59848592.0	21555362.0
-40527384.0	13913557.0
-63768516.0	20173046.0
-50515460.0	13827449.0
-62135732.0	19418822.0
-46366460.0	13427214.0
-41064136.0	16820900.0
-66333504.0	24338716.0
-36160592.0	12315787.0
-41467520.0	12424959.0
-56749220.0	22606288.0
-70118272.0	17605074.0
-69571160.0	27163760.0
-67905264.0	15882149.0
-43710128.0	10000059.0
-52809348.0	17854260.0
-43417984.0	10683641.0
-35334520.0	8686069.0
-48411996.0	14258212.0
-37003296.0	14443907.0
-44247164.0	16044306.0
-51941084.0	18507156.0
-35117848.0	13024767.0
-51626788.0	14303215.0
-58413340.0	24998624.0
-51100456.0	16887700.0
-61947216.0	27221712.0
-32211542.0	10189772.0
-55172760.0	21557288.0
-36415152.0	9372703.0
-56125360.0	17231194.0
-50731784.0	13646634.0
-38901204.0	11335145.0
-72953432.0	21270636.0
-54344696.0	21146880.0
-60468104.0	20664870.0
-34578372.0	10685097.0
-50498916.0	13010467.0
-44338800.0	11270866.0
-30179358.0	7045395.0
-53607504.0	16718196.0
-45746024.0	15326661.0
-58265728.0	17098288.0
-54527808.0	16515643.0
-49376004.0	22570776.0
-36931360.0	15867963.0
-44619736.0	14676427.0
-62100088.0	18926378.0
-49827820.0	17865596.0
-51314596.0	12220477.0
-39789396.0	12796323.0
-51534884.0	23922006.0
-40544572.0	13059671.0
-45087360.0	14261628.0
-41072384.0	8715110.0
-34133268.0	12294863.0
-35863840.0	10459221.0
-51454524.0	14616129.0
-23530648.0	7621869.0
-72334608.0	26574352.0
-46033252.0	16585854.0
-76451040.0	19513792.0
-42181272.0	9663011.0
-59072424.0	21375644.0
-34341044.0	7055191.5
-60790672.0	22082368.0
-54670436.0	21255284.0
-77028544.0	24834822.0
-32228912.0	10264245.0
-44166764.0	15421355.0
-58772944.0	18178962.0
-57098296.0	20492884.0
-41186728.0	10467419.0
-48980568.0	16685227.0
-41917348.0	16756456.0
-61309048.0	13944013.0
-48333552.0	15820811.0
-52111188.0	13277277.0
-27503904.0	8244859.5
-37072608.0	13705093.0
-47304136.0	16811486.0
-33765964.0	14600292.0
-36729896.0	15995453.0
-44534752.0	12138982.0
-49873772.0	11560211.0
-42572824.0	13958941.0
-53894352.0	20562096.0
-43624204.0	13282317.0
-40293904.0	13689617.0
-69679040.0	19631938.0
-51010688.0	14417455.0
-64531828.0	19246116.0
-59012648.0	23437380.0
-50695928.0	12817521.0
-44220728.0	13188641.0
-29697674.0	5823172.5
-48887680.0	19030364.0
-53387560.0	14623913.0
-63456880.0	24145836.0
-40291372.0	10661801.0
-60444672.0	19016386.0
-32789518.0	13677086.0
-41990560.0	12436295.0
-65007372.0	18320708.0
-49352744.0	10423501.0
-52188388.0	12786163.0
-53820744.0	20179216.0
-63606032.0	15690107.0
-61202096.0	17019072.0
-54426736.0	20070484.0
-23576708.0	7608342.5
-48838040.0	19450784.0
-57453400.0	16651293.0
-44091380.0	9883968.0
-47285224.0	19951316.0
-39640152.0	18342916.0
-49304640.0	14245094.0
-36063632.0	13245844.0
-63849440.0	20103874.0
-22723456.0	6522351.0
-27404426.0	9043774.0
-36154072.0	9818943.0
-58485528.0	18556270.0
-45659100.0	11467933.0
-62476188.0	19062440.0
-50681944.0	11073853.0
-39693488.0	14174045.0
-48632428.0	25681304.0
-44368096.0	18624360.0
-36488968.0	10369587.0
-42239560.0	13046765.0
-64015016.0	19152592.0
-36432976.0	12311861.0
-53466748.0	15928932.0
-22228012.0	7237112.5
-55620800.0	23773570.0
-48333740.0	15553662.0
-52507464.0	10669639.0
-41813256.0	16343334.0
-32433834.0	10847849.0
-33189232.0	10927991.0
-44215976.0	10951754.0
-34725384.0	9658805.0
-58003152.0	17437034.0
-42742456.0	10520483.0
-31633316.0	12427651.0
-34783520.0	13138537.0
-83148888.0	25729544.0
-21313884.0	8014061.5
-53388060.0	23510862.0
-41675572.0	12201773.0
-22328888.0	9866555.0
-48611432.0	18498242.0
-56531872.0	18342194.0
-38128248.0	7836142.5
-51583256.0	16136259.0
-38280480.0	11648799.0
-44951224.0	18682612.0
-56693204.0	16022838.0
-46343100.0	14654756.0
-57765904.0	16909718.0
-35264604.0	12054209.0
-50354460.0	17111068.0
-26781352.0	9144294.0
-70693560.0	22014330.0
-55510472.0	20726830.0
-36040976.0	14111807.0
-48333844.0	13348003.0
-32574290.0	11546245.0
-33428988.0	8124749.5
-37546536.0	11818077.0
-43029072.0	18346632.0
-40876264.0	15922984.0
-43669720.0	10849683.0
-40279112.0	12882381.0
-31498054.0	10718343.0
-40059000.0	11455681.0
-31468212.0	8877312.0
-51421512.0	13146369.0
-50125412.0	13985231.0
-41006344.0	9715719.0
-50155036.0	14231613.0
-24863950.0	7477730.0
-47989144.0	13586000.0
-54783904.0	16202402.0
-57302136.0	16593009.0
-36466832.0	13172623.0
-46408236.0	10941207.0
-42624336.0	12801832.0
-49790568.0	17023226.0
-40792256.0	9836563.0
-33578112.0	10978788.0
-47780472.0	15409152.0
-57605936.0	22536488.0
-48704636.0	22700896.0
-41848044.0	17991288.0
-38651928.0	10212975.0
-16804506.0	6674188.0
-29872462.0	11690393.0
-39583636.0	14974197.0
-46499152.0	17454530.0
-38317640.0	9114487.0
-28602802.0	9654406.0
-44186448.0	12890139.0
-44452832.0	13450400.0
-24311142.0	7687674.5
-43154132.0	10888003.0
-31788724.0	11131165.0
-53223980.0	16300186.0
-64586964.0	17973584.0
-36131412.0	18004738.0
-48562016.0	11077763.0
-25175358.0	8910553.0
-54763712.0	17947500.0
-60164460.0	25280146.0
-35909952.0	8191868.5
-53204024.0	14043512.0
-48785732.0	12192443.0
-45761076.0	14034462.0
-20593154.0	6830494.5
-66357156.0	17998338.0
-52496584.0	15618718.0
-54112964.0	16434260.0
-41482732.0	15873787.0
-42700252.0	16602495.0
-63927584.0	24235984.0
-46099024.0	15080141.0
-49445384.0	12016593.0
-32147764.0	7400633.5
-54460904.0	16349091.0
-41456488.0	10420745.0
-44375920.0	16262412.0
-33983776.0	11935125.0
-69349160.0	16563757.0
-36987760.0	11414800.0
-32254376.0	9495212.0
-41095512.0	18591644.0
-32342844.0	8693247.0
-44675436.0	16762103.0
-65569424.0	17733120.0
-25182368.0	7823198.0
-26432154.0	12711265.0
-51508360.0	16464469.0
-60747968.0	22059996.0
-43697624.0	13791282.0
-37009932.0	15951745.0
-48328584.0	14177340.0
-52300632.0	19541928.0
-20875528.0	7350032.0
-28985482.0	6933833.0
-38999328.0	8215525.5
-65037288.0	21612742.0
-32434812.0	9027301.0
-74331368.0	18689600.0
-40530784.0	18674530.0
-45963160.0	12516007.0
-47939232.0	13114690.0
-43977988.0	12095571.0
-56024036.0	17363436.0
-47487928.0	12215815.0
-25625090.0	7674749.0
-50552816.0	16775778.0
-44886136.0	16460759.0
-45213552.0	10756247.0
-50675360.0	15067842.0
-43194712.0	11650195.0
-47276224.0	12454353.0
-41106248.0	11805621.0
-46855268.0	17210492.0
-41553668.0	14813253.0
-41145328.0	12861420.0
-49972216.0	16710277.0
-21790438.0	6798300.0
-38094540.0	13566099.0
-44433176.0	14887005.0
-67359664.0	18045816.0
-43483624.0	11518211.0
-40010496.0	10847583.0
-53266740.0	16429691.0
-38651600.0	13635071.0
-39967384.0	9944827.0
-37857740.0	8876372.0
-29411072.0	9197617.0
-36210192.0	11215710.0
-53523628.0	17001062.0
-22545896.0	8035090.5
-50796464.0	16181135.0
-41308208.0	13109541.0
-37306776.0	7279793.0
-45344904.0	12747357.0
-52992476.0	15041651.0
-44512224.0	12382907.0
-40375344.0	11922426.0
-67609512.0	17112024.0
-58467684.0	16600198.0
-29293906.0	8828561.0
-71486232.0	27759478.0
-59641688.0	16851250.0
-48394152.0	14234493.0
-24166564.0	6486653.5
-77193040.0	25590636.0
-48619968.0	15399486.0
-66468592.0	27503442.0
-44928736.0	13938529.0
-59837024.0	13592071.0
-54298904.0	15281188.0
-68989136.0	20493012.0
-29314280.0	9323992.0
-74231504.0	23766756.0
-47778400.0	10907683.0
-75329176.0	22900334.0
-61969156.0	18335560.0
-71067136.0	25503560.0
-40383812.0	11782655.0
-47051572.0	13422749.0
-49725600.0	12343239.0
-89758936.0	27538980.0
-35868936.0	11307853.0
-81163568.0	28331294.0
-34403360.0	8328950.5
-73853960.0	18338388.0
-50602344.0	13249989.0
-68066960.0	23182964.0
-57672176.0	18282194.0
-86470248.0	28192626.0
-61349856.0	22488912.0
-73363632.0	24439524.0
-49904056.0	12828152.0
-50333720.0	14913033.0
-54012792.0	14062008.0
-76236912.0	21232796.0
-58920872.0	21779904.0
-73660752.0	18860642.0
-40418408.0	14337916.0
-76996448.0	27372754.0
-43338608.0	13105383.0
-80504688.0	23122650.0
-56390008.0	16279938.0
-86386416.0	22455186.0
-29779692.0	15941093.0
-80698016.0	23553292.0
-33194384.0	7579565.0
-71172168.0	24901824.0
-52488988.0	17376678.0
-71474096.0	18270800.0
-38625000.0	9998881.0
-63616720.0	23861590.0
-43667080.0	12248548.0
-78775216.0	25854784.0
-46599512.0	11455383.0
-74723184.0	31439368.0
-46221904.0	15465410.0
-67557376.0	20322602.0
-50977116.0	13620605.0
-75044736.0	22955424.0
-32388208.0	9282057.0
-60340364.0	19271944.0
-37085112.0	8961192.0
-76280304.0	30282852.0
-24439410.0	7633247.0
-62163988.0	19234712.0
-63836756.0	15952120.0
-68741976.0	20538140.0
-41002016.0	14200248.0
-83711264.0	23262680.0
-38225508.0	13041709.0
-74693400.0	22509824.0
-50498288.0	16187630.0
-72681712.0	24874620.0
-40311512.0	11359843.0
-80510032.0	20033492.0
-54016520.0	15565004.0
-80285480.0	24017196.0
-37941740.0	11319889.0
-63756920.0	14496871.0
-51039888.0	13254392.0
-67727736.0	21759608.0
-52887056.0	11647850.0
-78230608.0	21036332.0
-68728464.0	21681730.0
-67936896.0	20456484.0
-44651920.0	16041946.0
-65089800.0	16315230.0
-65059384.0	16269873.0
-82512112.0	25597128.0
-57630548.0	18026932.0
-98342944.0	27588924.0
-35589320.0	10328354.0
-93197040.0	25791270.0
-46024512.0	13171735.0
-84696304.0	22243488.0
-54213528.0	17721270.0
-79586688.0	22355178.0
-53489880.0	15447673.0
-59904084.0	18983152.0
-36521844.0	9745649.0
-72485776.0	22903180.0
-42883268.0	10119547.0
-66200472.0	23017144.0
-61793160.0	17806264.0
-49266704.0	11568806.0
-34283160.0	9229869.0
-56090708.0	14839882.0
-49840000.0	12587143.0
-67788976.0	22584150.0
-35271484.0	9164923.0
-81308096.0	25581964.0
-89931648.0	25558460.0
-77682392.0	21343784.0
-60266476.0	16843812.0
-62230484.0	17120136.0
-45102432.0	14676561.0
-56463016.0	26132032.0
-60430956.0	18150460.0
-67715040.0	18220788.0
-52832860.0	15926596.0
-65435056.0	23373350.0
-58937436.0	20517616.0
-82701360.0	28388272.0
-45581892.0	17805936.0
-67876696.0	20397508.0
-53528292.0	22328620.0
-74876320.0	20331648.0
-41789164.0	14898165.0
-71969296.0	21964712.0
-41638384.0	11034036.0
-81915320.0	20836054.0
-46654112.0	21844174.0
-53921748.0	14488771.0
-42431128.0	16346817.0
-53902904.0	15164485.0
-58347212.0	20539422.0
-75964624.0	29807554.0
-47042700.0	14159762.0
-70444560.0	27373864.0
-52975248.0	12041104.0
-70313768.0	21238648.0
-49373736.0	16495258.0
-40231664.0	11799212.0
-55221292.0	19587530.0
-61950488.0	17374754.0
-52607080.0	19630048.0
-49417968.0	13168555.0
-54881448.0	17122784.0
-70183144.0	20757492.0
-44218304.0	11216198.0
-72183824.0	21281360.0
-24480222.0	8769521.0
-56511648.0	16191681.0
-45142448.0	17396624.0
-77696384.0	21394088.0
-54463408.0	15178806.0
-61770228.0	22170054.0
-49588896.0	14337615.0
-70822128.0	16275949.0
-64256328.0	18045368.0
-72004024.0	23290264.0
-37925584.0	9173819.0
-59185884.0	23280792.0
-48555948.0	12369667.0
-71188368.0	23240340.0
-52782048.0	13577182.0
-71225456.0	18897900.0
-47037792.0	13925620.0
-62857556.0	24474916.0
-46522076.0	13781940.0
-69521136.0	23743292.0
-50057128.0	12507543.0
-62029244.0	27632292.0
-64002716.0	22492230.0
-65540040.0	21405250.0
-35288632.0	9035340.0
-69015312.0	20712940.0
-72889520.0	26527502.0
-61088764.0	22725908.0
-57782504.0	14299842.0
-67819512.0	23764960.0
-40074312.0	12017663.0
-78467376.0	24773480.0
-53243544.0	14017792.0
-60677028.0	16995560.0
-77495416.0	23169296.0
-60421240.0	20866820.0
-43068120.0	11070610.0
-81171344.0	30144864.0
-51356904.0	22417416.0
-57594496.0	16112575.0
-68732912.0	19935132.0
-80043784.0	30540236.0
-62887032.0	25844680.0
-71740128.0	19598860.0
-50252792.0	13213408.0
-67260800.0	23762236.0
-39129080.0	7491735.5
-80325408.0	25813440.0
-55254632.0	13629083.0
-60954560.0	15928737.0
-50214728.0	19636516.0
-68914240.0	25220648.0
-59322728.0	15231389.0
-77948008.0	21938910.0
-52006656.0	12214313.0
-69834280.0	21335036.0
-43148512.0	21780176.0
-81141736.0	25071952.0
-65498632.0	18904924.0
-75073632.0	19862500.0
-35195440.0	9941238.0
-66693152.0	23020032.0
-49371272.0	20581488.0
-82168464.0	23909624.0
-43894468.0	11673859.0
-82395888.0	23853586.0
-45806016.0	9972563.0
-81515424.0	25487784.0
-60090888.0	14532515.0
-80401808.0	21467660.0
-74018424.0	22905178.0
-89038240.0	23532004.0
-52324460.0	10084745.0
-53628680.0	22001326.0
-68122904.0	17185782.0
-48070480.0	14986857.0
-61030348.0	15674721.0
-56346548.0	22856936.0
-43830192.0	10808773.0
-65696240.0	21538170.0
-42718628.0	10384221.0
-49825748.0	12016305.0
-40128936.0	12483683.0
-44911904.0	11622015.0
-49210624.0	16297259.0
-46106944.0	12793221.0
-38423824.0	14642751.0
-55382876.0	20219876.0
-45119084.0	12803139.0
-42116584.0	15256267.0
-59624572.0	18169030.0
-47787256.0	14919101.0
-43061096.0	16878748.0
-55980520.0	20330270.0
-37423144.0	9557936.0
-43041260.0	13630956.0
-50904924.0	14033061.0
-56056696.0	22412174.0
-45836704.0	15529738.0
-53761320.0	21891952.0
-49902368.0	10138247.0
-41612336.0	12122419.0
-79875960.0	24901874.0
-35603240.0	7586035.5
-39584672.0	12088369.0
-36587652.0	9071620.0
-56741252.0	17128796.0
-47753760.0	20109868.0
-33139372.0	13311841.0
-44262012.0	15419952.0
-31240562.0	11170995.0
-49040452.0	15141127.0
-45023192.0	11910431.0
-55061280.0	22959268.0
-40760184.0	15410675.0
-42613820.0	13445783.0
-56676044.0	13609264.0
-52720032.0	19461412.0
-64215348.0	13807767.0
-62151772.0	25212726.0
-46579696.0	11018804.0
-43528696.0	17431612.0
-33213292.0	8252205.5
-48112832.0	17239172.0
-43455356.0	13998587.0
-46016740.0	14741819.0
-60385156.0	15673954.0
-40379360.0	12617295.0
-31552184.0	9320427.0
-51211728.0	15334769.0
-39889072.0	12922699.0
-46926256.0	12903735.0
-52389296.0	15662837.0
-23963702.0	8243624.5
-43594768.0	12252535.0
-48770080.0	14777951.0
-78831584.0	21392248.0
-38006928.0	8737869.0
-49060944.0	13868563.0
-50221388.0	21351616.0
-42503192.0	13719747.0
-56264444.0	25111520.0
-51326492.0	11118546.0
-41995880.0	9452781.0
-40675240.0	12406471.0
-38366352.0	12529231.0
-32326188.0	13727443.0
-53629356.0	15505730.0
-34007116.0	14660021.0
-58396976.0	25257174.0
-83288608.0	30225898.0
-30940448.0	6123891.5
-52387608.0	13785405.0
-30220302.0	9808158.0
-53986184.0	13359245.0
-43540708.0	11343140.0
-33531624.0	12431446.0
-43300644.0	9310423.0
-45149328.0	12347401.0
-66412728.0	26576168.0
-58649512.0	15377948.0
-32176632.0	13005582.0
-43059144.0	12825243.0
-49568376.0	13378745.0
-48041292.0	10966480.0
-82621424.0	31052932.0
-34727324.0	10811413.0
-50454624.0	16802608.0
-48516664.0	10089029.0
-52768752.0	19549784.0
-33866160.0	10365135.0
-55402672.0	21099932.0
-48746528.0	18929780.0
-51843560.0	13681445.0
-60466560.0	13458111.0
-51392680.0	15690677.0
-42914764.0	10484062.0
-52236264.0	12841573.0
-61424704.0	15786373.0
-51202852.0	11340902.0
-27581866.0	9875031.0
-53198888.0	13424603.0
-60313680.0	17076948.0
-47119528.0	16515767.0
-42608080.0	10734452.0
-40388744.0	11472366.0
-52014696.0	15765623.0
-64785576.0	26039420.0
-56005456.0	13790086.0
-45379012.0	14563833.0
-45965120.0	10899781.0
-28287648.0	9760025.0
-35414236.0	12759083.0
-43193808.0	15795017.0
-37931592.0	9701777.0
-43731144.0	16520285.0
-64907680.0	20156716.0
-32704988.0	11553831.0
-45218448.0	12666260.0
-59352792.0	22989424.0
-27664890.0	10681982.0
-43086680.0	15475579.0
-35224024.0	14915627.0
-45479416.0	20457768.0
-52077556.0	14540357.0
-39369768.0	10851774.0
-35950716.0	8734033.0
-55279256.0	14947077.0
-53057788.0	13628523.0
-47566872.0	20628808.0
-47012892.0	10067313.0
-48024032.0	12836002.0
-49921596.0	15529439.0
-46791096.0	13318971.0
-31780756.0	7196039.5
-45393368.0	10738531.0
-54854940.0	12924941.0
-38102424.0	13901504.0
-35549320.0	8869309.0
-38423260.0	15411317.0
-63453220.0	26184470.0
-46103512.0	20707776.0
-52150524.0	13180437.0
-38053624.0	9493769.0
-46136776.0	11376205.0
-45589072.0	14831416.0
-65796192.0	17296200.0
-35574968.0	8479447.0
-43822492.0	20826790.0
-43737128.0	18506500.0
-63150496.0	17300274.0
-42499348.0	15843904.0
-29366866.0	7388961.5
-49052544.0	18804528.0
-53870936.0	17960256.0
-40133648.0	10592496.0
-64482536.0	25500074.0
-46908068.0	10577343.0
-55674068.0	14670429.0
-58839552.0	17197612.0
-43102296.0	16471759.0
-56866944.0	20515256.0
-32551254.0	9120987.0
-39748644.0	13630546.0
-60638868.0	17242636.0
-40424952.0	10944162.0
-37972972.0	9730749.0
-38837296.0	10053278.0
-67472472.0	26545074.0
-38350648.0	12861735.0
-57999672.0	16610679.0
-61667856.0	22422030.0
-50541704.0	11029913.0
-56361360.0	21295272.0
-31625974.0	12407863.0
-45072808.0	13638557.0
-83994696.0	22864960.0
-48236656.0	13343219.0
-54572616.0	14598340.0
-50916036.0	21507686.0
-27148352.0	9480973.0
-53439232.0	19116374.0
-42308124.0	14007444.0
-38985592.0	12069481.0
-36249624.0	13186847.0
-42187136.0	15783270.0
-36602224.0	12992883.0
-36459440.0	12892218.0
-46263584.0	21349472.0
-49564768.0	20724912.0
-42544464.0	15570534.0
-37491376.0	12531879.0
-52246376.0	18025032.0
-46643688.0	20721832.0
-50081136.0	14406170.0
-45230912.0	18690214.0
-46997104.0	19608498.0
-33247902.0	11132164.0
-41933360.0	13491498.0
-40748060.0	12842799.0
-59769152.0	20085708.0
-49304936.0	19711726.0
-43714940.0	12567224.0
-47464708.0	11774399.0
-22655432.0	8793693.0
-33195832.0	9044678.0
-54320652.0	14050334.0
-42185264.0	11714203.0
-98259328.0	26522572.0
-43456064.0	14227122.0
-54852472.0	18426578.0
-45062332.0	13401398.0
-61597548.0	17948036.0
-45071616.0	11750353.0
-37618268.0	15039994.0
-31437840.0	11175407.0
-37327360.0	17816280.0
-32225850.0	11699116.0
-66373688.0	14937273.0
-48694792.0	16011539.0
-40994368.0	10258479.0
-49285020.0	19983890.0
-50392728.0	15174099.0
-46553624.0	13107673.0
-69247160.0	23635592.0
-28493476.0	7953522.0
-54460260.0	20684404.0
-44400968.0	10700658.0
-36989608.0	7521054.5
-38958748.0	13465948.0
-31010368.0	7972596.0
-39891408.0	10345497.0
-50403504.0	18415696.0
-46538764.0	11747750.0
-48381180.0	12381693.0
-48409208.0	22750718.0
-59593976.0	14601943.0
-29957412.0	9635333.0
-43426984.0	16797012.0
-50060776.0	17453628.0
-42588256.0	12125011.0
-50600100.0	18551010.0
-52780776.0	16306894.0
-44419368.0	11271846.0
-25455544.0	5706289.5
-42812080.0	16986524.0
-38860488.0	12412339.0
-55363488.0	17609796.0
-32470358.0	9505238.0
-48092988.0	11723042.0
-32311108.0	12327183.0
-44960168.0	16959750.0
-30826376.0	11724189.0
-38311252.0	8943774.0
-57778416.0	21785228.0
-22887876.0	6712654.5
-42769144.0	9325577.0
-33976228.0	8314155.5
-34611584.0	12926581.0
-43991484.0	11863913.0
-28951812.0	7404399.5
-35224168.0	8857328.0
-46155720.0	14227317.0
-45353704.0	16705649.0
-63864604.0	23015204.0
-49281616.0	19467584.0
-55952056.0	13984868.0
-45325912.0	17532520.0
-60974128.0	22747858.0
-40477816.0	14079366.0
-34355120.0	12185774.0
-34502424.0	12447217.0
-41841808.0	14552749.0
-53354628.0	19019562.0
-71283536.0	20777164.0
-39899116.0	10346043.0
-38692624.0	8068273.5
-44664624.0	16853250.0
-36541996.0	7987697.0
-34006568.0	13021722.0
-43635048.0	11660591.0
-33427744.0	10604741.0
-57754384.0	15782563.0
-40043496.0	10090919.0
-51391800.0	11798352.0
-51456736.0	15585450.0
-44389408.0	10902191.0
-25719800.0	8054232.5
-47925924.0	19079914.0
-26942436.0	7594770.0
-31865412.0	9172651.0
-48057208.0	17661844.0
-66114856.0	16863656.0
-29721138.0	10214667.0
-43855448.0	10539457.0
-44973820.0	10465359.0
-36431636.0	9622385.0
-47353928.0	12558082.0
-43176904.0	9837593.0
-56104012.0	22323446.0
-41294216.0	10656781.0
-46483424.0	14156953.0
-66907032.0	25103280.0
-51183064.0	13330922.0
-34857832.0	12886487.0
-46870920.0	16037233.0
-19710072.0	4770730.0
-33560320.0	11061701.0
-35710176.0	12764701.0
-47197776.0	17906920.0
-41792264.0	11598347.0
-38618784.0	12501912.0
-44241588.0	18281760.0
-48919280.0	20075930.0
-63145300.0	23875376.0
-46336548.0	19473356.0
-58443040.0	18388184.0
-40120988.0	14043069.0
-49469248.0	13066247.0
-47553416.0	20416798.0
-44981340.0	14675477.0
-43938296.0	11124103.0
-30710386.0	8399755.0
-46919624.0	13942789.0
-35595068.0	9501387.0
-45981592.0	15386913.0
-45974780.0	12634665.0
-46426160.0	17593376.0
-48257064.0	12334069.0
-45109420.0	15089187.0
-49964840.0	12840397.0
-54302152.0	15088684.0
-47097960.0	15669707.0
-51587880.0	14104372.0
-47453052.0	10349672.0
-52469732.0	15820403.0
-46569996.0	16859384.0
-43620240.0	15499551.0
-54932060.0	17812824.0
-48155996.0	14020276.0
-53535924.0	14314845.0
-47008528.0	13508397.0
-44366512.0	11477520.0
-41715860.0	15472995.0
-50023248.0	16510262.0
-40261244.0	15106085.0
-50063608.0	18104228.0
-55596320.0	18738512.0
-48824576.0	16659449.0
-51350672.0	15835470.0
-58310884.0	18335998.0
-42355280.0	11963055.0
-41873420.0	10625543.0
-35778944.0	9024881.0
-52761240.0	13509975.0
-42159400.0	9714267.0
-50737568.0	20402952.0
-33729808.0	7604550.0
-66463956.0	18271790.0
-32057488.0	12116665.0
-32221012.0	11783269.0
-37931104.0	16464834.0
-78086736.0	19678478.0
-48303112.0	16127005.0
-40858292.0	16387076.0
-42309344.0	18042848.0
-46810268.0	14761249.0
-47907152.0	14537091.0
-52420236.0	18652344.0
-36721344.0	9421565.0
-56425196.0	17168212.0
-45814996.0	10737220.0
-34378408.0	9611457.0
-51714028.0	18348384.0
-58638844.0	13129310.0
-26390264.0	8230869.0
-24862576.0	5735764.5
-31385712.0	9392876.0
-52638884.0	14199692.0
-36481812.0	15164241.0
-57763648.0	17188740.0
-38304964.0	16089832.0
-52498876.0	13085361.0
-47620240.0	14054349.0
-67515888.0	18801270.0
-29318896.0	7499215.5
-33093924.0	13935402.0
-36702004.0	15413872.0
-28798780.0	10352611.0
-39864328.0	16031446.0
-44079992.0	16981396.0
-45218056.0	10040605.0
-42122712.0	11689459.0
-38937920.0	16054472.0
-31374870.0	7243838.5
-39026848.0	14520501.0
-27432460.0	7591399.5
-32660052.0	10067151.0
-65279368.0	15764559.0
-46571340.0	19605128.0
-33141324.0	6007550.5
-54219532.0	15114611.0
-68829456.0	15321768.0
-28238054.0	8639532.0
-48573084.0	16346304.0
-22232226.0	6845124.0
-41691236.0	12474511.0
-29295858.0	7483381.5
-44051432.0	12422012.0
-35968580.0	13449717.0
-64077904.0	17684498.0
-34150660.0	12760497.0
-33185348.0	7262350.5
-50604768.0	16340564.0
-44007576.0	11074110.0
-42182896.0	17147370.0
-94322560.0	22299326.0
-35308828.0	8567266.0
-62912020.0	23335582.0
-37128408.0	14716474.0
-42476912.0	10494012.0
-30424364.0	9751337.0
-38168992.0	11683101.0
-45202704.0	18143484.0
-59996296.0	14617458.0
-38281152.0	9176356.0
-59018400.0	17960932.0
-58097144.0	22331754.0
-40919084.0	9721360.0
-55552584.0	16076904.0
-48353484.0	14959989.0
-59651768.0	14653867.0
-60569820.0	15506427.0
-75275296.0	31861202.0
-40317928.0	9815342.0
-64090736.0	17786766.0
-42374184.0	14776196.0
-60238256.0	16718981.0
-52414732.0	19937196.0
-69337216.0	18422724.0
-32351150.0	8188350.5
-71329632.0	24632312.0
-32108890.0	6543207.0
-66758688.0	19886980.0
-47092796.0	13040730.0
-63785568.0	18298008.0
-53179684.0	15333964.0
-50655604.0	21395436.0
-36643408.0	13902853.0
-55909640.0	15199184.0
-36721588.0	10819222.0
-73593056.0	18416178.0
-59600296.0	21721514.0
-91552896.0	27441184.0
-36213424.0	13786235.0
-69665688.0	19662804.0
-33772832.0	6846027.5
-44010436.0	12718671.0
-40184112.0	16567715.0
-81265344.0	21063586.0
-40512728.0	16258925.0
-72348544.0	22962446.0
-36314836.0	15831951.0
-72744016.0	24862864.0
-45897008.0	13776308.0
-62849168.0	16482355.0
-23631412.0	8814947.0
-60720720.0	20229664.0
-55252812.0	16145550.0
-46502216.0	15856634.0
-46457472.0	11861043.0
-64750368.0	15937641.0
-43182416.0	12160220.0
-66536080.0	29079096.0
-56779668.0	16367571.0
-56187584.0	13944132.0
-41879400.0	11631589.0
-59884684.0	18517012.0
-31181566.0	10742481.0
-51292668.0	12018202.0
-37505904.0	10425387.0
-59380836.0	20915424.0
-51903312.0	12536873.0
-58862360.0	20544604.0
-43725732.0	14958106.0
-57936220.0	17728652.0
-40336452.0	12959699.0
-56884720.0	20551886.0
-29277370.0	6839075.5
-53160600.0	17893312.0
-23611938.0	9912877.0
-55644624.0	16651393.0
-39773168.0	10461445.0
-50100004.0	13111969.0
-27993536.0	8019466.5
-76991160.0	20915970.0
-29628242.0	8052663.0
-62318432.0	25643840.0
-39766356.0	14659174.0
-56624712.0	18190382.0
-35770612.0	9934695.0
-56568680.0	14419723.0
-65227772.0	18099544.0
-45548236.0	15746931.0
-55541008.0	13736392.0
-43065624.0	14147211.0
-41188912.0	13839001.0
-53698076.0	12028184.0
-55912196.0	11946237.0
-52308264.0	20671366.0
-63635144.0	20353610.0
-55851864.0	21391990.0
-44750376.0	10795952.0
-41861320.0	16220481.0
-76097920.0	25656512.0
-51879624.0	13365149.0
-57094788.0	22418686.0
-67649440.0	26774244.0
-42641792.0	9464163.0
-60883376.0	23133404.0
-52479312.0	23114876.0
-55984320.0	14304812.0
-59890264.0	16346913.0
-64418872.0	21830304.0
-41097224.0	9548318.0
-43646488.0	21713790.0
-25492848.0	7247517.5
-52615368.0	15733537.0
-33702184.0	15665709.0
-61198608.0	14343245.0
-73016808.0	18221054.0
-47086228.0	21017604.0
-35861556.0	8607927.0
-65097152.0	19459842.0
-62195840.0	22277980.0
-37744044.0	11357074.0
-38012896.0	13538993.0
-64812812.0	15891655.0
-82630656.0	24302868.0
-60173692.0	16278270.0
-61487392.0	15838831.0
-60444572.0	15430730.0
-43425400.0	17928236.0
-68638072.0	21146880.0
-48951772.0	17148644.0
-66304756.0	20708480.0
-54856984.0	20975804.0
-56532276.0	12872601.0
-47451036.0	14373223.0
-60316360.0	22364396.0
-50822124.0	14213697.0
-61734272.0	17931368.0
-57893708.0	14416411.0
-87867872.0	34632624.0
-65646016.0	21341214.0
-61535436.0	15676289.0
-53906720.0	16718553.0
-57338896.0	12167295.0
-44432240.0	10899157.0
-75587504.0	28018766.0
-29117872.0	5472342.0
-70233168.0	30012796.0
-57771864.0	20939780.0
-61358760.0	15056400.0
-57364616.0	18964044.0
-49872744.0	14862209.0
-39470296.0	10858363.0
-35081360.0	10867501.0
-44643412.0	12349159.0
-71449080.0	18827592.0
-45215088.0	14370495.0
-65338264.0	23303680.0
-33088954.0	11280023.0
-80062464.0	27361808.0
-76131472.0	19659904.0
-64833904.0	14297785.0
-66732072.0	18109732.0
-63787928.0	14502741.0
-30444486.0	8952491.0
-55412172.0	18228100.0
-38159648.0	9381977.0
-58582020.0	17999520.0
-46847076.0	10922799.0
-71975312.0	23106852.0
-63819784.0	18352830.0
-69184032.0	26198964.0
-38311244.0	10251019.0
-69768160.0	21509376.0
-45566824.0	13891635.0
-86398080.0	32694000.0
