-1.1229652166366577	8.859098434448242
5.497011184692383	3.7225866317749023
2.004667282104492	0.2916155457496643
-1.0539997816085815	-0.033315300941467285
-2.9229910373687744	6.420967102050781
3.416074514389038	11.19771671295166
-0.7905009984970093	0.597614049911499
-2.7224903106689453	12.598575592041016
-0.5830870866775513	-2.506014823913574
2.3268320560455322	3.999112606048584
-2.835221529006958	11.674939155578613
1.8139551877975464	6.8206682205200195
-2.6362640857696533	12.470090866088867
8.421117782592773	8.485597610473633
-0.6511331796646118	-2.180039405822754
-4.82948637008667	4.348384380340576
3.5781619548797607	7.387440204620361
1.2397117614746094	10.109516143798828
5.23684024810791	4.64807653427124
-3.0384767055511475	5.708939075469971
2.181692361831665	3.481083393096924
5.640693664550781	4.965150356292725
-0.3991955518722534	4.422411918640137
-1.1591107845306396	-0.029883980751037598
1.2970776557922363	8.441788673400879
3.8870255947113037	11.47681713104248
0.6361355185508728	2.113337993621826
-3.0220260620117188	13.698185920715332
2.4424288272857666	10.654704093933105
-4.911029815673828	4.4910197257995605
-0.856075644493103	12.520634651184082
1.639945387840271	10.235815048217773
8.170037269592285	5.487809181213379
-4.960085391998291	5.717951774597168
5.45660400390625	8.669635772705078
0.28037405014038086	7.784491539001465
6.939098834991455	10.913371086120605
5.701436996459961	7.580359935760498
-0.6213554739952087	7.8956098556518555
8.246460914611816	7.900153160095215
-0.9454331398010254	-0.9396665096282959
1.2025864124298096	11.289244651794434
-4.150420188903809	1.381629467010498
-3.3511619567871094	5.60947322845459
-2.690687894821167	8.052887916564941
-3.733051061630249	6.647176742553711
0.8653402328491211	8.977121353149414
0.40005362033843994	8.249629020690918
-1.210506558418274	7.008067607879639
-2.468080520629883	12.039676666259766
-2.188217878341675	8.262779235839844
5.729931831359863	4.565464496612549
-4.969324111938477	3.516685962677002
-0.1772986501455307	5.118664741516113
-1.5695773363113403	3.9608378410339355
0.34673845767974854	10.299354553222656
5.799942970275879	4.0435566902160645
-3.066662549972534	5.872236251831055
1.1170363426208496	4.610730171203613
-1.0240551233291626	-0.19499683380126953
3.019954204559326	2.420215606689453
1.1636048555374146	4.673882961273193
6.648903846740723	10.126559257507324
5.496509075164795	7.80009651184082
2.8782989978790283	2.499934673309326
0.0026934295892715454	8.293878555297852
7.122594356536865	8.764610290527344
-2.082890272140503	1.3376080989837646
4.622248649597168	0.5119409561157227
5.361961364746094	8.28864860534668
3.569770097732544	7.682274341583252
-4.830696105957031	3.807251453399658
-0.7032693028450012	-2.4659366607666016
7.678508281707764	9.637419700622559
-2.8089592456817627	10.906211853027344
5.211681365966797	5.469761848449707
3.314835548400879	7.548350811004639
-1.202194333076477	-0.027142763137817383
-1.3296024799346924	1.4832483530044556
-5.1737565994262695	4.713865756988525
1.4027150869369507	7.436302661895752
5.516029357910156	6.439441204071045
4.25973653793335	11.257918357849121
8.588395118713379	7.430295944213867
-4.461010456085205	1.1545599699020386
0.8548586368560791	9.214339256286621
-2.4350669384002686	7.707466125488281
-3.170837640762329	7.03316593170166
5.405096054077148	2.884004592895508
1.647523283958435	3.082430362701416
8.776442527770996	7.873919486999512
-5.313187599182129	4.084893226623535
1.6888283491134644	1.5842379331588745
7.488029956817627	9.569001197814941
0.6995294094085693	9.313406944274902
5.83473014831543	6.091603755950928
-5.020535945892334	2.7711710929870605
1.444724678993225	10.077807426452637
-2.8254446983337402	9.376144409179688
-1.03085458278656	-1.7115205526351929
0.8674243688583374	5.572851181030273
-4.7887349128723145	3.2520670890808105
-0.6339201927185059	-2.161332130432129
-4.903979778289795	2.7617368698120117
-0.5035192966461182	-2.111532688140869
-1.085502028465271	1.1395107507705688
7.117347717285156	8.843549728393555
-2.5312137603759766	11.86408519744873
5.140567779541016	1.3071978092193604
4.476169586181641	9.1785306930542
-3.497159481048584	6.3349714279174805
-2.37870454788208	13.053271293640137
-0.780627429485321	-1.5161973237991333
-1.3152562379837036	1.5015205144882202
6.031781196594238	4.517341613769531
1.1695926189422607	3.342195510864258
-4.191231727600098	7.488342761993408
4.220365524291992	11.918301582336426
5.27098274230957	2.253793954849243
5.7829413414001465	6.0024590492248535
2.0218136310577393	10.546563148498535
5.974006652832031	3.6515088081359863
4.329331398010254	7.594424724578857
-5.026950836181641	3.2250990867614746
-0.6852390766143799	-3.2728400230407715
1.1748147010803223	10.591756820678711
7.709715366363525	8.251581192016602
2.4901673793792725	4.5177812576293945
-0.9257651567459106	1.7512370347976685
6.239672660827637	11.260055541992188
-2.673109531402588	10.43515682220459
1.7480467557907104	5.160179615020752
0.4190160632133484	4.312689304351807
-4.534816741943359	5.783825397491455
-1.0234017372131348	3.0101280212402344
-3.047602891921997	12.069657325744629
-2.2751903533935547	9.610114097595215
-1.7161973714828491	7.772655010223389
0.2971378564834595	9.618672370910645
2.270390272140503	5.2040605545043945
-3.3333263397216797	1.0288829803466797
-4.963418006896973	4.907531261444092
3.194899559020996	3.040464401245117
3.807424783706665	10.676945686340332
0.654644787311554	6.90731143951416
0.43381285667419434	8.900296211242676
2.326176881790161	8.85325813293457
7.704126358032227	10.344595909118652
0.37904369831085205	5.020685195922852
-3.0058231353759766	12.019857406616211
1.7824691534042358	6.238254547119141
8.713123321533203	6.876882553100586
-0.628160834312439	-0.7725344896316528
-2.9166953563690186	5.450626373291016
-3.617220878601074	4.632183074951172
8.647305488586426	9.00552749633789
5.356265544891357	1.6255110502243042
-2.2055957317352295	11.830926895141602
-2.200133800506592	1.3665579557418823
4.0770182609558105	10.718892097473145
1.568813443183899	8.732274055480957
4.09199333190918	9.790785789489746
-2.546940326690674	5.568300724029541
1.6787525415420532	6.274353981018066
1.730389952659607	4.209192276000977
7.764857769012451	10.940685272216797
2.1269328594207764	3.6535658836364746
-3.689995527267456	6.668633460998535
-3.2244598865509033	6.4110212326049805
5.68621826171875	7.385435104370117
-3.5644707679748535	5.865471839904785
4.219240665435791	11.80496883392334
-4.806825160980225	4.756379127502441
0.5336225628852844	8.63753604888916
-0.6767968535423279	-2.0884299278259277
0.878760576248169	10.186622619628906
-4.035738945007324	6.302091598510742
-1.3536183834075928	1.468336582183838
3.0653083324432373	5.039958953857422
-2.4308245182037354	12.474211692810059
2.657984972000122	4.430389881134033
-2.977557897567749	11.40620231628418
-1.080400824546814	9.274352073669434
-3.8460888862609863	6.631474018096924
-0.7659757137298584	-1.1716160774230957
-5.265947341918945	4.238813400268555
7.338176250457764	7.274858474731445
4.558167934417725	10.67991828918457
2.4038102626800537	8.048151969909668
4.006878852844238	12.477210998535156
4.376822471618652	8.302103042602539
1.6170426607131958	7.995337009429932
5.689325332641602	3.6447834968566895
-4.956370830535889	3.8250341415405273
1.9249467849731445	3.4117493629455566
-4.2921223640441895	6.554396152496338
-4.831627368927002	3.6032700538635254
1.5713810920715332	8.278697967529297
-0.9059374332427979	10.302996635437012
3.786288261413574	11.07679271697998
-0.846097469329834	0.930692195892334
-1.1948477029800415	0.5514332056045532
1.786348581314087	10.54012680053711
-3.024627208709717	12.059365272521973
7.774393081665039	9.202383995056152
-1.2377769947052002	0.6278751492500305
5.291463851928711	2.1631808280944824
-2.1775333881378174	10.55992603302002
-1.0854401588439941	1.1281797885894775
5.758855819702148	2.709408760070801
4.246087551116943	1.0786383152008057
-1.1569387912750244	1.1989657878875732
-3.8732106685638428	2.9830851554870605
4.47371768951416	10.993330955505371
-5.5176615715026855	3.30322265625
-2.923264741897583	11.871459007263184
4.879223823547363	3.401125431060791
1.936125636100769	2.8959450721740723
7.8873138427734375	8.045631408691406
0.01614953577518463	9.77187728881836
4.177497863769531	8.065625190734863
9.297748565673828	8.537419319152832
1.1221047639846802	3.8564109802246094
-4.83213996887207	4.427043914794922
1.1515787839889526	7.18912935256958
1.8337372541427612	10.701560020446777
-3.337265968322754	5.786276817321777
-2.140615701675415	5.789071559906006
-1.6598840951919556	7.824526786804199
5.696746826171875	2.754183292388916
-4.806313991546631	2.446798801422119
-1.0681045055389404	0.49856895208358765
4.9487833976745605	2.7490181922912598
3.813990592956543	9.479301452636719
5.054773330688477	2.975944995880127
-3.0676701068878174	10.98535442352295
0.12944342195987701	9.078343391418457
2.2346982955932617	1.9612470865249634
8.324545860290527	7.140702247619629
-0.9109572172164917	10.496910095214844
0.07520057260990143	7.483211994171143
8.60412883758545	4.810277462005615
-1.4945374727249146	12.610480308532715
-4.517997741699219	3.2383193969726562
-0.9999833106994629	12.881484031677246
1.5571073293685913	10.977200508117676
4.393352508544922	0.4094104766845703
-2.180776596069336	4.905537128448486
-0.6145169734954834	1.4169026613235474
5.585324287414551	2.061197280883789
-0.19672690331935883	12.212449073791504
-1.2084470987319946	1.4787189960479736
4.4332780838012695	9.609659194946289
4.0183281898498535	9.656591415405273
-0.7895066738128662	8.729964256286621
-2.3788344860076904	11.739998817443848
4.904841423034668	7.314797878265381
2.2202043533325195	3.3233327865600586
-4.343757152557373	1.689597725868225
-0.7810266017913818	10.451891899108887
4.3497724533081055	1.2232776880264282
8.668956756591797	7.067627429962158
4.997841835021973	5.494491100311279
-4.928330421447754	3.965420722961426
-0.14787454903125763	3.48958158493042
1.6920440196990967	11.749898910522461
0.8144980072975159	8.171708106994629
-3.129328966140747	5.3397016525268555
2.34812331199646	8.473491668701172
-1.0633403062820435	-0.44389474391937256
-0.4837363362312317	-3.9340438842773438
2.0457353591918945	3.641645908355713
0.22388209402561188	2.93363618850708
-0.5607490539550781	10.308075904846191
4.99427604675293	6.920661449432373
2.270124673843384	2.996229648590088
-0.6289794445037842	-2.786654472351074
3.92657470703125	9.87818431854248
1.8453022241592407	7.473050117492676
-2.410597085952759	10.269309043884277
-3.205073595046997	5.519503593444824
-2.6462297439575195	10.21826457977295
-2.315889596939087	4.20339298248291
6.006549835205078	3.718380928039551
-1.2205543518066406	7.8910017013549805
-2.3541786670684814	5.3675079345703125
6.62368106842041	12.604279518127441
-0.36153531074523926	9.168228149414062
-4.804876327514648	1.8914419412612915
1.9985545873641968	2.7600507736206055
-0.8408045768737793	-0.5529587268829346
-2.3868656158447266	10.239810943603516
1.8965119123458862	6.389763832092285
6.095090866088867	5.172419548034668
1.8025223016738892	3.19964599609375
2.046663522720337	8.705500602722168
5.567950248718262	2.9872708320617676
2.3448398113250732	2.4154443740844727
-2.9081637859344482	12.815265655517578
9.174219131469727	9.176483154296875
1.2679500579833984	8.77950382232666
-4.676589012145996	3.480863094329834
7.492640018463135	9.760746955871582
6.089145183563232	5.443302631378174
-4.171382904052734	2.674884796142578
-4.374942302703857	3.5307369232177734
-0.478904128074646	9.242758750915527
-4.533172130584717	2.7816758155822754
4.030984878540039	9.970621109008789
-1.0204187631607056	-1.1905511617660522
-0.6470822691917419	-2.328845500946045
8.926762580871582	6.776829719543457
1.2125002145767212	11.614376068115234
-2.3121726512908936	5.8846659660339355
2.143982410430908	1.911116361618042
-1.2184334993362427	0.5570288896560669
-1.1585369110107422	6.473443031311035
4.063781261444092	9.020939826965332
2.5544960498809814	7.863681316375732
-2.7426016330718994	6.394036769866943
5.730956077575684	4.89279842376709
-2.4532761573791504	10.042215347290039
-1.6299004554748535	3.8694963455200195
8.747857093811035	5.737548351287842
-2.3010079860687256	7.768193244934082
3.9434802532196045	10.074895858764648
5.585824966430664	3.027070999145508
-2.8268442153930664	10.498591423034668
1.034472942352295	12.19124984741211
2.3350775241851807	3.0626630783081055
-2.0606420040130615	8.820815086364746
8.317482948303223	6.846215724945068
-0.09158049523830414	7.616788864135742
1.5702794790267944	10.376043319702148
-0.44162553548812866	4.781886100769043
0.49086499214172363	8.147586822509766
1.3883165121078491	2.9577889442443848
-3.853231191635132	3.4957590103149414
2.336958169937134	1.561663269996643
3.9224917888641357	9.520530700683594
-1.9345771074295044	4.879274845123291
-2.367187261581421	11.106207847595215
0.37277835607528687	4.177138328552246
2.425286293029785	9.015890121459961
-0.9678796529769897	4.148212432861328
-1.183192253112793	0.5497948527336121
-1.758128046989441	8.50903034210205
4.103138446807861	8.621246337890625
2.520573854446411	12.694643020629883
-4.169730186462402	2.3942856788635254
-2.01981520652771	5.84348201751709
-1.242552399635315	1.2049750089645386
1.6176270246505737	11.166435241699219
-4.724956512451172	3.2710137367248535
0.8199928402900696	3.318094253540039
-1.1828147172927856	1.2672227621078491
-2.502908706665039	7.206973075866699
-1.280083417892456	1.8499560356140137
-0.5921531915664673	-1.3847455978393555
5.840244293212891	3.3279495239257812
4.167869567871094	8.189483642578125
-2.601376533508301	11.370951652526855
-1.2022725343704224	5.575160503387451
2.0189294815063477	3.261622905731201
0.5199985504150391	3.629988193511963
3.9692139625549316	9.056120872497559
-0.753818154335022	-2.0830163955688477
8.832158088684082	6.510021209716797
1.6432315111160278	8.502730369567871
1.5342251062393188	3.0618319511413574
-3.8419713973999023	2.3748297691345215
-4.30285120010376	3.5167665481567383
2.1984915733337402	2.324181079864502
1.922507643699646	2.6399784088134766
-3.0898032188415527	8.751959800720215
4.146599292755127	10.289896965026855
1.521583080291748	7.18656587600708
-4.541670799255371	4.478900909423828
4.379975318908691	8.717272758483887
1.94753897190094	3.46921968460083
3.3206000328063965	2.51594877243042
4.0156779289245605	11.065464973449707
-1.061995029449463	1.2155059576034546
-3.0672574043273926	6.397369384765625
-0.445784330368042	7.55001163482666
4.266613006591797	11.743962287902832
0.6138110160827637	10.408120155334473
-4.51528787612915	2.9967904090881348
7.070927619934082	6.878771781921387
-2.538224220275879	6.221468925476074
3.912757158279419	9.374031066894531
2.523658514022827	10.0675687789917
-1.4721932411193848	10.29063892364502
1.62102210521698	10.042344093322754
-0.19684304296970367	-0.08908569812774658
8.822196006774902	6.5896501541137695
0.39896494150161743	7.155264854431152
-1.2056134939193726	0.053363949060440063
-0.6038774847984314	-2.4580588340759277
6.546513080596924	6.731353759765625
4.131979942321777	8.639464378356934
8.095778465270996	6.5463151931762695
1.3709114789962769	2.5702338218688965
-0.08982406556606293	8.865596771240234
-0.002581581473350525	9.632344245910645
-2.304328441619873	10.044958114624023
-0.3323764204978943	0.021345317363739014
0.10008646547794342	8.405167579650879
-0.6725422143936157	-1.9234594106674194
-2.198700189590454	6.133031368255615
4.381346702575684	8.25068187713623
-5.0377116203308105	3.6775918006896973
0.31049013137817383	2.6620798110961914
2.0071003437042236	2.49973726272583
1.6823698282241821	7.435550689697266
1.4609538316726685	10.266006469726562
-0.9474272727966309	2.0881385803222656
-0.5104466676712036	8.965872764587402
1.6256039142608643	5.12861967086792
-3.354149341583252	6.11621618270874
-2.5652215480804443	5.949766159057617
9.029549598693848	8.42966365814209
-4.400630950927734	1.2840113639831543
-2.7420759201049805	6.151815414428711
-4.452625274658203	7.696807384490967
-1.9652327299118042	10.837170600891113
-5.78078031539917	5.383036136627197
6.478121757507324	7.496617794036865
-3.148763418197632	6.010523796081543
6.001547336578369	3.5014429092407227
6.589648246765137	6.199162483215332
8.99025821685791	7.912201404571533
3.3703627586364746	5.957192420959473
-2.725041627883911	10.16322135925293
-0.1763664036989212	2.620847702026367
5.903270721435547	2.986750602722168
-3.077846050262451	2.5552926063537598
0.0077829509973526	9.443760871887207
1.421526551246643	4.276275157928467
2.042593002319336	10.32239818572998
6.053457260131836	5.3954386711120605
-3.13165545463562	5.286710739135742
3.1255431175231934	3.0494918823242188
-1.2653530836105347	-0.1668018102645874
1.8405884504318237	4.767479419708252
1.9010518789291382	10.87471866607666
-2.0294954776763916	2.385416030883789
-1.139877438545227	0.15674304962158203
2.9443914890289307	8.81000804901123
8.68187427520752	7.869008541107178
-0.39696168899536133	0.22764018177986145
5.96571683883667	6.480249881744385
-1.6587073802947998	11.68931770324707
5.78213357925415	2.995605945587158
-0.5616365671157837	-3.081820487976074
-1.2394707202911377	-0.11307913064956665
1.865310788154602	7.304690361022949
3.2009167671203613	8.593650817871094
5.804721832275391	3.3464088439941406
-2.4544577598571777	10.419846534729004
-1.9700993299484253	6.076875686645508
2.6259734630584717	1.9479546546936035
6.301746368408203	4.848179340362549
0.20204950869083405	8.386441230773926
5.84178352355957	3.308135509490967
9.204867362976074	8.173584938049316
-0.6320458650588989	-3.1215062141418457
-5.534748554229736	3.469282627105713
-2.628481864929199	1.0908303260803223
2.9211483001708984	9.285221099853516
-0.17563040554523468	-0.22892016172409058
-3.8995048999786377	6.717784881591797
3.3870391845703125	5.507801055908203
5.854900360107422	3.6761317253112793
-0.06902991235256195	8.495826721191406
-1.0052796602249146	-1.3287590742111206
3.9728617668151855	7.760220527648926
2.8596084117889404	9.328051567077637
-3.5268704891204834	8.860442161560059
-2.8137590885162354	11.382513999938965
0.6522796750068665	10.956181526184082
2.661111831665039	2.5820422172546387
-0.8345910310745239	5.56882381439209
-4.830528259277344	3.6805014610290527
-0.5193682909011841	-2.850128650665283
2.834538221359253	9.662342071533203
-2.146117687225342	11.93093204498291
-3.5757017135620117	5.805387020111084
7.1134867668151855	7.817770004272461
5.460678577423096	2.117583751678467
-2.885380983352661	11.739749908447266
-1.2081114053726196	-0.6859265565872192
-1.0778385400772095	1.2973086833953857
1.3392994403839111	7.781599998474121
5.682470321655273	3.766495704650879
-1.9075983762741089	12.7817964553833
1.4305059909820557	8.834875106811523
-4.586734771728516	2.6215357780456543
7.348443031311035	8.017852783203125
2.542600393295288	9.370309829711914
-0.2734363079071045	6.079570770263672
-2.5519444942474365	5.4163665771484375
0.050991252064704895	4.816490173339844
2.687954902648926	8.534699440002441
0.0780273824930191	9.735438346862793
-5.364302158355713	3.660586357116699
7.173494815826416	4.737005233764648
-1.2155083417892456	0.016372203826904297
-1.3003629446029663	0.3834863603115082
-2.2430241107940674	11.521098136901855
-0.7671160697937012	-1.8601595163345337
-5.290412902832031	3.7677831649780273
-1.1191743612289429	10.886581420898438
0.7313008308410645	9.504327774047852
-1.0696146488189697	7.531466960906982
3.789482593536377	10.434571266174316
1.050123929977417	7.623288154602051
1.6233900785446167	9.361761093139648
-1.8515726327896118	7.747130393981934
6.256410121917725	6.0567498207092285
-2.814263343811035	6.715620040893555
-5.017185211181641	4.856838703155518
-5.6573967933654785	3.534965991973877
-0.47254371643066406	8.850724220275879
5.3882551193237305	2.003479480743408
-3.826803684234619	6.75454044342041
6.055970191955566	3.6828503608703613
5.7084245681762695	5.449528217315674
3.7840464115142822	13.249068260192871
-2.9503097534179688	7.894614219665527
2.956857442855835	6.586817741394043
3.4982545375823975	4.096959114074707
0.3099867105484009	10.761858940124512
-1.1697229146957397	-0.6814627647399902
7.368499755859375	7.51043176651001
-0.9712896347045898	0.22466152906417847
8.313613891601562	5.731127738952637
-0.09264074265956879	10.26427173614502
-0.8053539395332336	-2.111337184906006
2.5286741256713867	11.290423393249512
-1.3465992212295532	7.194652557373047
1.7808029651641846	3.484156608581543
5.565186500549316	8.039481163024902
-0.30206215381622314	7.533400535583496
-0.9846230745315552	9.785841941833496
2.423039674758911	10.290335655212402
-1.9269829988479614	9.898763656616211
4.178041934967041	7.3834099769592285
3.462310314178467	10.328507423400879
-2.778228521347046	9.628290176391602
-2.8641293048858643	5.896378517150879
3.4028751850128174	8.311634063720703
1.1510791778564453	6.585080146789551
-0.9557629823684692	-0.6818488836288452
-0.705154299736023	12.40080738067627
2.826749324798584	9.454489707946777
-1.0205950736999512	1.8181196451187134
-3.2404425144195557	11.128989219665527
3.2637128829956055	6.451389312744141
2.37471866607666	10.217949867248535
-4.358528137207031	1.144569754600525
-2.38997483253479	10.216124534606934
-4.809544563293457	1.8655779361724854
2.581916093826294	8.05135726928711
1.8223094940185547	2.69771671295166
7.7140793800354	10.912508964538574
-2.307305335998535	5.064829349517822
-5.000560283660889	2.4244632720947266
2.1552159786224365	7.3924078941345215
2.7074806690216064	3.9456491470336914
3.368117094039917	12.135602951049805
2.071984052658081	10.562004089355469
-0.5405396819114685	-0.07448983192443848
-1.2464643716812134	0.004835367202758789
-1.681545615196228	6.629404067993164
1.827451467514038	7.2848100662231445
-0.1831836849451065	2.9651637077331543
6.078830242156982	4.6385602951049805
5.652627468109131	6.247756004333496
0.9765841364860535	7.9183502197265625
-3.198117256164551	5.875783443450928
-2.4824841022491455	10.56160831451416
5.339448928833008	4.6413373947143555
-3.7595620155334473	6.097102165222168
3.1064491271972656	5.593427658081055
1.7809088230133057	2.970180034637451
-3.7694413661956787	0.46147024631500244
-1.1889089345932007	-0.5999108552932739
-1.4443031549453735	3.456836223602295
-1.8589459657669067	6.840716361999512
0.20497338473796844	4.595101356506348
3.649031400680542	8.791090965270996
8.46004867553711	6.129014015197754
-1.1996108293533325	0.05618897080421448
2.3464527130126953	9.662925720214844
-3.5336551666259766	6.019870758056641
6.068370819091797	4.7226972579956055
6.43930721282959	10.46591854095459
8.094285011291504	7.876420974731445
-4.614913463592529	3.423192024230957
-3.009725332260132	5.9204511642456055
-1.000426173210144	4.516668319702148
1.916977047920227	8.782421112060547
5.99090576171875	5.73223876953125
-0.4401511549949646	-4.276483058929443
2.5817553997039795	4.587467193603516
2.3909595012664795	3.0025224685668945
6.702862739562988	8.31742000579834
-3.0310685634613037	2.9969825744628906
-1.3099443912506104	0.6020201444625854
-0.9503116607666016	5.819414138793945
-4.667313098907471	2.4101457595825195
5.732049942016602	2.899975299835205
-2.8560898303985596	10.541789054870605
4.1602325439453125	10.400288581848145
2.5579700469970703	7.6523637771606445
1.698711633682251	4.2357025146484375
-4.939763069152832	2.5503530502319336
-0.5887401103973389	-2.098236083984375
2.3312580585479736	7.024211406707764
-1.6131857633590698	12.661816596984863
-2.4290690422058105	6.398999214172363
0.5473873615264893	10.898439407348633
5.593832015991211	10.427862167358398
-4.931135654449463	3.301198959350586
0.1666973978281021	9.630398750305176
-3.261168956756592	7.3652801513671875
3.4113922119140625	9.061604499816895
0.6574252843856812	7.31674861907959
-2.947157859802246	11.066123008728027
4.43217134475708	5.8241071701049805
-0.6709379553794861	5.9168500900268555
-5.5147905349731445	3.3206868171691895
5.424813747406006	6.272642135620117
-4.284796237945557	1.2645865678787231
1.823262333869934	12.707499504089355
-4.434472560882568	1.970829963684082
-0.6571189165115356	-1.2638424634933472
-0.6201893091201782	-1.6429051160812378
5.8564252853393555	4.464969635009766
-5.299621105194092	3.054337978363037
-4.023379325866699	7.466876029968262
3.729304552078247	10.004712104797363
-2.4520645141601562	12.09080982208252
-3.6341805458068848	1.8459199666976929
-2.441802740097046	12.615277290344238
2.6827309131622314	5.828614234924316
1.9990272521972656	2.4412312507629395
-0.892202615737915	-2.184359550476074
7.895086288452148	9.747645378112793
3.5003883838653564	8.475691795349121
-5.400129318237305	4.0671467781066895
-0.5273686647415161	8.912959098815918
-0.9478567838668823	7.121389865875244
-5.297324180603027	2.6505212783813477
2.0055484771728516	3.6720099449157715
6.018242359161377	7.066864490509033
-0.46846628189086914	5.5952534675598145
8.847405433654785	6.263862609863281
-2.112431764602661	10.444376945495605
5.2562713623046875	6.767891883850098
0.8165932297706604	4.8637213706970215
5.287199974060059	3.0795888900756836
2.21455454826355	3.921936511993408
3.8450381755828857	9.995079040527344
6.390634536743164	11.644548416137695
5.529626846313477	3.865934371948242
5.774675369262695	7.055079936981201
5.237394332885742	3.1486010551452637
5.928675174713135	4.804837226867676
-0.3057699203491211	11.343602180480957
-1.3290116786956787	1.8512636423110962
7.027439594268799	10.755849838256836
4.025548934936523	9.336626052856445
3.5152289867401123	4.9540114402771
-2.653360605239868	11.56323528289795
-0.18635965883731842	-0.8137427568435669
1.5512837171554565	3.577913284301758
-0.8517627716064453	-1.0073254108428955
0.4776517152786255	9.957252502441406
2.2377257347106934	2.8499836921691895
9.032256126403809	7.48267936706543
1.3610379695892334	0.9310104846954346
-5.353083610534668	4.09778356552124
3.780064344406128	8.646437644958496
1.2371801137924194	9.266678810119629
-4.625948905944824	1.3083453178405762
-3.4312407970428467	7.766354560852051
3.6471333503723145	7.479661464691162
5.497961044311523	4.87796688079834
-0.3739144802093506	8.727883338928223
-1.5317808389663696	1.8160563707351685
0.8521991968154907	3.481419563293457
4.034682750701904	10.823678970336914
1.2283899784088135	8.251822471618652
-2.8574979305267334	10.483843803405762
1.997613787651062	5.098785400390625
1.7868216037750244	3.3819994926452637
-0.9324179887771606	0.8176252245903015
-0.8485997915267944	9.298792839050293
2.8068625926971436	2.956611156463623
9.060866355895996	7.621022701263428
5.71977424621582	3.279214859008789
-4.7101640701293945	3.9924607276916504
-1.7659790515899658	6.1008758544921875
1.6482906341552734	8.932229042053223
1.4317914247512817	2.017580032348633
-3.992384195327759	7.535900592803955
1.7993131875991821	8.846081733703613
5.5441436767578125	3.6453170776367188
-0.6089982986450195	-0.8311668634414673
-1.2325040102005005	0.9579804539680481
4.668952465057373	10.40856647491455
3.7999508380889893	11.041216850280762
4.273074150085449	8.064663887023926
-2.1348118782043457	11.848223686218262
4.158656120300293	11.73230266571045
2.6602303981781006	3.8210906982421875
-2.1051971912384033	3.2043943405151367
0.18541397154331207	11.258435249328613
-1.5668319463729858	4.3712873458862305
8.664079666137695	8.052196502685547
-0.7307507991790771	7.635100364685059
-4.782029628753662	4.256772518157959
-5.711221694946289	3.6613240242004395
1.1167290210723877	8.84449291229248
0.8904174566268921	8.79002571105957
-3.4053475856781006	6.80246639251709
-4.3935418128967285	1.4705524444580078
2.2409861087799072	3.564027786254883
-2.0734941959381104	8.225860595703125
-1.8190548419952393	10.8980712890625
4.402268409729004	8.489344596862793
6.004986763000488	4.050473690032959
0.6263923645019531	11.900110244750977
8.81151294708252	7.670394420623779
0.7489461302757263	6.334290504455566
8.152891159057617	9.317051887512207
-0.4671565294265747	-3.4277515411376953
8.456981658935547	8.65043830871582
1.5117982625961304	7.784586429595947
-1.8733500242233276	5.908891677856445
1.9858280420303345	1.8149464130401611
6.208284854888916	5.4296698570251465
-1.6345322132110596	4.5871758460998535
6.137709617614746	6.499965667724609
1.8053282499313354	5.871517181396484
-1.2028605937957764	-0.10837405920028687
-1.5408843755722046	9.74498176574707
0.41611582040786743	4.873950004577637
-4.038862228393555	2.879201889038086
0.09891606867313385	10.229565620422363
-1.7150336503982544	11.93040943145752
-4.7938456535339355	4.691586971282959
1.2950645685195923	2.1391091346740723
-3.0760321617126465	7.406612396240234
2.255183458328247	14.149222373962402
1.6774502992630005	10.993558883666992
3.279606342315674	11.64069652557373
8.885149002075195	8.366355895996094
-2.2797350883483887	9.567645072937012
1.8559082746505737	9.94311809539795
8.323321342468262	5.773293495178223
-3.358391761779785	8.147736549377441
-4.426312446594238	6.592007637023926
-1.3398436307907104	1.3440219163894653
1.4790695905685425	11.691174507141113
-2.627962112426758	11.00658130645752
0.5734606981277466	6.818464279174805
1.6803843975067139	11.838775634765625
5.916299819946289	0.606605052947998
0.08924664556980133	10.550801277160645
-2.8957056999206543	8.872328758239746
-5.119366645812988	3.2295947074890137
4.134694576263428	8.243708610534668
0.4441397190093994	9.022116661071777
5.601687908172607	8.054718971252441
1.2544493675231934	11.579386711120605
-1.4551008939743042	3.9754104614257812
-1.2112650871276855	0.6964919567108154
-0.91280198097229	-0.113955557346344
6.124508857727051	5.194310665130615
1.0426701307296753	3.019902229309082
-1.255778193473816	0.9238190650939941
1.9464412927627563	9.019041061401367
8.622513771057129	8.044230461120605
-3.8632290363311768	1.4574673175811768
5.927967071533203	3.612727165222168
2.226189136505127	5.171683311462402
-2.491708517074585	10.770464897155762
5.470381736755371	1.9714850187301636
1.6728689670562744	11.506084442138672
2.2228338718414307	9.168305397033691
-3.2136218547821045	6.6213297843933105
7.793824672698975	10.145491600036621
-5.022227764129639	4.387951850891113
1.7989360094070435	6.5082550048828125
2.0402865409851074	3.682650089263916
-4.817245006561279	2.1075801849365234
-0.4981710910797119	9.872920989990234
-1.8620415925979614	6.788422584533691
4.377988338470459	7.838128566741943
8.006479263305664	9.056519508361816
-5.430347919464111	4.734025955200195
2.377291202545166	1.1406164169311523
-0.5516301393508911	9.724738121032715
-2.6074371337890625	7.74201774597168
4.451489448547363	8.756508827209473
-2.891845941543579	6.247515678405762
-1.1550980806350708	0.2807585895061493
7.678131580352783	10.902134895324707
-1.2694653272628784	10.873394966125488
-3.5813066959381104	6.199069976806641
2.5865225791931152	11.642868041992188
4.588710784912109	10.807351112365723
-0.3946211338043213	9.882279396057129
8.66685962677002	8.175600051879883
1.8780533075332642	11.155925750732422
5.177350044250488	1.8813971281051636
-5.005965232849121	3.8066983222961426
-4.11283016204834	2.310805320739746
-1.1194250583648682	1.630918264389038
-2.542337417602539	4.772799015045166
2.0665762424468994	10.303285598754883
-4.6582841873168945	1.8064311742782593
6.324986457824707	6.490058898925781
-0.2034153789281845	6.409049987792969
-2.3994388580322266	6.833239555358887
2.918536901473999	0.4636467695236206
7.968321323394775	10.248698234558105
4.150904178619385	8.908257484436035
1.7130175828933716	11.494860649108887
-0.5449961423873901	7.44454288482666
-1.1892231702804565	1.0597732067108154
1.8764597177505493	3.2142348289489746
-1.2194868326187134	0.5657382011413574
1.298146367073059	8.066895484924316
-0.5101813077926636	10.410754203796387
-0.8986889123916626	-1.657929539680481
-5.241547107696533	3.7075605392456055
-1.784887671470642	11.806763648986816
8.60902214050293	8.675395965576172
-0.5522671341896057	4.545068264007568
0.1627732664346695	9.299816131591797
3.7087979316711426	7.133256912231445
0.13621319830417633	10.347987174987793
5.999990463256836	7.0907182693481445
2.6313867568969727	2.8447036743164062
2.2851390838623047	2.0669755935668945
6.1464152336120605	6.757610321044922
7.874837875366211	5.5031819343566895
2.6448721885681152	3.261356830596924
7.035583019256592	9.417201042175293
-4.9416022300720215	3.7471327781677246
1.4937249422073364	5.920830726623535
2.298839569091797	3.1215085983276367
-2.458751916885376	7.98230504989624
-2.0906267166137695	11.172611236572266
2.3412864208221436	5.20485782623291
5.837301254272461	6.242554664611816
6.031472206115723	4.426094055175781
-1.2538188695907593	11.06672191619873
3.89790940284729	9.527234077453613
4.588547229766846	8.344271659851074
-3.542158365249634	3.2555031776428223
2.0410115718841553	11.26667308807373
2.327118158340454	6.144190788269043
-1.6175733804702759	10.999178886413574
-3.6353018283843994	0.539709210395813
5.484160423278809	4.415152549743652
-0.762930154800415	0.49276161193847656
-1.0907630920410156	0.08499664068222046
5.998561382293701	4.971091270446777
3.917850971221924	8.914565086364746
-1.9899803400039673	13.176608085632324
-2.5828921794891357	12.477901458740234
0.7804572582244873	7.206395149230957
1.350055456161499	3.071507453918457
-2.3265812397003174	7.850820541381836
0.751776933670044	10.005290031433105
-5.659915447235107	3.7890563011169434
8.119922637939453	10.311205863952637
2.1172947883605957	1.9538744688034058
-5.562395095825195	4.340851306915283
-0.8902413845062256	4.641073226928711
0.6815370321273804	11.42756175994873
0.21968401968479156	9.229931831359863
-3.639759063720703	7.574793815612793
-3.8204076290130615	3.5586700439453125
5.598874092102051	4.635255813598633
-1.9894965887069702	13.282572746276855
-1.2265464067459106	0.10118052363395691
3.74928879737854	6.752859115600586
3.169114589691162	10.859321594238281
1.4466830492019653	6.392971038818359
-1.524173617362976	13.674849510192871
1.8436418771743774	5.488237380981445
2.4710752964019775	2.6405062675476074
-2.8348424434661865	7.1206769943237305
3.504757881164551	10.021157264709473
-1.7107495069503784	4.119713306427002
8.730528831481934	7.563614845275879
5.110320091247559	2.314614772796631
5.505304336547852	5.884138107299805
-4.711524963378906	3.076486587524414
-1.1604466438293457	0.35209423303604126
2.5890071392059326	3.0600523948669434
3.8053271770477295	11.81076717376709
-5.082359313964844	2.5443410873413086
-2.5303308963775635	13.263166427612305
7.879374027252197	3.5055880546569824
-5.38669490814209	4.485556125640869
-0.41472023725509644	7.1006975173950195
1.48945152759552	11.301065444946289
1.8949657678604126	2.486645221710205
0.5378745794296265	9.640874862670898
2.7709896564483643	12.550484657287598
4.062071800231934	10.866450309753418
-2.150588274002075	8.714127540588379
-1.0570415258407593	0.09129747748374939
-1.121189832687378	1.8918347358703613
1.1968384981155396	10.682377815246582
5.466289520263672	6.858048439025879
1.854228138923645	10.779284477233887
-0.8975478410720825	9.52636432647705
1.667209267616272	11.340130805969238
1.659047245979309	2.955122470855713
5.634900093078613	5.259409427642822
-4.506667137145996	2.189445972442627
-0.9838627576828003	4.707085609436035
-2.192760467529297	6.770554542541504
3.6715469360351562	9.922259330749512
-3.342529058456421	5.483254432678223
-3.7476518154144287	3.680161952972412
-4.718894004821777	3.8135714530944824
0.17305739223957062	6.984411239624023
-4.487790107727051	2.47233247756958
1.8126513957977295	2.670538902282715
3.4926249980926514	6.671477317810059
6.547278881072998	7.929864883422852
-0.8044458031654358	4.677027225494385
-0.7464524507522583	-2.8392066955566406
-5.960893630981445	5.306758880615234
5.046090126037598	6.629177093505859
8.865822792053223	10.461971282958984
1.9837348461151123	3.172309398651123
3.635146379470825	11.463160514831543
0.7114717960357666	8.566932678222656
-1.4686912298202515	9.4111967086792
5.893461227416992	5.49674129486084
-2.8296236991882324	10.751073837280273
-1.0728096961975098	-0.5729042887687683
4.965337753295898	3.696744918823242
-2.8301541805267334	10.704265594482422
-3.444040536880493	7.953909873962402
7.701052665710449	8.01940631866455
-0.5694568157196045	9.68005084991455
4.5771894454956055	4.74555778503418
4.891853332519531	9.652867317199707
-1.1504155397415161	2.1121222972869873
-0.0038924068212509155	9.88558578491211
-0.8641625642776489	-1.8532272577285767
-4.481369972229004	1.3681856393814087
1.4844318628311157	9.386490821838379
0.8777897357940674	6.89315128326416
5.311746597290039	3.519524574279785
-0.599094033241272	8.680285453796387
2.5413107872009277	3.2200698852539062
-0.802908182144165	6.388516426086426
-4.473485469818115	4.356113433837891
-0.2058468908071518	8.641883850097656
-4.700747966766357	3.7653050422668457
1.2577624320983887	13.038140296936035
7.908868312835693	9.098075866699219
1.251336693763733	11.101840019226074
-3.1227996349334717	12.268051147460938
1.782058596611023	10.09095573425293
8.0504732131958	7.606626510620117
-0.5958998203277588	-2.773210048675537
5.8249077796936035	6.154600143432617
-3.1218385696411133	6.622962474822998
-4.93011474609375	5.151665687561035
1.3959535360336304	4.806114196777344
-2.876824140548706	11.591907501220703
4.938307762145996	1.0272488594055176
1.25360906124115	10.19530963897705
9.279341697692871	7.879289150238037
1.2256115674972534	3.7451744079589844
3.7019999027252197	3.7219862937927246
3.5484228134155273	10.676880836486816
0.7299716472625732	4.232275485992432
-0.10624782741069794	4.940641403198242
-2.6417243480682373	11.56793212890625
-0.7643022537231445	-2.697951316833496
-4.936835765838623	3.2519469261169434
-3.0190255641937256	4.56602144241333
6.719315528869629	7.960047721862793
5.652687072753906	5.773874282836914
-0.7000646591186523	7.882978916168213
7.373101711273193	9.582381248474121
4.912210941314697	2.6028871536254883
-4.129613399505615	5.247138023376465
-0.4710790514945984	-3.9415760040283203
-0.9002667665481567	-1.7871707677841187
-0.11491654813289642	2.161287307739258
-3.547060251235962	7.574021816253662
1.6645753383636475	2.415914535522461
-3.177039861679077	10.7529878616333
1.4329971075057983	2.874014377593994
2.1390023231506348	8.636255264282227
3.2579896450042725	8.658230781555176
3.1156904697418213	9.092581748962402
-0.977292537689209	-0.7465299367904663
0.4137094020843506	7.840922832489014
-4.063973903656006	4.549457550048828
4.6702446937561035	4.116941928863525
0.36433911323547363	9.528903007507324
-0.6969614624977112	-3.2781548500061035
5.576437950134277	4.226912975311279
-2.3978993892669678	4.609676361083984
6.442757606506348	9.457498550415039
-1.4649142026901245	9.088740348815918
-3.792705535888672	0.9460628032684326
-3.1087424755096436	3.168120861053467
-0.6873300671577454	5.443626403808594
2.016124725341797	6.809549331665039
1.1375316381454468	11.449275016784668
-2.5736844539642334	5.8373918533325195
5.708035469055176	1.799761176109314
5.244342803955078	3.9149374961853027
5.235259056091309	10.788680076599121
-0.72196364402771	-3.1956787109375
-1.2299357652664185	8.780728340148926
3.862780809402466	8.626551628112793
3.0836293697357178	4.448920249938965
-1.7010074853897095	10.373917579650879
-2.8173651695251465	7.451086044311523
2.033533811569214	3.1535234451293945
-1.7928690910339355	4.712862014770508
0.8071624636650085	9.219880104064941
5.618108749389648	2.989908218383789
7.250720024108887	10.070183753967285
-4.940248489379883	2.5495219230651855
-4.743790626525879	4.421999931335449
-1.0329270362854004	-0.6145702600479126
2.0674195289611816	9.702204704284668
4.073359966278076	0.8105564117431641
0.4200321435928345	10.562671661376953
3.0556299686431885	9.727007865905762
2.9099788665771484	1.3630045652389526
3.2180845737457275	3.167348861694336
-1.099360466003418	-0.6098843812942505
-0.14781109988689423	-0.39114391803741455
2.7338836193084717	8.250678062438965
-4.779913902282715	2.1972923278808594
-1.266217589378357	10.733872413635254
-2.062985897064209	5.2363691329956055
-4.516091823577881	3.3292083740234375
3.0152368545532227	5.138877868652344
2.4292829036712646	7.829421043395996
-0.7555081844329834	-1.5628423690795898
-2.8129119873046875	6.5386962890625
0.1572256237268448	9.809106826782227
1.8538278341293335	7.399552345275879
0.356158971786499	8.391270637512207
-0.7177050709724426	-2.818765640258789
-2.149059534072876	6.447005748748779
1.6357518434524536	10.97410774230957
-2.089761734008789	11.377355575561523
-1.2418947219848633	0.4792601466178894
4.764010429382324	8.719639778137207
0.04709304869174957	9.582247734069824
-4.940907001495361	3.4588570594787598
2.170318603515625	3.252084255218506
2.899923086166382	6.1202287673950195
0.25448077917099	3.977395534515381
5.230937480926514	4.670568466186523
-1.8791440725326538	10.584490776062012
5.572817802429199	2.4651784896850586
0.48233288526535034	4.160000324249268
-0.7505688667297363	-4.214529991149902
-0.9187012910842896	-2.320827007293701
-4.676726818084717	1.8255788087844849
0.13487748801708221	4.401860237121582
-0.9494355916976929	-0.14563095569610596
-0.9843982458114624	-1.8342562913894653
2.3984463214874268	8.613736152648926
2.4426419734954834	10.631035804748535
-1.7161108255386353	3.5005922317504883
2.7660741806030273	10.735249519348145
5.296095371246338	1.5716322660446167
7.371203422546387	9.273910522460938
7.8300018310546875	10.216155052185059
5.322508811950684	2.4866466522216797
-0.08842866122722626	4.157655715942383
-0.7888919115066528	-2.65592098236084
5.099733829498291	10.090472221374512
0.5296779870986938	12.041054725646973
1.5157008171081543	2.068497657775879
2.5551464557647705	4.819634437561035
5.435215950012207	7.996363639831543
1.8915486335754395	8.686518669128418
4.916053771972656	0.07915341854095459
-3.6802122592926025	7.867972373962402
1.5112042427062988	9.940349578857422
1.0703401565551758	10.520977020263672
-0.788842499256134	5.204453468322754
5.7436957359313965	3.9367446899414062
-2.5556135177612305	11.070921897888184
0.9192585945129395	10.588730812072754
0.7585695385932922	3.442173957824707
2.354013442993164	8.31601333618164
-3.2790369987487793	6.233049392700195
6.97135591506958	8.989990234375
-4.230202674865723	2.72027587890625
-1.064113736152649	-0.29344475269317627
-1.0784034729003906	6.239932537078857
6.223593711853027	7.744596481323242
-0.939988374710083	-1.7460097074508667
-0.8550616502761841	9.405838966369629
1.2739355564117432	5.868487358093262
0.3198360204696655	10.316229820251465
-5.316887855529785	7.1606245040893555
-0.938836932182312	-2.013779640197754
2.3114778995513916	5.355886936187744
-4.944888591766357	4.070067405700684
-3.537781238555908	8.515097618103027
-0.9514182806015015	3.2890586853027344
5.012089729309082	1.893204927444458
3.7221548557281494	8.671902656555176
-2.388171434402466	10.682190895080566
-0.6668117046356201	-3.4700570106506348
-0.7529990673065186	-1.9499415159225464
1.700695276260376	3.6749086380004883
1.3149336576461792	12.350485801696777
0.6610220074653625	7.647904396057129
5.028726100921631	11.513964653015137
3.6756441593170166	6.523401260375977
-4.2946248054504395	4.26594352722168
7.095737934112549	8.61374282836914
3.791948080062866	9.666361808776855
0.8368721008300781	10.299131393432617
-1.2979483604431152	5.8386077880859375
3.1455910205841064	5.533814430236816
-2.2004806995391846	10.487977027893066
-1.7798348665237427	9.979268074035645
7.151112079620361	7.497786045074463
-1.4968209266662598	5.121464252471924
-0.8160079717636108	3.4547677040100098
0.8752108216285706	5.016436576843262
-1.9040199518203735	9.309535026550293
-1.6857200860977173	10.877994537353516
5.872307777404785	2.9460501670837402
-4.313720703125	3.6500244140625
-3.166796922683716	6.609920501708984
-0.6290950775146484	-2.828380584716797
-4.535458087921143	1.363938331604004
-3.8462812900543213	3.553689956665039
-3.0639266967773438	12.225411415100098
8.086922645568848	8.314913749694824
1.3011078834533691	2.1438889503479004
-3.2623603343963623	6.507966995239258
-0.15265081822872162	7.0895280838012695
2.405470132827759	3.436692714691162
2.666106939315796	2.330618381500244
4.055054187774658	5.574662208557129
-4.297793865203857	1.587778091430664
-2.923210859298706	6.384690284729004
3.9960885047912598	1.9833983182907104
-3.1445302963256836	6.300351142883301
1.5046573877334595	7.773375988006592
1.8894257545471191	2.872222423553467
1.5817376375198364	2.2266836166381836
-3.270460844039917	6.307425498962402
-1.1379199028015137	1.2150611877441406
3.7387218475341797	7.206258773803711
2.626054048538208	4.75872278213501
-1.2905055284500122	6.285068511962891
-1.2543455362319946	6.037121772766113
6.102319717407227	8.866753578186035
1.0681155920028687	6.761081218719482
-1.2146905660629272	1.811309814453125
6.2004523277282715	5.138550758361816
5.031674385070801	13.211440086364746
7.974644660949707	7.4632568359375
0.4838905334472656	13.001788139343262
-4.875052452087402	1.7148799896240234
2.589428186416626	4.137826442718506
4.228194236755371	9.308579444885254
8.924429893493652	9.115608215332031
7.013051986694336	2.3212084770202637
-6.047305583953857	5.972064971923828
-1.087424635887146	1.3724379539489746
2.41264271736145	13.223130226135254
-1.566678524017334	5.59695291519165
5.9275078773498535	9.716697692871094
2.007669448852539	1.1911571025848389
-1.123480200767517	1.6849825382232666
1.7152105569839478	2.6758627891540527
4.440736293792725	13.787151336669922
-0.9974740743637085	-0.6727124452590942
1.3300238847732544	13.7202730178833
7.844635009765625	6.1848931312561035
1.674972414970398	6.326443672180176
7.747695446014404	8.736754417419434
-5.63449764251709	6.330710411071777
0.03970624506473541	11.22895622253418
2.2195441722869873	13.772139549255371
-5.7990241050720215	4.44425106048584
5.902285575866699	9.936022758483887
-1.132449746131897	9.08985424041748
-1.392617106437683	2.0889806747436523
1.0289661884307861	2.9003796577453613
5.009768962860107	12.261265754699707
1.2805858850479126	10.841553688049316
2.316488027572632	5.605973243713379
-4.007157325744629	2.111574172973633
-5.727337837219238	7.149169445037842
-2.2029669284820557	9.678254127502441
2.9094836711883545	13.651518821716309
4.354580402374268	5.467189311981201
-3.07599139213562	11.01789379119873
-0.42979127168655396	5.9381489753723145
2.0378000736236572	13.017486572265625
8.409089088439941	5.720799446105957
-6.0070695877075195	5.83934211730957
-2.1196720600128174	11.12938404083252
1.554700255393982	7.627152442932129
6.43259334564209	7.755494117736816
-5.430561065673828	5.9170684814453125
-1.0243849754333496	0.9646061062812805
-5.997663497924805	6.768686771392822
2.7313802242279053	3.4351091384887695
-0.3042846918106079	13.88244342803955
-1.9899998903274536	9.516448020935059
-3.66729474067688	9.373150825500488
1.969452977180481	9.530792236328125
0.9774815440177917	13.18250846862793
-0.7505726218223572	-1.7242203950881958
1.7491317987442017	8.142374992370605
5.701466083526611	7.841466426849365
-0.806371808052063	14.511792182922363
-0.5304978489875793	-3.6352486610412598
-0.7417041659355164	3.77724552154541
-0.1389790028333664	9.906937599182129
0.13448072969913483	12.842985153198242
4.168415069580078	7.077938079833984
1.3901194334030151	13.509028434753418
3.5193002223968506	2.5109987258911133
5.059562683105469	12.02566146850586
-3.1068780422210693	5.761919975280762
-5.43052339553833	6.850521564483643
-0.9742022752761841	0.09191113710403442
0.7912102937698364	6.05825662612915
1.7441939115524292	9.712085723876953
4.828432559967041	12.908631324768066
-0.6424779295921326	3.5429797172546387
7.5083723068237305	8.852612495422363
1.998331069946289	2.566535472869873
0.11170782148838043	6.340670585632324
-2.39223313331604	8.641512870788574
0.9723239541053772	6.199470043182373
4.3715386390686035	12.153299331665039
2.0429937839508057	12.898785591125488
4.193935394287109	7.28987979888916
1.2441519498825073	13.34481430053711
7.59368896484375	10.462225914001465
2.4237892627716064	14.210240364074707
5.8273606300354	6.7034735679626465
6.313369274139404	13.160608291625977
3.0139100551605225	5.802187919616699
0.17403890192508698	11.438376426696777
-0.9002088308334351	4.3422956466674805
1.2652016878128052	7.933160781860352
-3.9359920024871826	6.951796531677246
-0.8037764430046082	7.2568793296813965
-0.033479318022727966	9.55351734161377
-0.663676381111145	4.035246849060059
1.9329732656478882	6.9579644203186035
2.029841423034668	12.105586051940918
1.9081296920776367	3.1581344604492188
-5.1571807861328125	6.316165924072266
-1.5712114572525024	10.129677772521973
0.7142726182937622	10.950372695922852
-1.8807202577590942	4.153143405914307
-0.1803119033575058	11.621338844299316
-3.231233835220337	5.988027095794678
-0.04396243393421173	6.572508811950684
-0.41064953804016113	5.9642181396484375
2.461074113845825	14.026335716247559
-2.109866142272949	13.703914642333984
-3.1506881713867188	9.90904426574707
-4.1563720703125	7.908864974975586
-0.4368009567260742	4.402851581573486
0.5451833605766296	7.040613651275635
-1.206789493560791	13.369572639465332
1.1047523021697998	11.751715660095215
9.198812484741211	9.396154403686523
-0.0422736257314682	10.309903144836426
4.398809909820557	11.638361930847168
-5.607411861419678	4.561731815338135
3.9172263145446777	12.827780723571777
-4.833559036254883	2.819638729095459
8.741848945617676	9.18986701965332
5.409714221954346	6.144861698150635
-2.9323227405548096	9.008567810058594
-3.0614097118377686	2.349490165710449
-4.250577449798584	9.283553123474121
1.7569276094436646	1.606792688369751
7.002053260803223	12.490105628967285
4.901569366455078	3.103010654449463
0.09251953661441803	12.230660438537598
-2.196481227874756	9.432095527648926
-0.007912978529930115	10.952892303466797
-3.485234022140503	3.4548487663269043
-1.6251307725906372	14.571250915527344
-3.1000945568084717	5.649184703826904
0.3445296287536621	13.279009819030762
7.179872989654541	8.936249732971191
2.6553268432617188	12.048945426940918
-1.9487460851669312	8.685168266296387
-1.1284011602401733	0.6432167291641235
-5.415635585784912	3.029348850250244
8.229161262512207	10.731789588928223
-0.972516655921936	10.734602928161621
2.284172773361206	11.524466514587402
-4.873675346374512	3.444857597351074
8.032748222351074	10.940242767333984
0.8528786301612854	6.559364318847656
-0.06837855279445648	11.923294067382812
3.4405465126037598	4.977880477905273
-1.1639498472213745	3.008913993835449
-5.070404529571533	2.0946273803710938
-2.871847629547119	10.207372665405273
3.2858519554138184	8.032760620117188
-5.5138959884643555	5.461964130401611
-2.206148386001587	9.035258293151855
6.958054542541504	11.52425765991211
-2.652371644973755	8.21641731262207
2.8089354038238525	13.381156921386719
0.3246772289276123	7.346539497375488
0.9812346696853638	10.706276893615723
-2.874511241912842	7.686942100524902
-6.019186973571777	6.139120101928711
0.662839412689209	9.28748607635498
1.9339358806610107	5.505350589752197
6.169471740722656	5.03375768661499
-5.705815315246582	6.028901100158691
-1.9246934652328491	9.057989120483398
5.868641376495361	9.791190147399902
6.00405216217041	8.521596908569336
-0.7373765707015991	13.610485076904297
-1.0925124883651733	11.2163667678833
-5.836326599121094	5.158072471618652
-0.5416423082351685	-1.1229649782180786
-4.247276306152344	8.855172157287598
-1.350469946861267	10.971978187561035
0.7393202781677246	12.12611198425293
7.618918418884277	10.046294212341309
5.900724411010742	9.706265449523926
0.7344993352890015	3.4956560134887695
4.8499860763549805	12.105584144592285
1.2298390865325928	9.386635780334473
6.4937872886657715	6.475911617279053
-0.9014860391616821	12.29052448272705
-0.8063907027244568	4.131639003753662
9.343304634094238	5.5044379234313965
6.733659744262695	9.999130249023438
5.600385665893555	4.138308525085449
-1.0698329210281372	3.172973155975342
-3.561622142791748	8.753717422485352
6.309144973754883	10.286850929260254
5.925633430480957	5.358850955963135
1.8160027265548706	6.282740592956543
3.6680548191070557	8.980315208435059
-0.7233168482780457	6.3208160400390625
-2.3498528003692627	2.862107276916504
5.317558288574219	11.868309020996094
-2.139116048812866	9.012358665466309
1.36163330078125	4.417372703552246
1.9868265390396118	2.385192394256592
-6.032260894775391	5.727886199951172
-1.5840409994125366	10.315749168395996
-4.296644687652588	9.705498695373535
3.1236989498138428	10.281832695007324
3.6517322063446045	12.37697982788086
5.342222213745117	2.4007558822631836
5.085982322692871	12.577413558959961
2.1170530319213867	12.392711639404297
6.057521820068359	11.805486679077148
3.1696341037750244	6.244054794311523
4.410679340362549	12.200240135192871
-4.896365642547607	3.569087505340576
7.193478584289551	12.023841857910156
-1.0106024742126465	0.9039888381958008
4.492737770080566	13.117291450500488
-2.1426756381988525	5.429316997528076
4.52396297454834	12.857087135314941
6.249179840087891	10.489798545837402
-4.618221759796143	9.428979873657227
-3.2435781955718994	8.446867942810059
-3.251497745513916	10.682474136352539
-0.8607462644577026	7.129627227783203
6.158807277679443	5.530348777770996
5.227430820465088	10.853745460510254
-0.9749418497085571	2.402679920196533
-1.2565171718597412	9.980993270874023
3.8439857959747314	10.726558685302734
1.040427803993225	2.31404185295105
-0.8778111934661865	13.511061668395996
0.8099274635314941	4.438906669616699
2.976638078689575	5.718752384185791
-2.293652296066284	3.194671630859375
0.1974971443414688	10.280393600463867
8.82895565032959	6.405391216278076
8.092325210571289	7.379181861877441
-3.6967647075653076	1.0035412311553955
-5.318622589111328	3.8797807693481445
8.467249870300293	7.584269046783447
1.8578261137008667	8.287864685058594
0.0794600397348404	11.708765983581543
-3.5697996616363525	6.008148670196533
-4.890020370483398	2.1528501510620117
5.409091949462891	7.179579257965088
8.64172649383545	4.539124488830566
-1.1835888624191284	1.3362598419189453
-3.132117509841919	5.848659515380859
3.6294143199920654	11.326300621032715
-1.624777913093567	8.325128555297852
-2.4044299125671387	11.588507652282715
-0.30541157722473145	10.693284034729004
1.7513654232025146	2.7991743087768555
-2.1734564304351807	13.993186950683594
1.0535609722137451	9.966952323913574
1.7421635389328003	7.6275739669799805
7.1240234375	6.281796932220459
-2.3522427082061768	10.74133586883545
-4.361377239227295	3.503696918487549
3.7999680042266846	6.180099010467529
2.153942823410034	8.490735054016113
2.487102746963501	0.5021840333938599
-4.669180870056152	5.381879806518555
0.5876884460449219	9.630975723266602
5.972301006317139	6.18535041809082
3.040680170059204	7.557880401611328
-1.247459053993225	1.127883791923523
1.1988389492034912	3.4851856231689453
3.2774741649627686	10.552205085754395
2.777939558029175	3.5899038314819336
-1.7871012687683105	11.613659858703613
-1.0775173902511597	1.3558465242385864
-4.552978515625	3.025707244873047
-0.5343647003173828	-2.340653896331787
1.1028259992599487	8.037012100219727
4.874707221984863	3.3399734497070312
-3.2826242446899414	6.145186424255371
8.659865379333496	9.316889762878418
0.5275130271911621	6.794210433959961
-0.9116858243942261	-1.5065289735794067
-2.8234925270080566	6.394912242889404
2.1648378372192383	0.7908915281295776
3.445448160171509	5.172729015350342
-3.0473968982696533	5.967136859893799
-0.7493146061897278	-2.873419761657715
1.9031203985214233	8.417607307434082
-3.3932833671569824	6.365654468536377
9.202191352844238	9.527709007263184
1.1102856397628784	9.670470237731934
-0.7365216016769409	8.047327041625977
-0.8980789184570312	12.394810676574707
-0.9541640281677246	8.611319541931152
6.310358047485352	6.044318199157715
-1.0244184732437134	1.3662134408950806
2.1976277828216553	4.778076171875
-2.4367616176605225	8.461186408996582
1.8838337659835815	6.730324745178223
-1.693835735321045	5.958227157592773
1.610311508178711	5.371471881866455
3.578964948654175	6.458682060241699
5.86242151260376	5.831801891326904
-4.834081172943115	8.351993560791016
0.3871612548828125	8.82570743560791
-1.1629964113235474	8.963881492614746
-0.9868365526199341	-1.5300501585006714
2.647379159927368	10.670926094055176
-0.1824713796377182	10.046624183654785
-1.9929851293563843	7.693042278289795
1.4353879690170288	2.8607101440429688
9.245556831359863	7.146972179412842
6.269808292388916	8.10637378692627
-0.729681134223938	10.448227882385254
-4.027105808258057	1.88383150100708
4.175992012023926	8.110772132873535
8.549952507019043	6.764976501464844
8.992636680603027	6.688004493713379
4.956722259521484	10.479333877563477
-0.875098466873169	-0.785663366317749
-1.4774795770645142	2.373194694519043
1.0277957916259766	3.0735292434692383
-4.676395893096924	5.352477073669434
-2.9760584831237793	3.6085004806518555
6.139242172241211	6.658998489379883
5.8964667320251465	3.7172112464904785
6.748201370239258	9.328553199768066
8.783355712890625	9.039142608642578
2.2167201042175293	9.140887260437012
5.132654190063477	7.1478776931762695
-2.269313335418701	6.711917877197266
1.3380931615829468	3.7584729194641113
1.934113621711731	11.455238342285156
3.0916898250579834	5.475324630737305
3.093541383743286	5.364695072174072
2.343423843383789	8.429914474487305
-4.868434429168701	3.1125388145446777
-2.5518276691436768	6.453933238983154
8.0498628616333	6.894679546356201
-0.22325967252254486	8.744034767150879
6.0652289390563965	7.246201038360596
-0.2531530261039734	6.595920085906982
1.0100303888320923	8.148784637451172
7.4678449630737305	7.762415885925293
-0.9263288974761963	-1.943827509880066
-1.6481492519378662	3.7631211280822754
-4.799618721008301	2.939328670501709
0.8407274484634399	6.546799659729004
-4.633443832397461	3.502446174621582
-0.41762638092041016	10.738329887390137
-1.1839641332626343	-0.3178304433822632
-0.9686106443405151	0.6900022029876709
-3.1021993160247803	12.227446556091309
5.305192947387695	1.2759621143341064
4.009639263153076	8.078590393066406
5.303519248962402	2.023613929748535
-2.0299224853515625	11.204739570617676
1.424519658088684	9.641194343566895
-1.094500184059143	1.511201024055481
8.22449779510498	5.374432563781738
2.926435947418213	5.585477352142334
8.08845043182373	8.521801948547363
3.286085844039917	9.574518203735352
7.707366466522217	7.034694671630859
3.1683719158172607	5.7874956130981445
1.5822162628173828	10.072026252746582
2.4725964069366455	8.503839492797852
-0.5785824060440063	-2.0786256790161133
2.063824415206909	5.143920421600342
1.9092110395431519	2.5120697021484375
-4.611019611358643	2.121159076690674
-0.5305010676383972	-0.9650324583053589
2.977454423904419	8.613581657409668
4.2357282638549805	12.785855293273926
-1.8632608652114868	11.243752479553223
-2.9572203159332275	6.451717853546143
7.343174934387207	7.035578727722168
1.1953696012496948	5.351306915283203
-3.9638559818267822	5.629837989807129
-0.9883956909179688	11.797636985778809
7.337760925292969	8.061854362487793
3.5314085483551025	8.782689094543457
-1.408368706703186	9.080514907836914
-2.4218356609344482	6.5408406257629395
3.688556671142578	8.606416702270508
7.1411871910095215	5.257892608642578
3.416935682296753	10.127866744995117
-5.264964580535889	3.165031909942627
2.3796029090881348	4.120449066162109
-2.2181293964385986	12.418971061706543
8.096165657043457	8.9724760055542
3.0711429119110107	4.264394283294678
-3.040975332260132	7.55467414855957
-4.772184371948242	2.7195138931274414
5.879143714904785	6.482729911804199
3.025653123855591	5.316476821899414
3.6991512775421143	8.160771369934082
-2.116353750228882	6.933252334594727
-0.5133403539657593	9.467494010925293
0.7900720834732056	1.6600606441497803
0.16772796213626862	8.719526290893555
5.224213600158691	5.953602313995361
-1.1746888160705566	0.6971510648727417
-0.8752679824829102	5.99625301361084
-2.795208215713501	12.50390338897705
7.786708831787109	7.308913230895996
-2.438999652862549	12.62692928314209
3.523160457611084	5.590395450592041
-4.031689643859863	5.518283843994141
-1.3799283504486084	12.027955055236816
-0.045344457030296326	10.874303817749023
-2.4770147800445557	10.313815116882324
-4.077232360839844	4.1284332275390625
5.3213958740234375	0.9686040282249451
-3.550182580947876	7.022695541381836
-0.5328539609909058	7.401528358459473
2.3631043434143066	8.13746452331543
-1.9421950578689575	7.8589606285095215
3.67322039604187	8.337268829345703
5.53691291809082	1.9753698110580444
-1.1572660207748413	0.7602375745773315
1.1784427165985107	8.675410270690918
-2.985245943069458	10.639227867126465
3.85595440864563	5.93516731262207
-1.1964174509048462	0.7827544212341309
4.228686332702637	9.046460151672363
-2.798375368118286	11.45106029510498
-2.55476450920105	4.667970657348633
5.603216648101807	3.5105957984924316
5.432473182678223	3.1022162437438965
-0.9065793752670288	-1.3772281408309937
-3.059758186340332	1.985027551651001
4.305392265319824	7.445731163024902
-4.4560747146606445	7.779632091522217
-2.4757490158081055	10.276267051696777
-1.6939913034439087	5.916482925415039
2.8349461555480957	2.89833402633667
1.1623213291168213	3.4982433319091797
0.3096889853477478	6.989372253417969
1.9237169027328491	10.91468620300293
7.754364490509033	7.116602420806885
-1.6817761659622192	11.898863792419434
-4.458084583282471	2.615628242492676
-0.9215431213378906	4.156486988067627
1.7692779302597046	8.965960502624512
-2.1994385719299316	6.051631450653076
-1.5496095418930054	5.499188423156738
3.864825487136841	7.12563943862915
5.386407375335693	2.024003267288208
5.12020206451416	2.167905807495117
-0.9748705625534058	-1.0851610898971558
0.5818606019020081	4.055300712585449
4.3582763671875	8.362966537475586
1.4332005977630615	1.8949700593948364
-2.697453260421753	11.101604461669922
-2.1436026096343994	4.499153137207031
3.467858076095581	3.078378677368164
-1.4054337739944458	11.026226997375488
1.0694559812545776	7.273331165313721
-5.333827018737793	3.835820198059082
8.338619232177734	8.521503448486328
0.4563107490539551	8.670926094055176
-4.519287109375	1.9971332550048828
-0.544305145740509	-1.5658808946609497
2.1603496074676514	8.067281723022461
5.441852569580078	7.183220863342285
-2.0198793411254883	5.403828144073486
-2.453007936477661	9.028728485107422
5.496542930603027	3.787998676300049
2.248244047164917	3.138747215270996
-0.9370819330215454	-2.070146083831787
3.99442458152771	7.689392566680908
4.157966136932373	7.9524760246276855
-0.19211898744106293	7.747658729553223
-2.033151388168335	11.161349296569824
-4.9457855224609375	4.208590030670166
2.31524920463562	1.9985698461532593
-0.4962904453277588	-2.7454543113708496
-4.813915252685547	2.3628578186035156
-2.844585657119751	3.0746445655822754
1.5821634531021118	10.73586368560791
-0.8642514944076538	-1.3653026819229126
-2.9915506839752197	6.210422992706299
3.813422441482544	6.20222282409668
-1.033987045288086	11.121597290039062
1.6568399667739868	6.566559791564941
2.296309471130371	1.9056566953659058
6.266514778137207	5.411834239959717
-0.6646977663040161	-3.2945451736450195
0.5957228541374207	7.169530868530273
2.233104944229126	2.0548839569091797
-2.432337999343872	8.22146987915039
8.730116844177246	7.827741622924805
1.311278223991394	5.457207679748535
7.781049728393555	6.35239839553833
1.9039548635482788	1.6800087690353394
-4.997340202331543	2.5841689109802246
-1.410729169845581	9.919320106506348
-2.505493402481079	11.142071723937988
-1.290679693222046	1.3814326524734497
-2.1262917518615723	10.658062934875488
6.568878173828125	6.605765342712402
4.234286308288574	7.422664642333984
-1.0188539028167725	-0.5058178901672363
-1.0383158922195435	-0.514653742313385
5.249475479125977	3.21553373336792
1.0459061861038208	5.457913398742676
-3.1133604049682617	8.02017593383789
2.812533140182495	1.4068902730941772
5.548725128173828	7.423744201660156
-5.1734395027160645	2.8304762840270996
6.6764326095581055	4.609067440032959
-2.226677656173706	8.381786346435547
0.09180356562137604	9.837932586669922
0.5820030570030212	6.867441177368164
2.202441930770874	3.198242664337158
2.0045177936553955	1.270336627960205
6.704278945922852	9.160848617553711
-1.429945707321167	5.387912273406982
-0.868019700050354	0.1769479513168335
-0.5803773403167725	-2.3975472450256348
-2.4613375663757324	10.7222318649292
-0.7364298105239868	-2.6473331451416016
-0.6546351313591003	-1.8070365190505981
5.811047554016113	3.866957187652588
1.2461360692977905	12.873785018920898
-0.8587924242019653	-1.8480137586593628
1.186813473701477	5.273035049438477
1.6694179773330688	2.276912212371826
8.152030944824219	6.564488410949707
8.392441749572754	9.284092903137207
7.702943801879883	7.387384414672852
6.043230056762695	4.670938491821289
-0.7956258058547974	0.11077648401260376
4.231611251831055	7.845492362976074
5.974825382232666	7.4129319190979
2.25449538230896	9.355097770690918
2.243910312652588	5.361344814300537
4.155208110809326	7.82052755355835
-0.2962493896484375	-4.5301642417907715
-1.1339086294174194	-1.3233667612075806
-1.4718413352966309	7.739044189453125
-4.933976173400879	2.661900520324707
-0.8960303068161011	4.094638347625732
-0.34716343879699707	7.8196892738342285
-1.8294631242752075	9.878376960754395
5.743766784667969	3.2967190742492676
3.9958698749542236	11.90598201751709
5.918050765991211	3.225159168243408
8.197464942932129	7.797374725341797
4.44279146194458	8.22705364227295
-3.920856237411499	6.006153106689453
5.774923324584961	3.1202526092529297
-4.966554641723633	2.1356725692749023
8.321210861206055	7.987112998962402
0.25026124715805054	1.8561567068099976
-2.8028247356414795	5.551445007324219
-0.8882275819778442	-0.2027323842048645
3.664602279663086	7.473086357116699
-2.9538261890411377	5.603639125823975
-2.1754238605499268	9.480511665344238
1.6003916263580322	2.4707541465759277
-4.884692668914795	2.3115122318267822
0.24782122671604156	4.747073173522949
7.55145263671875	9.392365455627441
5.712329387664795	3.370817184448242
-2.5409858226776123	5.795809745788574
0.4381065368652344	2.909424304962158
1.7680529356002808	9.668131828308105
-5.038401126861572	2.7738466262817383
-4.758275032043457	2.7238364219665527
-2.8635692596435547	5.768179893493652
2.261516809463501	9.58389663696289
5.810856342315674	9.880900382995605
-2.3814644813537598	5.384666442871094
-1.231397271156311	7.6010565757751465
4.077263832092285	7.962263584136963
2.951021671295166	9.403268814086914
3.7438948154449463	7.985306262969971
-2.1227643489837646	11.219249725341797
-3.2255899906158447	6.450427055358887
1.7145792245864868	6.625861167907715
2.0884177684783936	10.329216003417969
3.088369131088257	10.675345420837402
8.478690147399902	8.018861770629883
1.9950729608535767	2.689943790435791
1.6446171998977661	2.5464649200439453
2.371758460998535	2.511031150817871
1.8531463146209717	2.2529261112213135
2.924487829208374	10.206559181213379
2.0129456520080566	2.141887664794922
8.588912010192871	9.152629852294922
5.5152058601379395	1.548699140548706
-4.197779655456543	0.7344797849655151
5.6785783767700195	2.1168837547302246
-0.07905493676662445	11.908583641052246
1.6957894563674927	8.797764778137207
2.6612846851348877	8.028878211975098
5.838378429412842	3.114882469177246
1.8806283473968506	10.107460975646973
2.100670337677002	9.283632278442383
-1.6447646617889404	11.731548309326172
8.138230323791504	7.619389533996582
1.8840302228927612	10.944644927978516
9.040093421936035	7.775964260101318
7.698502063751221	4.7857770919799805
1.4925256967544556	10.545472145080566
5.296946048736572	10.06847095489502
0.5437126159667969	6.1987833976745605
-0.4404088854789734	-3.720582962036133
-1.0273370742797852	-1.2604343891143799
2.3239991664886475	9.446382522583008
-4.573403358459473	1.8720802068710327
0.8064818978309631	11.357939720153809
-2.588921308517456	9.295845031738281
6.91015625	9.241108894348145
1.7215121984481812	8.286012649536133
-3.043377161026001	7.477219581604004
0.9600915312767029	6.448851585388184
4.916376113891602	1.7804417610168457
5.614443302154541	2.4314894676208496
5.327119827270508	1.406022548675537
-2.4154469966888428	9.60800552368164
3.03075909614563	8.12340259552002
7.131807327270508	9.053413391113281
8.525046348571777	6.8959503173828125
-4.401682376861572	2.3626184463500977
0.08593137562274933	6.265610694885254
-2.1329352855682373	10.184362411499023
0.25895601511001587	6.124565601348877
-0.9341248273849487	-1.0792211294174194
2.1569454669952393	5.6920671463012695
-2.8075432777404785	10.541298866271973
1.4587832689285278	7.954451560974121
-2.521289587020874	5.887582778930664
1.853537917137146	7.03320837020874
0.08666940033435822	6.361722946166992
3.9144487380981445	6.830533027648926
-0.6537045240402222	-2.9090099334716797
-0.9912745952606201	-0.037322044372558594
1.1683708429336548	6.219362258911133
2.882707118988037	5.742001056671143
5.582798957824707	2.2355549335479736
-2.22658109664917	6.92495059967041
-4.3407697677612305	1.548209309577942
-0.6874350905418396	-1.3001904487609863
3.484699249267578	7.943492412567139
0.6525524258613586	7.650272369384766
-4.798317909240723	2.222438097000122
-3.702253818511963	9.901110649108887
2.8237855434417725	1.7739976644515991
6.378837585449219	5.726433753967285
-2.2462728023529053	9.75385856628418
8.144912719726562	6.603795051574707
-0.9477323293685913	-1.6360734701156616
-4.236216068267822	1.7840046882629395
-5.015949249267578	2.801755905151367
0.38815760612487793	11.255010604858398
7.008584499359131	8.066831588745117
-1.2567933797836304	11.863883018493652
6.053418159484863	4.7965006828308105
-0.8639404773712158	-0.3090388774871826
-1.1106294393539429	2.753803253173828
0.7959909439086914	1.9228171110153198
4.859539031982422	10.705364227294922
2.3916242122650146	3.361233711242676
-2.289821147918701	13.625950813293457
8.738015174865723	6.473189830780029
2.959845781326294	4.691840648651123
-4.436453819274902	2.0441536903381348
0.08421672880649567	11.898550987243652
-5.612033843994141	3.439711093902588
8.85129451751709	9.371025085449219
-0.9843813180923462	4.198680877685547
-5.784298896789551	5.4207329750061035
3.5120456218719482	6.152154922485352
1.9812880754470825	12.278579711914062
0.27728480100631714	5.214102745056152
-3.818057060241699	7.2200517654418945
2.5849344730377197	10.223097801208496
6.051581382751465	4.063248634338379
-4.119185447692871	0.9896634817123413
-0.820588231086731	3.0519561767578125
-1.1289339065551758	0.5339281558990479
4.690920829772949	12.497598648071289
-2.1715266704559326	11.9683256149292
-2.4085235595703125	13.935296058654785
-0.7282925844192505	7.121898174285889
1.6386175155639648	4.918294429779053
6.9256486892700195	7.095839023590088
0.27378547191619873	7.696542739868164
5.445996284484863	2.215817451477051
6.495016574859619	11.945176124572754
-0.4595038890838623	6.5090131759643555
-6.101873397827148	5.77735710144043
-1.8321672677993774	7.509209632873535
2.9986300468444824	12.760624885559082
4.222945213317871	8.184430122375488
-3.94875168800354	7.353323936462402
4.667689800262451	0.2548738718032837
6.035833358764648	5.984598159790039
-3.752375841140747	6.889791488647461
-1.246220588684082	1.559767484664917
4.082917213439941	7.956025123596191
4.295812129974365	11.591717720031738
-0.4436492919921875	4.177059650421143
-2.646446943283081	12.994657516479492
-2.3704755306243896	6.0834197998046875
1.8203033208847046	3.5616660118103027
7.528585910797119	4.628378868103027
0.3474322557449341	12.051835060119629
2.242722988128662	6.438973426818848
6.668144226074219	8.658045768737793
6.004842758178711	7.0802202224731445
-5.797525405883789	4.2316436767578125
9.021003723144531	7.603184700012207
1.9845541715621948	11.66909122467041
4.0017194747924805	7.003714084625244
-4.342358589172363	7.270557403564453
3.3203961849212646	6.6163835525512695
6.215497016906738	5.389281272888184
7.453497886657715	5.025819301605225
-5.209957122802734	4.027111053466797
3.4958879947662354	5.638256072998047
1.0089402198791504	8.510445594787598
5.805563449859619	7.61183500289917
-3.7850167751312256	6.03048849105835
4.339663505554199	2.5939011573791504
-5.232700347900391	8.325037002563477
3.8676962852478027	6.620320796966553
5.962525367736816	6.0574493408203125
-1.8559483289718628	7.391463279724121
-1.2892509698867798	3.105958938598633
-0.838830828666687	-0.6552518606185913
2.5635926723480225	3.307708263397217
-4.44079065322876	6.866821765899658
-0.9174438714981079	8.178997993469238
3.0869812965393066	10.572842597961426
-1.304219365119934	1.1361937522888184
5.347862243652344	3.2540807723999023
7.001001358032227	9.720477104187012
8.348681449890137	8.639227867126465
-5.530662536621094	3.7349257469177246
2.731604814529419	11.260788917541504
-2.6485588550567627	11.99925708770752
1.9167133569717407	1.733080267906189
4.190888404846191	8.611969947814941
-2.3277995586395264	13.478007316589355
-3.029452085494995	6.316008567810059
6.048276901245117	4.617978572845459
6.234891891479492	6.958780288696289
0.6363674402236938	2.9001598358154297
0.00528205931186676	11.594038963317871
4.636350631713867	6.003556251525879
5.451318264007568	9.10054874420166
0.6967750787734985	3.885159492492676
-5.869207859039307	4.752044677734375
2.252431869506836	2.1272125244140625
-1.431437611579895	10.255026817321777
-0.634854257106781	-2.9075722694396973
-4.120040416717529	6.189218521118164
-2.1024739742279053	6.645391941070557
-3.1511776447296143	7.489208698272705
-3.0180091857910156	6.6572065353393555
-2.3258237838745117	9.915057182312012
-0.9885348081588745	-0.8239487409591675
2.0609500408172607	12.351512908935547
-3.3137869834899902	9.38405704498291
-0.8988901376724243	-0.23312163352966309
-1.4530378580093384	4.960971355438232
4.5323486328125	11.058419227600098
0.6516032218933105	12.132807731628418
-4.5179924964904785	7.14946174621582
-4.636574745178223	6.745366096496582
6.9647626876831055	10.061272621154785
3.788856267929077	8.567152976989746
-6.0095624923706055	5.419719219207764
3.93096661567688	7.865461349487305
-0.3376113176345825	12.862410545349121
6.091264724731445	6.214867115020752
8.427994728088379	8.490572929382324
-4.860559463500977	2.0290322303771973
-1.9372423887252808	12.597345352172852
-1.847553014755249	5.549184799194336
-0.571426510810852	11.731253623962402
-0.9921501874923706	5.69425106048584
5.255382537841797	12.231559753417969
1.3408969640731812	11.280227661132812
1.9136652946472168	12.20353889465332
0.787597119808197	10.13872241973877
1.1028790473937988	3.904087543487549
-4.511495590209961	3.218627452850342
5.5531086921691895	8.332667350769043
0.4869270324707031	6.889692306518555
-2.457688808441162	14.327733993530273
4.086157321929932	10.389754295349121
0.7394654154777527	4.735099792480469
1.0992906093597412	9.90686321258545
-4.131631374359131	3.778052806854248
1.8935084342956543	1.5690299272537231
-0.9228156805038452	0.028681933879852295
-1.2686647176742554	7.321035385131836
2.6013176441192627	5.070117473602295
8.731209754943848	5.715604782104492
-0.7522649765014648	12.30144214630127
-3.878826379776001	1.3866692781448364
-5.918757438659668	6.9054975509643555
-3.4659247398376465	8.152547836303711
6.778817653656006	10.166015625
7.4398956298828125	11.354331970214844
4.8806257247924805	10.792799949645996
2.4018051624298096	5.511933326721191
-1.0646950006484985	2.7385993003845215
6.44143009185791	7.04890775680542
0.31721746921539307	11.357386589050293
2.613084554672241	5.237285137176514
-0.06957589089870453	13.280726432800293
-2.7437069416046143	12.069995880126953
6.309511661529541	7.128556728363037
-0.5230181813240051	7.184451580047607
0.1596924215555191	12.76237964630127
3.368238687515259	8.264731407165527
5.343202590942383	11.12907886505127
