4.076810359954834	3.9718527793884277
5.780674457550049	0.4055080711841583
3.319504499435425	-0.39528077840805054
1.4891072511672974	3.0253543853759766
2.0226104259490967	-0.12403839826583862
5.580982685089111	1.1511521339416504
1.949056625366211	3.463237762451172
4.619570255279541	3.2057080268859863
1.502929449081421	3.087038278579712
2.881396532058716	-0.05595904216170311
3.761075496673584	4.122244358062744
2.3052563667297363	2.950627088546753
5.536635398864746	3.179307222366333
5.422217845916748	0.37638819217681885
1.4336084127426147	3.1219780445098877
1.8674334287643433	-0.4304962754249573
5.4525556564331055	2.0155210494995117
1.9329553842544556	2.598690986633301
4.632300853729248	3.2904868125915527
1.2035324573516846	2.0954744815826416
4.161017417907715	-0.9534481763839722
5.670681476593018	0.12196296453475952
1.4635460376739502	1.4922974109649658
1.4645116329193115	2.946185827255249
4.447911739349365	3.67726731300354
5.900201320648193	2.5390684604644775
1.3935599327087402	0.5515017509460449
5.134187698364258	3.1802992820739746
4.0515055656433105	2.1245625019073486
1.7126668691635132	0.6499391198158264
4.615204811096191	1.3064724206924438
2.2370450496673584	2.8288943767547607
5.387277603149414	2.201507806777954
1.2078697681427002	1.551529884338379
5.063248157501221	1.0398746728897095
2.4979729652404785	3.346583843231201
5.563770771026611	2.5539941787719727
5.531210422515869	0.16851460933685303
3.4363067150115967	-0.13455432653427124
5.3766303062438965	0.6717391610145569
1.3398760557174683	3.0620718002319336
2.7710440158843994	3.2686820030212402
1.0199006795883179	1.6112428903579712
1.1988661289215088	1.9167805910110474
2.7027127742767334	3.1622812747955322
2.103123188018799	-0.2616543769836426
3.1386842727661133	3.029323101043701
3.2679214477539062	3.2452645301818848
2.9382400512695312	3.6448216438293457
4.025212287902832	3.984316349029541
4.353367328643799	4.109440326690674
5.750962734222412	-0.1727447211742401
1.9793000221252441	-0.2919313907623291
1.726537823677063	0.8810496926307678
1.963745355606079	-0.5322626233100891
1.877078652381897	1.8905388116836548
5.589396953582764	-0.24803626537322998
1.574440360069275	0.45324987173080444
3.0863125324249268	-1.0950828790664673
1.5030704736709595	3.166102409362793
4.496847152709961	-0.8511456251144409
1.838070034980774	0.9744821190834045
5.732724666595459	2.2348849773406982
5.625399112701416	-0.08922135829925537
4.365965366363525	-0.5822749137878418
2.0555241107940674	2.4698667526245117
5.813653469085693	1.469684362411499
1.522345781326294	3.110175609588623
5.61774206161499	1.5117340087890625
5.72571325302124	0.48000770807266235
3.7552220821380615	4.187222957611084
1.5418914556503296	0.3615835905075073
1.433058261871338	3.216435670852661
5.45415735244751	1.4595201015472412
3.972764730453491	3.9082863330841064
5.889998912811279	1.1668874025344849
4.170774936676025	3.729733467102051
1.422333002090454	3.131305694580078
1.5119973421096802	3.087233781814575
1.4969183206558228	0.4541144371032715
5.7515950202941895	1.9035354852676392
5.826413631439209	1.2045042514801025
6.2663493156433105	1.434006929397583
5.5921101570129395	0.5460126996040344
1.3592262268066406	0.9185800552368164
2.714078426361084	3.358463764190674
4.1883015632629395	3.099609375
2.30956768989563	-0.40645086765289307
5.844542026519775	0.11806553602218628
3.123403787612915	-0.8630973696708679
5.63589334487915	0.04762941971421242
2.1832568645477295	-0.5063706636428833
2.9026730060577393	-0.4504491686820984
5.570462226867676	1.334596872329712
1.8327643871307373	2.4454457759857178
5.834653377532959	0.6647204756736755
0.9696761965751648	1.258010983467102
2.345611095428467	2.773776054382324
3.6455461978912354	3.8735156059265137
1.3499648571014404	2.9914345741271973
3.2738025188446045	3.1097850799560547
2.155057668685913	-0.5805549025535583
1.4144412279129028	3.1637585163116455
1.3175957202911377	0.24668943881988525
1.8630588054656982	3.337066888809204
1.5448060035705566	3.2406692504882812
5.968461513519287	1.565665364265442
4.474538803100586	3.7124440670013428
5.651729106903076	0.4657519459724426
5.310914993286133	0.8217352032661438
3.218820810317993	-0.627869725227356
5.438460826873779	1.0844107866287231
1.3552484512329102	3.0293128490448
1.8237632513046265	3.383356809616089
5.431546688079834	-0.47036677598953247
2.682142734527588	-0.81777024269104
2.6375198364257812	-0.8256765007972717
5.978888988494873	1.2362098693847656
5.771973609924316	0.5817471742630005
5.582704544067383	-0.18547049164772034
5.155142784118652	1.6563122272491455
5.901783466339111	-0.19012045860290527
4.8958611488342285	3.5130600929260254
1.8408935070037842	-0.1066368818283081
1.376842737197876	3.150033473968506
3.122606039047241	3.794565439224243
5.98933744430542	1.7064143419265747
3.3041326999664307	-0.023002084344625473
1.6989552974700928	3.3577980995178223
5.014697551727295	2.300086498260498
3.6026980876922607	4.018383979797363
3.4048116207122803	-0.6157556176185608
2.39201021194458	3.9649224281311035
1.1506941318511963	1.420555591583252
3.027127504348755	2.3565292358398438
3.7347424030303955	3.8312387466430664
4.037827491760254	3.817748546600342
1.5143752098083496	2.8110804557800293
5.939301013946533	2.655179738998413
3.291489601135254	-0.5150389671325684
1.6242700815200806	3.047137498855591
1.4178396463394165	0.789099395275116
2.7741689682006836	-0.6310985088348389
5.001157760620117	0.6070277094841003
3.1931991577148438	3.376027822494507
3.0079076290130615	2.2386767864227295
2.7760181427001953	2.7543649673461914
4.890290260314941	1.6616021394729614
2.481945276260376	1.779761791229248
5.3602094650268555	2.8613500595092773
3.9264352321624756	-0.3397863805294037
5.760931968688965	1.113613486289978
1.5347577333450317	3.4202442169189453
1.2817901372909546	1.1684685945510864
2.1820881366729736	-0.5798125267028809
5.58712911605835	1.0121654272079468
5.359976768493652	-0.09284263849258423
4.342123985290527	3.524723768234253
3.096256971359253	-0.5597172975540161
5.575531482696533	1.123448371887207
1.9834551811218262	1.5832306146621704
5.598621368408203	2.894059896469116
1.8203392028808594	0.023044172674417496
3.1094284057617188	-0.30896347761154175
4.06696891784668	-1.2141205072402954
5.705420017242432	1.2343467473983765
2.2872235774993896	-0.03608876094222069
2.261780261993408	-0.1781492829322815
1.4405255317687988	2.4647302627563477
5.838898658752441	0.8977500200271606
2.20988392829895	-0.40658822655677795
5.956567287445068	1.5259590148925781
2.102921724319458	-0.6668969392776489
2.1494181156158447	2.8649275302886963
1.3152999877929688	3.082655668258667
3.633740186691284	3.0463078022003174
1.4478002786636353	1.0511423349380493
1.4595341682434082	3.098149299621582
5.458627223968506	1.515057921409607
5.204588413238525	2.3711018562316895
2.4863169193267822	3.8829150199890137
3.0224642753601074	1.7107378244400024
5.246875286102295	3.3876614570617676
1.9187672138214111	-0.23520925641059875
1.6114513874053955	3.2394113540649414
2.5524072647094727	-0.7669718265533447
5.575153350830078	0.9570981860160828
6.189784049987793	2.174259662628174
3.967926502227783	1.3935909271240234
5.539688587188721	0.5805838704109192
5.936294078826904	2.4285080432891846
3.0649638175964355	2.8145740032196045
5.614304065704346	-0.02130347117781639
2.3291239738464355	-0.6836291551589966
3.2831759452819824	-1.0848432779312134
1.382086992263794	1.1710454225540161
2.2278921604156494	-0.6183666586875916
1.9306334257125854	3.0286853313446045
4.455347537994385	3.819571018218994
5.3576483726501465	0.4149838984012604
1.8867807388305664	3.407177448272705
1.4935188293457031	2.7613563537597656
3.041930675506592	3.3803000450134277
3.453874349594116	3.152578830718994
4.604980945587158	1.9169602394104004
1.6404008865356445	3.2169785499572754
5.783998012542725	0.12402695417404175
4.04750394821167	1.8459563255310059
1.3924380540847778	3.153514862060547
5.861392974853516	0.0009280480444431305
5.448681354522705	2.066315174102783
1.391552448272705	3.2081031799316406
1.3423757553100586	2.12890625
6.277371406555176	1.6001720428466797
1.8353949785232544	0.08985185623168945
4.491675853729248	4.008678436279297
5.8196282386779785	1.0359104871749878
3.1508948802948	-0.5649850368499756
5.527512550354004	0.5107797980308533
5.155031681060791	2.8693432807922363
5.437511920928955	3.012478828430176
5.462749481201172	-0.3761075437068939
4.120655536651611	-1.135909080505371
1.5949304103851318	0.03260255232453346
2.6376984119415283	2.6017749309539795
4.123054504394531	2.98539662361145
1.8013776540756226	0.06851249933242798
1.3478785753250122	0.7130632996559143
3.805107355117798	3.0752310752868652
5.73037576675415	-0.01901930198073387
1.2342445850372314	1.1880120038986206
1.4183160066604614	3.2258646488189697
4.965946674346924	2.295670986175537
5.495340824127197	2.223310708999634
5.633891582489014	0.5933086276054382
3.9379465579986572	3.919743537902832
2.8298118114471436	3.547304630279541
2.925995111465454	-0.9297502636909485
5.246108531951904	0.28302302956581116
4.528186321258545	3.1626944541931152
1.7152433395385742	2.866917610168457
5.328751087188721	-0.5022916197776794
5.792689800262451	2.810659170150757
1.6421582698822021	-0.3328840136528015
5.606578350067139	0.37506234645843506
2.6980035305023193	2.7576446533203125
5.525291919708252	1.5884040594100952
1.359074354171753	0.6826140880584717
2.4485549926757812	3.6336865425109863
5.716506481170654	0.12328654527664185
4.771883487701416	0.7727500796318054
1.3658082485198975	3.074361562728882
4.98314905166626	3.56471586227417
5.829233646392822	0.8117257356643677
5.4085516929626465	2.8738229274749756
4.0532917976379395	3.7358908653259277
2.798922300338745	3.7399330139160156
3.0488009452819824	-0.5791611671447754
1.0690112113952637	1.6989628076553345
4.554172039031982	2.5192222595214844
4.855738162994385	0.22512602806091309
5.684489727020264	0.30304431915283203
5.581689357757568	2.764692783355713
1.5526139736175537	-0.2364434003829956
3.4459776878356934	-0.4733997583389282
3.2943224906921387	2.9410314559936523
5.075608730316162	3.609776258468628
1.3427512645721436	0.6224343180656433
3.451014518737793	0.08715945482254028
1.4550118446350098	3.304999351501465
1.4297170639038086	3.149968147277832
2.4773173332214355	0.10484343767166138
2.7197933197021484	-1.1359601020812988
4.930391788482666	2.7040843963623047
5.174856185913086	3.206019163131714
3.393580913543701	-0.8051298260688782
1.3657313585281372	3.1093263626098633
6.0348005294799805	1.5188168287277222
5.302310943603516	3.411616802215576
3.881570816040039	3.797511577606201
1.7196658849716187	0.14181971549987793
4.494842052459717	3.7484195232391357
2.7168495655059814	-0.0586891733109951
5.6147236824035645	-0.629231870174408
5.884697437286377	2.1203060150146484
1.3739409446716309	1.1825683116912842
5.895412445068359	0.85211580991745
4.025689601898193	2.9456892013549805
1.1070488691329956	0.8859633207321167
2.66196870803833	-0.21830391883850098
1.3593485355377197	3.1640617847442627
3.60005521774292	4.1939311027526855
3.291097640991211	0.969258725643158
5.7831292152404785	-0.4837617874145508
4.128366470336914	-0.9716658592224121
2.456206798553467	3.277440071105957
5.515969753265381	-0.20819801092147827
3.0648646354675293	-0.6838337779045105
5.079927921295166	3.4446358680725098
5.327975273132324	-0.3944064974784851
2.0845131874084473	3.395219564437866
1.4091060161590576	0.32436060905456543
5.546924591064453	2.140932321548462
5.8263325691223145	-0.1493675708770752
1.386752724647522	1.2365199327468872
1.441988229751587	0.38490355014801025
5.851212024688721	1.4019907712936401
1.1117743253707886	1.0034719705581665
6.087996006011963	1.5782493352890015
1.5106562376022339	3.302701234817505
1.3973424434661865	3.1277570724487305
5.799361228942871	0.43450409173965454
3.1067068576812744	0.18361586332321167
1.3684558868408203	0.899481475353241
3.62518572807312	-0.8061805367469788
1.4151405096054077	3.112116575241089
4.8353681564331055	2.3030738830566406
5.7079386711120605	1.6717361211776733
4.846505641937256	3.1110126972198486
1.527530550956726	0.7085835933685303
5.837804794311523	0.6649954319000244
3.9394333362579346	3.9642696380615234
3.1378204822540283	-0.6397575736045837
5.6612396240234375	-0.12564334273338318
2.6202876567840576	-0.3007458448410034
5.8095927238464355	1.7785106897354126
5.7219648361206055	0.4007095694541931
3.6063172817230225	3.9915499687194824
5.506171703338623	1.3947356939315796
3.2054333686828613	-0.944595217704773
4.479732513427734	4.019125461578369
5.42655086517334	0.5325291752815247
4.761408805847168	3.467353343963623
5.026001453399658	2.5928211212158203
3.27516508102417	-0.7136600017547607
4.406649112701416	2.3999834060668945
1.9814801216125488	0.0930948257446289
1.7945921421051025	-0.2867435812950134
2.7848122119903564	-0.7737836837768555
6.020812511444092	1.7353817224502563
3.4239578247070312	-0.2090904712677002
4.6243767738342285	3.612530469894409
2.1424453258514404	0.2935337424278259
2.560500144958496	3.2968688011169434
2.5512993335723877	-0.4868684411048889
1.4659149646759033	3.074179172515869
2.858527660369873	3.0696957111358643
5.984706401824951	1.3714799880981445
3.911329984664917	3.4485440254211426
1.737946629524231	0.08841782808303833
2.2140586376190186	-0.06553977727890015
1.4652332067489624	2.9723451137542725
5.87836217880249	1.1574209928512573
1.2155708074569702	1.2371443510055542
1.682336449623108	0.33164530992507935
1.791202187538147	3.2450287342071533
2.484919548034668	3.6440865993499756
1.5139579772949219	3.06123685836792
1.7039951086044312	3.2839362621307373
5.900844097137451	0.21533715724945068
4.587623596191406	3.896832227706909
3.7670795917510986	3.78639817237854
1.852055311203003	0.17517238855361938
2.1526622772216797	0.40672534704208374
1.8943586349487305	0.5267345309257507
5.531072616577148	2.591777801513672
1.5333914756774902	3.3740193843841553
5.828399181365967	0.1464908868074417
2.470465898513794	3.4391441345214844
2.5411617755889893	-0.8015167117118835
1.1746180057525635	2.5627286434173584
2.329101324081421	-0.34074896574020386
2.520862102508545	-0.7105678915977478
2.6006109714508057	-0.5974336862564087
2.901585340499878	-0.28824684023857117
5.896000385284424	1.3767379522323608
3.801067590713501	3.9039204120635986
2.079166889190674	-0.3180477023124695
5.946591854095459	2.6454668045043945
2.1143524646759033	0.4665984511375427
4.296878337860107	-1.0050636529922485
5.678543567657471	2.406712770462036
1.7173902988433838	3.3809587955474854
2.372112989425659	-0.5712783932685852
2.512277364730835	-0.2915438413619995
5.962195873260498	1.5334032773971558
5.187076091766357	1.2232954502105713
1.4447548389434814	0.41636723279953003
3.6662564277648926	3.313065528869629
1.5335289239883423	0.7209551930427551
4.814986705780029	3.7918801307678223
5.516407012939453	0.8678261637687683
5.032109260559082	3.309392213821411
2.152566432952881	2.666078567504883
2.3606882095336914	3.6265079975128174
5.9043707847595215	0.4720194935798645
4.737437725067139	3.427793264389038
1.5873231887817383	3.2184596061706543
1.546144723892212	3.292079448699951
5.748546123504639	-0.2337416708469391
5.6759748458862305	2.7109367847442627
5.20518159866333	1.6502376794815063
2.9653613567352295	-0.8807523846626282
4.716556072235107	3.1809473037719727
5.8212971687316895	2.3880786895751953
4.642648220062256	3.6295623779296875
2.169358491897583	3.6074042320251465
4.915185928344727	3.104336977005005
1.3730524778366089	3.0729401111602783
1.8139524459838867	0.4089150130748749
5.119426250457764	3.566720962524414
1.336129903793335	0.7173938155174255
1.2779934406280518	0.6432362794876099
2.3918440341949463	-0.18316417932510376
4.601856231689453	1.8985464572906494
2.204547643661499	2.28912353515625
1.5582855939865112	3.066460132598877
3.115540027618408	2.8700361251831055
2.2572548389434814	2.40142822265625
1.6566399335861206	0.3419577479362488
2.064558982849121	2.622591018676758
5.582346439361572	0.3641969859600067
0.913489043712616	1.4634760618209839
1.4471240043640137	0.7039725184440613
3.1060731410980225	-0.1775161623954773
4.5446858406066895	3.105221748352051
2.2694122791290283	-0.6820864081382751
5.660311222076416	-0.4476315975189209
2.0221164226531982	0.04951644316315651
5.6725311279296875	-0.4775553345680237
5.472309589385986	2.82285213470459
5.469077110290527	0.31692421436309814
5.434701919555664	2.871656894683838
3.7582497596740723	3.9798808097839355
2.7456698417663574	-0.3778391480445862
5.620102405548096	-0.32840973138809204
1.9570239782333374	0.12443184852600098
4.482813358306885	2.621830463409424
3.1402249336242676	-0.9649982452392578
2.821275472640991	2.389268398284912
5.7090020179748535	-0.1355723738670349
1.2675508260726929	1.1156126260757446
2.9462344646453857	-0.559003472328186
1.5884753465652466	3.20566987991333
2.657115936279297	3.578740119934082
3.0203378200531006	3.044574737548828
3.389094591140747	-0.9696625471115112
1.6639844179153442	3.2138237953186035
5.000621318817139	1.912832260131836
5.137148857116699	-0.1546606421470642
1.684790849685669	3.5017342567443848
5.56384801864624	-0.13113734126091003
6.074580192565918	1.4920594692230225
5.709461688995361	0.08842894434928894
1.3537888526916504	2.996814012527466
1.417016625404358	3.1474130153656006
2.2757182121276855	3.0203561782836914
4.700042247772217	2.415130853652954
5.709603786468506	-0.3838765025138855
2.7185451984405518	1.8399330377578735
2.8971188068389893	-0.22519591450691223
3.2413547039031982	-1.0225776433944702
5.425384998321533	-0.5225171446800232
2.5751101970672607	2.8389062881469727
5.756983757019043	-0.19028514623641968
5.803359508514404	0.416302353143692
1.2893205881118774	2.9761176109313965
2.645522356033325	0.5887263417243958
3.309844493865967	-0.28007209300994873
2.610602617263794	1.2210603952407837
2.2458298206329346	3.469648838043213
1.505913257598877	0.7834639549255371
3.4805262088775635	4.124942779541016
5.583376407623291	0.060634974390268326
4.9121012687683105	2.5494298934936523
1.5274279117584229	3.0660643577575684
5.167098045349121	0.5813790559768677
5.455837249755859	1.5203648805618286
1.7102411985397339	0.4540501832962036
4.838015079498291	3.0340609550476074
4.217893123626709	2.353499412536621
3.514448881149292	-0.7753325700759888
1.8597224950790405	0.5771608352661133
3.203138828277588	1.0239644050598145
1.5022717714309692	3.2460107803344727
3.20097017288208	1.4006061553955078
5.716109752655029	2.3296713829040527
1.8852485418319702	0.5011210441589355
4.757997035980225	-0.2408265471458435
5.2870659828186035	-0.14392626285552979
5.257728099822998	3.642130136489868
1.8051018714904785	2.902763605117798
1.39040207862854	2.9348654747009277
5.005418300628662	1.595685601234436
5.650832176208496	-0.04802655801177025
5.92559289932251	1.2064154148101807
5.26657247543335	2.862797737121582
2.2023003101348877	2.4310317039489746
5.0980682373046875	2.870577096939087
2.6880855560302734	3.0548434257507324
1.9486247301101685	1.9765135049819946
1.6897701025009155	1.741093397140503
2.7757530212402344	3.628077745437622
2.6375577449798584	3.5522685050964355
6.095377445220947	2.011540412902832
1.718381643295288	-0.15767669677734375
4.451948642730713	-0.7652373909950256
1.5657697916030884	3.0134637355804443
1.5321800708770752	2.867426872253418
2.686877489089966	2.2298879623413086
1.425389051437378	3.2349019050598145
1.3989744186401367	1.8378417491912842
3.9485023021698	1.7714622020721436
3.5754282474517822	2.8395652770996094
3.7674944400787354	3.793882369995117
5.87255334854126	0.6870811581611633
5.6707563400268555	1.259042739868164
4.198693752288818	2.9005789756774902
2.1738338470458984	0.09500092267990112
5.3748979568481445	-0.4388459324836731
2.571671962738037	-0.5270240902900696
2.5728094577789307	-0.5267494320869446
1.4510751962661743	0.3290100693702698
2.392653226852417	2.637937307357788
5.957496643066406	0.2863912582397461
2.1707141399383545	-0.07339268922805786
5.685293674468994	-0.3313480615615845
4.864479064941406	0.059599701315164566
5.465396404266357	0.38878077268600464
2.0215203762054443	0.6860178112983704
4.688103199005127	3.201653480529785
3.6064538955688477	-0.5640742778778076
2.675966501235962	1.8382644653320312
1.9727983474731445	2.841533899307251
5.4825897216796875	0.6164892315864563
2.0052785873413086	2.999981164932251
5.105533123016357	0.9271261692047119
3.4006564617156982	3.1675543785095215
1.421168327331543	3.235830545425415
3.49360728263855	1.819170355796814
2.5574774742126465	3.3670458793640137
2.8478682041168213	-0.8161482214927673
5.860642910003662	0.929372251033783
2.624079704284668	3.5367841720581055
5.665843486785889	2.7876996994018555
2.5285282135009766	3.2125325202941895
4.942474842071533	3.7613325119018555
3.9026267528533936	0.570448100566864
6.1298508644104	1.5264251232147217
3.580509662628174	3.203007698059082
2.7403504848480225	-0.6057725548744202
5.471113681793213	1.792384386062622
2.436884880065918	4.020455837249756
1.6138217449188232	3.300741195678711
5.420591354370117	-0.08320975303649902
4.845669269561768	2.0166993141174316
1.6938114166259766	3.286618232727051
4.202497959136963	2.8715412616729736
4.012247562408447	2.467355728149414
3.420050859451294	3.372000217437744
1.1966300010681152	2.426586866378784
3.8543450832366943	2.880995750427246
1.946963906288147	0.23631703853607178
4.8473992347717285	2.0673673152923584
2.9166572093963623	-0.937469482421875
5.232876300811768	-0.06796777248382568
1.7330151796340942	0.4410911202430725
1.5801010131835938	1.6060940027236938
3.9505271911621094	2.8604607582092285
3.28059983253479	-0.46955516934394836
5.63131856918335	0.15811915695667267
2.714289903640747	3.0172057151794434
1.702348232269287	3.47367787361145
1.416414499282837	2.967175006866455
1.9537816047668457	3.5829970836639404
1.9931756258010864	3.026442766189575
1.6849031448364258	0.34836745262145996
5.420918941497803	-0.28336095809936523
4.634728908538818	3.1351630687713623
3.2283151149749756	3.1172595024108887
2.2314200401306152	-0.19251024723052979
3.2834360599517822	2.6474435329437256
5.709601402282715	0.5550999045372009
1.46280837059021	1.7388490438461304
4.5687575340271	2.8014111518859863
3.1023290157318115	-0.9333404898643494
1.6271228790283203	2.0297396183013916
1.6595405340194702	3.031726360321045
1.4715309143066406	3.034184455871582
2.1719069480895996	0.5882509350776672
2.462862253189087	-0.29913216829299927
5.669875144958496	0.5777357220649719
5.0163893699646	0.5757150650024414
1.6150498390197754	3.112046718597412
4.694494247436523	2.6862075328826904
1.4936161041259766	1.3110283613204956
5.619994640350342	-0.19052064418792725
5.56199312210083	1.5386533737182617
6.062545299530029	0.4713035225868225
1.8875491619110107	0.11121690273284912
1.283435583114624	1.3641759157180786
1.9204283952713013	1.1370991468429565
5.472899913787842	3.2601330280303955
5.552242279052734	0.4758918881416321
1.2780914306640625	2.8992834091186523
3.2968480587005615	0.25476229190826416
4.008723735809326	-0.7626607418060303
5.463770866394043	1.1483317613601685
2.7950241565704346	-0.8726306557655334
1.433354139328003	2.9103102684020996
3.520087480545044	-0.19365644454956055
1.366611361503601	2.6044514179229736
5.70794677734375	-0.011019404977560043
3.9813172817230225	2.384122133255005
4.338929653167725	0.242803692817688
2.3060054779052734	1.2281888723373413
3.8794639110565186	-1.0092288255691528
1.5348052978515625	0.8953436017036438
1.5069317817687988	3.155076265335083
4.7906718254089355	1.6664296388626099
5.4565749168396	0.08348259329795837
2.241446018218994	0.07495695352554321
5.6001176834106445	0.11811825633049011
4.7237725257873535	0.25385332107543945
1.35690176486969	1.297520399093628
4.421700954437256	3.305851936340332
3.545289993286133	-1.1075855493545532
3.7103981971740723	0.7062928676605225
4.371438503265381	2.9144506454467773
3.754415988922119	2.3635447025299072
3.559401512145996	3.7292017936706543
2.3508288860321045	1.2326741218566895
1.9932783842086792	-0.5076172351837158
5.655495643615723	0.742713212966919
1.0905766487121582	2.1255199909210205
4.95864200592041	1.0744214057922363
1.064357042312622	1.7077311277389526
1.6864805221557617	3.2243547439575195
1.5929926633834839	3.277742862701416
5.683873653411865	0.09526750445365906
2.1940581798553467	-0.5077916383743286
1.436497449874878	1.7849280834197998
5.661029815673828	2.5916335582733154
5.236814022064209	1.77676260471344
1.1910998821258545	2.7555971145629883
5.2164483070373535	1.466664433479309
2.5319766998291016	3.999556064605713
2.684324264526367	0.24553576111793518
1.2917861938476562	3.0501155853271484
5.681135654449463	1.270455241203308
3.8262739181518555	2.9702396392822266
1.6727569103240967	1.2106362581253052
3.382319927215576	4.090587615966797
2.3094067573547363	3.3952574729919434
1.1051740646362305	0.661348283290863
3.240790367126465	-0.8108474612236023
5.475532531738281	-0.09433645009994507
4.231451511383057	2.3618967533111572
5.499549865722656	0.00021326914429664612
2.799673318862915	2.310832977294922
4.175025463104248	3.447187662124634
2.1740217208862305	1.2509129047393799
5.724060535430908	0.8098742961883545
3.4915578365325928	-0.6458309292793274
4.9065937995910645	0.8945654034614563
4.768824100494385	-0.2976877689361572
5.578021049499512	0.8020004630088806
4.902286052703857	-0.11023738980293274
5.705603122711182	0.14390194416046143
5.851065158843994	0.16872689127922058
6.245863437652588	1.4445141553878784
1.5126359462738037	2.962254762649536
5.566789150238037	2.3233249187469482
5.5934929847717285	1.3193060159683228
3.372096538543701	4.213252544403076
4.8314738273620605	3.7467360496520996
1.5794677734375	3.432098627090454
3.0585379600524902	-1.1122617721557617
1.4289886951446533	3.1447253227233887
5.599244594573975	2.6861186027526855
3.012160539627075	0.10226327180862427
5.660037517547607	-0.17496353387832642
3.2324421405792236	-0.16728901863098145
1.5667870044708252	0.3622952699661255
5.3110551834106445	2.9758100509643555
1.8160786628723145	2.9416823387145996
1.5772337913513184	0.5884613990783691
2.700394630432129	-0.4308394193649292
4.078598976135254	3.4530041217803955
5.762354850769043	0.1683827042579651
5.366127967834473	1.504936933517456
1.4207303524017334	2.891698122024536
3.2051656246185303	-1.0330387353897095
5.385718822479248	0.6616501808166504
2.2542617321014404	3.118276596069336
3.676318407058716	3.920623779296875
2.5592539310455322	3.6646127700805664
2.9202589988708496	-0.8860041499137878
1.5671751499176025	3.2804508209228516
5.541250228881836	2.18697452545166
2.649811029434204	0.2075098752975464
5.456184387207031	-0.37144988775253296
5.396298885345459	-0.2643556594848633
2.075232744216919	-0.3378259539604187
4.469186305999756	-0.592905580997467
1.9782134294509888	2.6555709838867188
3.1679646968841553	-0.7231731414794922
1.8558752536773682	0.04166019335389137
3.050262928009033	3.506065845489502
5.510651111602783	-0.07747095823287964
1.5888371467590332	3.326724052429199
1.5724499225616455	3.01865291595459
4.587016582489014	1.2163472175598145
5.898379802703857	1.4769138097763062
4.985047817230225	3.4426517486572266
4.729308605194092	3.4314401149749756
5.695630073547363	1.6270211935043335
3.9443199634552	-1.0317789316177368
2.1474642753601074	-0.2917448878288269
5.8996992111206055	0.8679606318473816
1.5588383674621582	2.933931827545166
5.9226508140563965	0.4567316174507141
5.424952983856201	0.4907464385032654
1.7225303649902344	0.2931009531021118
1.6188902854919434	0.14540797472000122
2.0078155994415283	2.7650580406188965
3.3942601680755615	2.8922832012176514
2.1358847618103027	-0.2090665102005005
1.169898271560669	2.2633399963378906
3.415963649749756	-0.9593983292579651
2.6263608932495117	-0.07661586999893188
4.167372703552246	3.642688512802124
5.100351810455322	3.705444574356079
5.7692036628723145	0.009810391813516617
3.3800346851348877	1.9113975763320923
5.705908298492432	0.47997981309890747
3.7616536617279053	3.654012441635132
5.406254768371582	0.12991836667060852
1.6751245260238647	3.2061214447021484
5.178727149963379	-0.1761055588722229
3.9818637371063232	3.8057971000671387
2.8115406036376953	-0.3300788402557373
3.688619613647461	-0.9715045690536499
5.701641082763672	-0.12868502736091614
1.5091474056243896	0.7469385266304016
5.4360575675964355	0.014352712780237198
2.049433708190918	2.41396164894104
1.5709813833236694	3.0988481044769287
4.590221405029297	3.096444845199585
2.867375612258911	-0.6143998503684998
1.5346860885620117	0.06576186418533325
5.358325958251953	2.590542793273926
5.484714031219482	3.3034183979034424
1.6844788789749146	0.6170414686203003
1.4894328117370605	0.9752727150917053
2.58676815032959	-0.523544192314148
4.3802008628845215	-0.3772326707839966
5.805550575256348	1.6079021692276
4.294118881225586	1.478536605834961
5.273179054260254	-0.3545006513595581
4.5187087059021	1.7678089141845703
2.1641037464141846	2.3269474506378174
4.984414577484131	0.525553286075592
3.1193745136260986	-0.9880979657173157
3.319293737411499	-0.8525857925415039
1.6497435569763184	3.357677936553955
3.3208324909210205	3.2357921600341797
4.508779048919678	3.9715723991394043
5.353908061981201	3.123840808868408
2.4990103244781494	1.3990139961242676
3.8361668586730957	0.2028942108154297
4.891046524047852	3.370032787322998
3.0762932300567627	-0.9816926121711731
1.1509920358657837	0.7158992886543274
6.09424352645874	1.5878539085388184
3.9976160526275635	3.1755263805389404
5.363223552703857	0.8640418648719788
2.6509320735931396	2.218005895614624
2.4490888118743896	0.2339741289615631
1.6722183227539062	3.2437381744384766
1.5433157682418823	3.1569056510925293
5.6658172607421875	-0.17894726991653442
3.138556957244873	0.07220414280891418
1.6849281787872314	3.1639063358306885
2.9613723754882812	3.553375482559204
5.67024564743042	1.0580183267593384
1.2115013599395752	1.2513682842254639
5.7873854637146	0.037688348442316055
3.709656000137329	1.8816204071044922
4.411240100860596	3.877357006072998
5.814807415008545	0.5136426091194153
2.154940366744995	2.548910140991211
5.639284610748291	1.4899057149887085
2.697968006134033	-0.5929177403450012
5.971911907196045	1.9141210317611694
1.4084566831588745	1.8862789869308472
2.1546287536621094	2.938361644744873
2.8523995876312256	-1.134631872177124
1.2083683013916016	0.7779091000556946
4.961109638214111	3.170992374420166
2.351930856704712	-0.1154446005821228
4.967114448547363	0.9384179711341858
5.320667743682861	0.9651582837104797
1.4921953678131104	0.9779017567634583
3.4007174968719482	-0.8635067343711853
4.663041591644287	3.5634055137634277
2.3872387409210205	-0.4825844168663025
5.465617656707764	1.412645936012268
1.8769829273223877	3.0671920776367188
1.5697007179260254	3.2578654289245605
5.748553276062012	1.3695940971374512
4.252396583557129	3.486811876296997
2.0858774185180664	-0.252943217754364
5.299966812133789	0.6588316559791565
5.779150009155273	2.9251646995544434
5.263063907623291	3.4207749366760254
5.679272651672363	1.9240397214889526
2.6733615398406982	3.4267995357513428
5.668806552886963	0.8332010507583618
1.4242687225341797	0.3932839632034302
2.027635335922241	-0.2257990837097168
1.8459545373916626	2.986588478088379
1.3104404211044312	2.385183334350586
2.4441144466400146	2.4146909713745117
1.168748140335083	1.5716646909713745
5.536574363708496	-0.007576104253530502
4.960603713989258	-0.52864009141922
1.8873659372329712	0.7425158023834229
5.017678737640381	-0.2882179617881775
5.448795318603516	0.2078310251235962
5.333991527557373	3.3226897716522217
3.0390162467956543	2.51143217086792
3.9818613529205322	4.189340114593506
1.6689192056655884	3.3248720169067383
3.0693938732147217	-0.4256244897842407
1.734487533569336	3.3760452270507812
5.6829023361206055	2.2156059741973877
5.401247024536133	2.9936676025390625
1.3066215515136719	3.034209728240967
1.3017289638519287	1.059536099433899
4.458961486816406	3.8833723068237305
6.107402801513672	0.922275960445404
3.7629525661468506	-0.7325665354728699
3.0767273902893066	3.2921290397644043
5.7391886711120605	1.556648850440979
5.238456726074219	3.0393900871276855
5.984689235687256	1.6016508340835571
3.4903528690338135	-1.2381404638290405
4.203627586364746	-0.6156574487686157
5.8425798416137695	0.5189403295516968
5.426366329193115	0.5503492951393127
3.490751266479492	-1.1489577293395996
4.171557903289795	3.2280077934265137
1.31508207321167	0.9717994332313538
2.625410556793213	-0.12438243627548218
3.1183977127075195	-1.0252785682678223
2.4344682693481445	3.746696949005127
4.702928066253662	3.39656925201416
1.8320847749710083	2.6657283306121826
5.352441310882568	-0.0982484221458435
5.887855052947998	0.2079773247241974
4.405615329742432	3.495182514190674
5.2789530754089355	3.2178397178649902
4.492501735687256	0.5218068361282349
1.127010703086853	2.153714656829834
2.764742612838745	2.567673921585083
4.244331359863281	3.5120677947998047
4.5883307456970215	3.4337098598480225
1.4875688552856445	0.9888473153114319
5.77421236038208	1.1898964643478394
2.2527427673339844	3.431425094604492
1.5617468357086182	3.249558210372925
5.458632469177246	-0.5157424211502075
6.0310587882995605	1.077592134475708
5.5440568923950195	3.531115770339966
5.905742168426514	1.8486647605895996
2.0524234771728516	3.0254740715026855
3.061903238296509	-1.1565401554107666
2.1519064903259277	3.2012383937835693
2.7320973873138428	1.2238656282424927
1.2805089950561523	0.5684272050857544
5.302647113800049	0.41698068380355835
4.390742778778076	-0.9061875939369202
2.2478630542755127	-0.6016748547554016
1.6649523973464966	3.0963876247406006
2.0227973461151123	2.004779815673828
5.845198154449463	2.3886466026306152
2.9432246685028076	-1.0111531019210815
1.1813671588897705	0.7024710178375244
5.177009105682373	0.40650033950805664
5.0722198486328125	3.3146281242370605
1.5357054471969604	3.2011654376983643
3.763333320617676	3.4519505500793457
5.425361633300781	0.7198302149772644
2.7539961338043213	-0.40631556510925293
5.912633895874023	0.9306190609931946
3.3848214149475098	-0.7719287276268005
3.586533546447754	-0.9637642502784729
1.8490647077560425	0.26126378774642944
3.075289726257324	1.8524290323257446
1.3216917514801025	1.5418084859848022
5.5739426612854	0.8111273646354675
5.426116466522217	-0.01796751841902733
4.820337772369385	0.9383091330528259
1.6135063171386719	0.10200470685958862
1.5778388977050781	3.0672295093536377
3.794210910797119	-0.6686473488807678
5.780666351318359	0.7260947227478027
1.9225399494171143	-0.2830609083175659
5.928716659545898	1.7875590324401855
5.906735897064209	0.5233510732650757
1.911442756652832	0.45972514152526855
3.2871406078338623	3.5141642093658447
2.617281436920166	1.0742741823196411
3.460354804992676	-1.1336805820465088
2.4779000282287598	2.46018648147583
5.861812114715576	1.419165849685669
5.465562343597412	0.2892238199710846
1.8865933418273926	1.90482497215271
1.6495801210403442	3.264348030090332
1.5696163177490234	3.319962501525879
3.1531403064727783	1.0756279230117798
3.088242292404175	3.7358644008636475
2.3367931842803955	1.8225206136703491
5.837098598480225	1.5178216695785522
2.3681368827819824	1.6371912956237793
4.092722415924072	-1.0429391860961914
5.813639163970947	0.45610910654067993
1.4903947114944458	0.5458617806434631
3.2593555450439453	-0.7575228214263916
3.292717456817627	-0.8415066003799438
5.260243892669678	0.6469332575798035
3.0415332317352295	-0.4906979203224182
2.3539390563964844	-0.4877760410308838
2.6778271198272705	0.5416884422302246
2.2364606857299805	2.136003017425537
1.1276357173919678	1.9884237051010132
3.0293242931365967	-0.8227490782737732
3.7802374362945557	4.227823734283447
3.83016037940979	2.840113401412964
3.3748538494110107	-0.6361041069030762
1.5142053365707397	3.1446480751037598
2.8079299926757812	-0.7275978326797485
4.755896091461182	2.2903800010681152
5.4553704261779785	-0.5711491703987122
2.221087694168091	0.025868479162454605
4.23421049118042	3.0899124145507812
2.351799726486206	1.8132413625717163
2.297330141067505	2.3248353004455566
5.381714344024658	-0.14828601479530334
2.303217887878418	0.3780089020729065
1.5588809251785278	3.105001449584961
5.343216896057129	0.9236028790473938
3.925381898880005	2.280327558517456
2.802434206008911	-0.330641508102417
4.437594890594482	2.8166728019714355
5.096870422363281	3.6287052631378174
5.278125286102295	1.9581252336502075
5.574450969696045	2.0730209350585938
1.9028745889663696	3.1785855293273926
5.303372383117676	2.442991256713867
1.595975637435913	3.2439422607421875
1.2234801054000854	0.38217633962631226
1.9187935590744019	3.0732531547546387
3.330329418182373	3.960953712463379
5.6427083015441895	0.7867637276649475
5.19756555557251	1.4660505056381226
3.63957142829895	-0.939848005771637
1.594925880432129	1.9401206970214844
2.6629350185394287	0.22571831941604614
5.714315891265869	2.1934738159179688
2.1681456565856934	-0.3386562764644623
3.4891841411590576	0.2461872696876526
5.364739894866943	2.037446975708008
4.728604316711426	2.207144260406494
5.3520073890686035	3.2995073795318604
2.9318900108337402	2.5242679119110107
5.154027462005615	2.150643825531006
1.5848428010940552	3.130542039871216
5.521089553833008	0.8473411202430725
1.341778039932251	1.205902338027954
2.668081760406494	-0.5677031874656677
2.1346194744110107	3.8757636547088623
3.9082627296447754	2.22355318069458
5.594028472900391	0.3668462634086609
3.2332980632781982	2.3376972675323486
5.048408031463623	-0.8625276684761047
3.0626609325408936	-0.8535260558128357
4.344725131988525	-0.8522824645042419
5.440219402313232	0.9429062008857727
3.768411874771118	-1.1698037385940552
3.0657525062561035	-0.748044490814209
5.402540683746338	3.1413514614105225
1.524754524230957	3.1613051891326904
1.66471529006958	0.03243691101670265
2.884622812271118	-0.9719170928001404
4.565478801727295	3.441110849380493
5.121306419372559	0.39591172337532043
5.363643169403076	3.479310989379883
5.0304741859436035	2.2979533672332764
5.492711067199707	1.0352405309677124
2.089999198913574	-0.41552674770355225
1.488373875617981	3.134063482284546
1.6371873617172241	3.1236917972564697
1.5265100002288818	1.2888036966323853
2.990870237350464	-0.7969522476196289
2.3306305408477783	-0.18692094087600708
2.559126615524292	1.5513815879821777
2.511263370513916	-1.075278878211975
2.3326733112335205	2.703408718109131
6.0672173500061035	2.244748115539551
5.284721851348877	1.2161966562271118
1.3095773458480835	3.0801758766174316
2.1277644634246826	2.011580228805542
2.166745662689209	-0.7782173156738281
5.376977443695068	0.8966532945632935
2.721660852432251	2.2437219619750977
1.4534727334976196	3.149557590484619
5.790052890777588	0.003018055111169815
3.3604321479797363	-0.8492547869682312
4.776572227478027	3.304206609725952
4.317363739013672	3.8602261543273926
1.1370549201965332	1.247196078300476
1.8494709730148315	0.08170801401138306
4.93701171875	0.9816154837608337
2.0321521759033203	3.2232532501220703
3.205080986022949	2.545860528945923
1.2939479351043701	1.4133073091506958
5.705409526824951	0.2504268288612366
5.542166233062744	1.343367576599121
5.5565690994262695	-0.4824860692024231
1.3778175115585327	2.8894898891448975
3.4921534061431885	3.918414354324341
4.489142894744873	3.0381782054901123
5.279141426086426	2.887162923812866
3.7975313663482666	3.4524106979370117
2.304633378982544	0.28201109170913696
1.9858953952789307	0.7848169207572937
3.183682680130005	-0.8983026146888733
4.7173171043396	2.7931931018829346
5.531772136688232	-0.3025170564651489
5.716008186340332	1.8138529062271118
1.1367580890655518	1.5085686445236206
2.5600435733795166	-0.6840976476669312
1.2498867511749268	2.9616756439208984
5.072473526000977	3.0112690925598145
5.45591402053833	1.300408959388733
4.187380790710449	1.735417127609253
6.129481792449951	0.7743332982063293
4.645137310028076	-0.19173890352249146
5.20353364944458	-0.2930421829223633
1.4362854957580566	2.9702205657958984
1.7937507629394531	3.6126277446746826
3.8454768657684326	2.8356266021728516
1.6848256587982178	0.005365792661905289
4.894933700561523	3.16814923286438
1.828859567642212	0.306535929441452
1.4459782838821411	1.0934535264968872
4.6393303871154785	3.8218722343444824
3.0446717739105225	3.7862706184387207
1.4327143430709839	3.1912460327148438
1.6463228464126587	0.33355221152305603
4.587141036987305	3.4009459018707275
2.099895715713501	2.4503791332244873
3.690969705581665	3.565049648284912
1.4054515361785889	3.143388509750366
1.6315038204193115	1.3062766790390015
4.82850456237793	2.4566595554351807
3.645646333694458	3.7093942165374756
1.8517013788223267	2.99685001373291
2.6839287281036377	3.602602243423462
3.9487156867980957	3.6677370071411133
1.4032782316207886	0.11856216192245483
2.9260475635528564	-0.13287824392318726
2.981147527694702	3.5680956840515137
3.872185468673706	-0.4624973237514496
5.738778591156006	0.27237722277641296
4.516757965087891	3.3865270614624023
5.796156406402588	-0.00727444514632225
1.3541882038116455	2.4920599460601807
1.4701616764068604	3.095487356185913
1.2623697519302368	2.8785486221313477
1.2848552465438843	0.7434550523757935
3.945538282394409	-0.8074435591697693
1.4463342428207397	3.250713348388672
1.5203959941864014	3.184213638305664
4.186535835266113	3.880520820617676
5.382832050323486	2.666630983352661
1.2386815547943115	1.891493320465088
3.863577127456665	2.025944948196411
5.699680805206299	0.27748385071754456
5.794233798980713	0.42160043120384216
5.610456943511963	1.2622605562210083
5.823056697845459	0.6272687315940857
2.710610866546631	-0.019331391900777817
1.35007643699646	2.977877616882324
5.949423313140869	1.3345307111740112
6.326929569244385	1.763169765472412
2.159017562866211	0.42121532559394836
3.5204432010650635	-0.46110379695892334
3.0910658836364746	3.838759422302246
3.1953842639923096	3.385141372680664
5.589545249938965	0.8364793658256531
2.5170226097106934	-0.8656203746795654
5.669583797454834	2.6096558570861816
3.8266918659210205	2.614975690841675
1.685022234916687	2.8999104499816895
5.737955093383789	0.42336997389793396
5.580799579620361	2.5339221954345703
4.799427032470703	3.195955753326416
2.0997560024261475	0.4990581274032593
3.1952364444732666	3.2533979415893555
1.8506091833114624	-0.1538640856742859
4.320470809936523	2.6542787551879883
1.8640400171279907	0.032005731016397476
2.027646064758301	3.327331304550171
2.894636869430542	-0.9813977479934692
4.626328945159912	3.307647466659546
1.3339427709579468	3.145059108734131
5.312652111053467	2.3242199420928955
4.08292293548584	3.336216688156128
4.9209747314453125	0.5796075463294983
2.098176956176758	-0.39443695545196533
1.8081494569778442	3.0045342445373535
4.88947057723999	2.4124631881713867
1.9665405750274658	-0.14937925338745117
1.498341679573059	1.7993654012680054
3.6144094467163086	-0.7462589144706726
5.876915454864502	0.9241660237312317
5.610893726348877	1.3219406604766846
4.00949764251709	4.199663162231445
1.570709228515625	3.082395553588867
1.424525499343872	3.2775392532348633
2.197861433029175	0.8572611212730408
5.968532085418701	0.607306182384491
4.037946701049805	2.943596601486206
4.44935417175293	2.976844310760498
4.592609405517578	3.2087059020996094
1.1529533863067627	1.3638063669204712
5.573054790496826	0.9334082007408142
4.598108768463135	-0.20358234643936157
5.886294841766357	1.7484327554702759
2.5339467525482178	-0.5540394186973572
3.9154608249664307	3.8488500118255615
4.095462799072266	3.939725875854492
4.750973224639893	3.761753559112549
5.772469520568848	2.1703908443450928
3.0213675498962402	-0.9172973036766052
1.6730618476867676	1.860842227935791
2.1007180213928223	1.4761325120925903
4.730550289154053	3.570524215698242
4.640010833740234	3.4610812664031982
5.905521392822266	0.2563095688819885
1.627009630203247	0.4107988476753235
2.030465602874756	0.4137687683105469
1.6528873443603516	3.156846523284912
1.1190787553787231	0.9643619656562805
1.8752524852752686	-0.1221204400062561
5.5094451904296875	1.2966742515563965
5.485161304473877	1.5510377883911133
3.7909834384918213	-1.0094956159591675
2.1169891357421875	-0.24945968389511108
5.909829139709473	1.6125028133392334
3.1859123706817627	-0.22787684202194214
2.964154005050659	-0.6198179125785828
4.0374321937561035	1.5867475271224976
1.1618821620941162	2.1472346782684326
2.100200891494751	-0.14342886209487915
4.185317516326904	3.1355185508728027
1.8746528625488281	0.15011543035507202
5.198154926300049	1.9495121240615845
2.329045057296753	0.23884516954421997
2.9237489700317383	-0.4644860029220581
1.6419312953948975	0.2574082016944885
1.4190500974655151	3.0789337158203125
4.3900604248046875	3.2397513389587402
4.3019795417785645	-1.2590018510818481
3.052659749984741	-0.6079505681991577
2.3843932151794434	3.6296801567077637
5.524848461151123	-0.20901894569396973
4.021723747253418	-0.6906814575195312
1.495940923690796	3.0909876823425293
4.130532264709473	3.6868343353271484
6.178163051605225	0.6563441157341003
6.0308451652526855	0.715889036655426
5.104910373687744	3.217924118041992
1.3324439525604248	0.42856159806251526
3.619877576828003	-1.3085938692092896
5.344015121459961	3.3454740047454834
5.630483627319336	-0.14620664715766907
4.226932048797607	-0.4667993187904358
1.454447865486145	0.23930764198303223
1.6491191387176514	3.1166176795959473
4.089953899383545	0.1395944356918335
4.159705638885498	-0.6103699803352356
5.322096824645996	-0.06926846504211426
4.1526641845703125	-0.7023722529411316
1.5918526649475098	3.3037991523742676
3.3938910961151123	-0.6259765028953552
6.382714748382568	1.1656866073608398
1.2758806943893433	3.046020269393921
4.498690605163574	2.952909469604492
5.7201337814331055	1.5500539541244507
3.40095591545105	-1.172181248664856
5.041050434112549	1.9163094758987427
1.8001383543014526	0.37194013595581055
6.036947727203369	1.2607786655426025
4.248884201049805	0.6917396187782288
1.6033564805984497	-0.1456543207168579
5.425220012664795	-0.38784587383270264
4.72157621383667	3.2013702392578125
1.575223684310913	2.9437012672424316
2.8945794105529785	-0.8504919409751892
5.852946758270264	0.6486338973045349
4.004677772521973	2.9975204467773438
3.85672926902771	-1.2601455450057983
1.6605939865112305	-0.1363769769668579
1.9866316318511963	0.4094521999359131
3.919764995574951	3.9522008895874023
4.019482612609863	-0.4575684666633606
5.121016502380371	-0.5246410369873047
3.304591655731201	-0.7537603974342346
4.922005653381348	3.7246203422546387
3.614715099334717	-0.43444645404815674
5.51365327835083	1.3431065082550049
1.5126709938049316	0.3639898896217346
4.521012783050537	3.7921457290649414
2.84782338142395	0.012719515711069107
4.240331172943115	3.455573081970215
1.2090204954147339	1.7829272747039795
1.4554684162139893	3.1686925888061523
1.5481740236282349	0.4657125473022461
4.008759021759033	0.1042466014623642
4.971927642822266	2.8135247230529785
3.59279727935791	3.9790596961975098
1.5806113481521606	1.5384572744369507
5.273934364318848	2.8871893882751465
3.5722897052764893	3.0467004776000977
1.468072533607483	3.218014717102051
3.733945608139038	-0.929709255695343
2.7587692737579346	3.6769039630889893
5.901965141296387	1.8723419904708862
1.3710871934890747	3.0546047687530518
1.883709192276001	3.209310531616211
4.060568332672119	-0.34402158856391907
4.372734546661377	1.5362927913665771
4.980795383453369	3.583921432495117
3.1993844509124756	0.9922441840171814
4.655232906341553	-0.5400452017784119
6.20872163772583	1.5233451128005981
1.2099833488464355	1.2216988801956177
1.363642930984497	0.9031668901443481
1.5216132402420044	3.252936601638794
3.113016128540039	-1.2086764574050903
4.553907871246338	3.559628963470459
6.301954746246338	1.192032814025879
1.7181823253631592	0.857582688331604
5.965456485748291	1.8465014696121216
3.350076913833618	-1.0534920692443848
2.218010187149048	3.1268208026885986
3.944817304611206	2.486110210418701
3.1247918605804443	-1.2205740213394165
5.962130069732666	1.488777995109558
4.405529022216797	2.3196775913238525
6.101576805114746	2.00384521484375
3.664036273956299	1.7532603740692139
5.556085586547852	-0.14686286449432373
4.5315680503845215	0.09808796644210815
5.354109287261963	0.5271046161651611
5.466091632843018	-0.5189845561981201
2.900925874710083	4.080469608306885
3.8579156398773193	-1.0554096698760986
3.54144024848938	-0.8787037134170532
3.4639651775360107	-1.2646838426589966
2.488746404647827	-0.12530452013015747
2.616237163543701	-1.0074723958969116
5.284219264984131	0.14147749543190002
1.9446029663085938	3.322392463684082
5.284732341766357	3.2038729190826416
4.339353561401367	0.40906795859336853
2.3767149448394775	0.014434818178415298
1.3949759006500244	1.4123870134353638
2.771116256713867	3.3423116207122803
2.447418689727783	2.3366856575012207
1.1231703758239746	1.7265139818191528
2.693999767303467	2.7059977054595947
1.7997562885284424	0.144365131855011
2.1580913066864014	3.1772162914276123
3.420398473739624	3.1823816299438477
4.941909313201904	2.1286568641662598
5.091402530670166	0.9085813164710999
2.770317554473877	-0.80145263671875
1.5234284400939941	0.45317167043685913
2.070509195327759	3.4539833068847656
2.790343761444092	3.0869250297546387
5.788102626800537	2.476848840713501
4.3283843994140625	2.7025041580200195
5.641409397125244	-0.27695682644844055
5.023033618927002	2.686246395111084
5.281556129455566	0.12360846996307373
1.1972540616989136	1.2970818281173706
5.773464679718018	1.5934497117996216
2.6856117248535156	0.3348506987094879
6.050241947174072	0.4462888836860657
5.690732955932617	0.4570600986480713
3.234346628189087	-0.9590839147567749
2.5756261348724365	-0.6291630268096924
1.7368348836898804	0.37056559324264526
3.1766810417175293	-0.6224271059036255
5.572816371917725	0.6001236438751221
5.6722917556762695	0.3723725378513336
2.6800098419189453	0.5387921333312988
4.938265323638916	3.6303629875183105
3.006398916244507	2.106879949569702
2.8655738830566406	-0.9605618119239807
4.696444034576416	3.1604743003845215
1.8172252178192139	0.01602054014801979
5.014739513397217	3.2538936138153076
5.3749823570251465	2.794556140899658
4.525879859924316	-0.4131687879562378
3.6658217906951904	3.522322654724121
1.3628387451171875	3.07738995552063
1.371106743812561	0.408966064453125
5.858485698699951	0.5914179682731628
5.400979042053223	3.4793825149536133
3.0118212699890137	1.6606916189193726
1.0657850503921509	1.6420952081680298
5.6969523429870605	0.07311785221099854
3.9579005241394043	1.8997845649719238
2.3395097255706787	1.2088853120803833
4.541571140289307	3.6192798614501953
1.7694661617279053	3.171597957611084
1.3788907527923584	0.25017309188842773
3.1060402393341064	-0.7422026991844177
3.7386510372161865	4.042703628540039
1.6454988718032837	1.4014458656311035
4.1804046630859375	3.689918041229248
5.565348148345947	1.882753849029541
1.862206220626831	0.15886062383651733
3.341715097427368	1.6545664072036743
5.331253528594971	2.8384554386138916
3.1572415828704834	3.398837089538574
1.430061936378479	1.8603988885879517
1.9799846410751343	-0.3657335638999939
4.319828987121582	2.768009662628174
3.54337477684021	-1.2943416833877563
5.092496871948242	-0.22611528635025024
1.2475173473358154	1.5420860052108765
2.7468018531799316	3.5093483924865723
5.425693511962891	0.25985410809516907
4.127477169036865	3.7819879055023193
5.061748027801514	2.878624677658081
5.893208980560303	2.1129162311553955
1.2608333826065063	0.41079601645469666
1.7361494302749634	3.437592029571533
1.9597012996673584	0.11516034603118896
5.634716510772705	0.8397346138954163
4.211811542510986	3.687946319580078
5.752747535705566	1.7837659120559692
5.327656269073486	0.0029860176146030426
4.065143585205078	-0.4282881021499634
5.380295753479004	0.10773682594299316
3.037029981613159	3.525420665740967
5.569522380828857	-0.6513638496398926
5.471418380737305	1.0423299074172974
1.7367290258407593	2.9479446411132812
5.380174160003662	-0.33143651485443115
5.6116042137146	-0.6477965712547302
5.787909030914307	0.052869562059640884
1.7641572952270508	3.215993881225586
2.7696492671966553	0.24552404880523682
5.59202766418457	-0.4545080065727234
5.410608768463135	-0.6524211168289185
3.4057986736297607	-1.09857976436615
5.141764163970947	2.285221815109253
1.6819885969161987	2.812680721282959
3.62699294090271	-0.49445489048957825
5.327548980712891	0.08170026540756226
3.463714838027954	3.4888978004455566
3.0045504570007324	-1.1955111026763916
4.671871662139893	-0.1844167709350586
1.2523821592330933	0.6914010047912598
4.366410255432129	0.10526704788208008
1.8665862083435059	0.24836671352386475
3.381553888320923	2.87042498588562
5.830837249755859	2.349614381790161
5.770586967468262	0.09876865148544312
5.272457122802734	0.20482885837554932
4.389124393463135	2.554114580154419
5.340146541595459	2.3396763801574707
3.464914321899414	3.434967041015625
6.018187522888184	2.069068431854248
1.9039041996002197	0.799765944480896
5.55110502243042	0.2983034551143646
1.5432698726654053	3.191922187805176
6.194077014923096	1.8275517225265503
1.8294892311096191	0.4997946619987488
6.150985240936279	2.433915376663208
4.661036968231201	3.246215343475342
2.549715280532837	-0.6678629517555237
1.7049248218536377	1.4523135423660278
3.6848697662353516	-1.074110507965088
3.076507806777954	-0.37117844820022583
5.356248378753662	-0.3326517641544342
5.187315464019775	2.68369197845459
1.7503198385238647	2.9393835067749023
3.624685287475586	2.971959114074707
5.808589458465576	0.8769871592521667
3.0984580516815186	-1.0337069034576416
6.052767276763916	2.295090675354004
2.281851291656494	0.2073902189731598
3.795769691467285	-0.2546275854110718
1.7328137159347534	0.23176753520965576
4.220128536224365	2.735531806945801
5.036258220672607	-0.6075121760368347
5.572803497314453	2.68894100189209
2.463620662689209	-0.11033481359481812
1.5686466693878174	-0.23758983612060547
5.611487865447998	1.3147743940353394
2.2106728553771973	3.360666513442993
5.9555840492248535	0.46617060899734497
1.281650185585022	1.4030678272247314
1.2405414581298828	1.1185702085494995
4.386664867401123	-0.39878374338150024
5.55890417098999	0.10849836468696594
1.6226937770843506	3.018990993499756
1.457377314567566	0.8217141628265381
5.343921184539795	0.400076299905777
4.944831371307373	3.5713632106781006
4.671360492706299	3.3598806858062744
3.7654616832733154	1.21580970287323
3.0623655319213867	-0.9164639711380005
5.334384918212891	2.4007129669189453
2.8668980598449707	1.9219642877578735
2.421063184738159	3.2167675495147705
4.789098739624023	3.332106351852417
2.5481152534484863	3.4244649410247803
2.7571470737457275	-0.2738545536994934
4.479557991027832	3.7428741455078125
2.3554704189300537	2.60357928276062
3.981403112411499	-0.6000621914863586
1.1874438524246216	1.644677996635437
2.9638783931732178	3.3258204460144043
5.358614444732666	-0.15817570686340332
5.49280309677124	2.5786900520324707
1.395254373550415	3.0853748321533203
2.907625198364258	-0.7288522124290466
4.793598175048828	-0.19060152769088745
4.860073089599609	-0.8630199432373047
5.856712341308594	1.2087148427963257
1.6186063289642334	3.290961742401123
1.8017990589141846	0.439561665058136
1.7266799211502075	3.2678918838500977
2.1678378582000732	2.4563002586364746
5.815232276916504	0.9748860001564026
1.471289873123169	1.7986541986465454
5.859328269958496	1.2997264862060547
1.6207435131072998	2.5732784271240234
1.3101792335510254	3.109105110168457
1.8132818937301636	0.6040108799934387
4.2077860832214355	-0.5927348136901855
4.204895973205566	-0.2624664306640625
3.2551286220550537	-0.8985949754714966
1.2747738361358643	2.926943302154541
2.4888579845428467	3.515702247619629
1.5365670919418335	0.8644186854362488
5.153608798980713	-0.9111371040344238
3.3639416694641113	3.1173038482666016
2.8971188068389893	3.4220104217529297
5.883913040161133	1.7371443510055542
3.853466033935547	3.9627017974853516
5.68666410446167	0.0105363167822361
1.986596941947937	3.442519426345825
2.543881416320801	1.4151734113693237
4.250958442687988	3.7082407474517822
1.7639663219451904	2.5975453853607178
2.312039852142334	3.778634786605835
3.0431394577026367	0.2043406367301941
5.6674370765686035	1.422566533088684
5.247137069702148	-0.4723104238510132
3.7044878005981445	-0.21955013275146484
2.3393452167510986	1.2979800701141357
3.4257609844207764	3.8119850158691406
1.444676399230957	3.1347484588623047
4.378705024719238	1.682668685913086
3.590212345123291	2.8849563598632812
3.6657140254974365	4.155119895935059
2.36531400680542	-0.5161022543907166
5.570813179016113	0.24325481057167053
5.271111965179443	-0.7801907658576965
5.370889186859131	2.7588064670562744
1.0760748386383057	1.9986668825149536
3.6666767597198486	3.7317423820495605
5.427364826202393	1.2402795553207397
4.9404120445251465	-0.45184528827667236
5.246352672576904	-0.641933262348175
1.3384416103363037	3.139944076538086
1.6131806373596191	2.9137721061706543
2.211829900741577	-0.08471888303756714
1.4754242897033691	0.9470152258872986
1.1832443475723267	1.3294782638549805
5.142111778259277	-0.45434772968292236
5.675149440765381	-0.21371549367904663
4.731924533843994	3.340362071990967
5.137545108795166	-0.4307790994644165
2.8510842323303223	1.182863712310791
3.387234687805176	3.713697671890259
1.8919378519058228	0.46384280920028687
3.271851062774658	-0.9784179925918579
4.191812038421631	1.6541584730148315
3.1690711975097656	3.7294178009033203
4.197072982788086	-0.4583718776702881
3.111154317855835	3.4295332431793213
1.7649996280670166	-0.23625606298446655
2.6781539916992188	0.44803673028945923
4.924978256225586	3.0389788150787354
3.783623456954956	4.07882833480835
5.316263675689697	-0.44386357069015503
4.4674553871154785	-0.480327844619751
2.0591137409210205	3.113095283508301
5.402839183807373	2.130352020263672
1.330200433731079	2.8477115631103516
3.7725460529327393	-0.6481313109397888
1.4116328954696655	0.3726179003715515
3.5254054069519043	3.835843086242676
1.3377141952514648	0.7671967148780823
5.399917125701904	0.014265123754739761
1.5747590065002441	3.1295926570892334
1.6077570915222168	3.238720655441284
4.430302143096924	3.1453068256378174
5.954433917999268	0.636329710483551
4.012081146240234	0.2642887234687805
5.802363872528076	0.0872490406036377
4.928691387176514	3.0410165786743164
4.149450778961182	0.3540583848953247
2.072953224182129	2.4899048805236816
6.015807151794434	1.2078100442886353
3.684047222137451	-0.7444769740104675
5.312979221343994	-0.04641401395201683
5.085413455963135	0.5337476134300232
5.1602253913879395	2.553805351257324
4.039190769195557	-0.20160824060440063
1.981589913368225	2.6154661178588867
2.0292601585388184	2.6697490215301514
1.6202819347381592	3.2373437881469727
2.653376817703247	0.5132127404212952
3.227280378341675	-1.063659429550171
1.0241550207138062	1.5416628122329712
1.7401971817016602	3.4483513832092285
4.715895175933838	1.3456209897994995
6.052663803100586	2.250993013381958
4.829553127288818	3.3067357540130615
1.864573359489441	1.4255874156951904
4.3915557861328125	3.58664870262146
2.6202852725982666	2.980884313583374
1.3787670135498047	0.5495115518569946
4.922125816345215	2.2046351432800293
3.8961594104766846	3.1813735961914062
5.991931438446045	2.3979690074920654
4.227397441864014	3.6500701904296875
3.093050241470337	-0.9150308966636658
4.78702449798584	0.10600855946540833
5.550267696380615	1.3718645572662354
5.213987350463867	0.5661973357200623
1.1071183681488037	1.4963337182998657
3.4348371028900146	-0.5719042420387268
4.666311740875244	3.243290901184082
5.905215263366699	1.7283653020858765
4.3596510887146	-0.3233201801776886
1.9716119766235352	0.6164218783378601
1.223073124885559	1.8578033447265625
4.928548812866211	-0.5911837816238403
3.3388864994049072	4.192533016204834
4.056060314178467	0.22371572256088257
3.206223964691162	-0.9941745400428772
3.407954454421997	2.881089687347412
2.6144657135009766	-0.2394254505634308
4.118999481201172	2.8660550117492676
5.4813008308410645	-0.08733746409416199
1.5393636226654053	3.1064655780792236
3.5278329849243164	-0.8297809958457947
5.5307793617248535	2.8214991092681885
5.728246212005615	1.7316739559173584
5.788938045501709	2.810500144958496
5.260242938995361	2.9012160301208496
1.1771953105926514	1.4942437410354614
3.5123703479766846	-0.43128126859664917
4.831958293914795	2.633267641067505
4.122010231018066	3.864879608154297
2.432114839553833	0.4281996488571167
5.8073883056640625	0.41153568029403687
2.587127208709717	-0.21710586547851562
4.086067199707031	3.7211036682128906
2.2789344787597656	2.6142895221710205
2.946017265319824	4.131237030029297
4.836686611175537	0.3914647698402405
5.647268295288086	-0.14239287376403809
1.5967867374420166	2.752336263656616
3.220249891281128	3.528010606765747
4.133025646209717	3.375972032546997
4.595776081085205	3.426419258117676
1.7416574954986572	3.095655918121338
4.536965847015381	3.7999982833862305
4.20478630065918	3.886202573776245
2.9770853519439697	-0.812000036239624
5.597799777984619	0.0679878294467926
5.806455612182617	0.4393601715564728
1.2493200302124023	2.904341459274292
2.7491180896759033	-0.7147653102874756
5.341464519500732	3.5388784408569336
1.8360519409179688	0.5865428447723389
5.254568576812744	3.4288713932037354
1.44258713722229	1.9186335802078247
3.2452783584594727	-0.9120373725891113
1.7795252799987793	2.921182870864868
3.414032220840454	3.595679521560669
5.160965442657471	-0.05773153528571129
4.802219867706299	3.1599621772766113
3.9937007427215576	-0.9201128482818604
1.633996844291687	0.08572036027908325
3.5916528701782227	-0.8908366560935974
2.0046770572662354	2.7530088424682617
3.7426350116729736	-1.098785400390625
1.876638412475586	0.21660304069519043
5.247743129730225	3.0550975799560547
5.697383403778076	0.24030369520187378
5.661346912384033	0.16396933794021606
1.2716695070266724	2.91841721534729
2.439908027648926	-0.9320634603500366
5.724258899688721	2.9038963317871094
3.019434928894043	-0.7927586436271667
5.097762584686279	3.817697048187256
2.6453425884246826	-0.6868883967399597
3.9041168689727783	-0.8841570615768433
3.614255666732788	4.035201072692871
3.6272222995758057	2.9800641536712646
1.2342334985733032	0.37094855308532715
6.0089006423950195	1.4725509881973267
4.3801469802856445	2.3403401374816895
1.2527861595153809	0.5374111533164978
1.5210567712783813	3.308100700378418
2.1759536266326904	2.1038718223571777
5.971459865570068	0.9397233128547668
1.7950773239135742	0.26971521973609924
3.4160654544830322	3.556757926940918
5.876529216766357	0.3925878405570984
3.9241983890533447	-1.0999469757080078
1.4071569442749023	3.2105634212493896
4.423900604248047	3.1443686485290527
5.32153844833374	3.377502679824829
4.893906593322754	2.8536760807037354
5.371860980987549	3.2173871994018555
3.303057909011841	-0.44254016876220703
3.130127429962158	-0.9099583029747009
1.631030797958374	3.2916975021362305
1.672417163848877	0.44980305433273315
1.2828412055969238	2.7372636795043945
2.38879656791687	3.3546578884124756
1.3359001874923706	3.0975136756896973
1.5928959846496582	0.6249019503593445
4.800007343292236	3.1897473335266113
5.259270668029785	3.570322275161743
5.068115234375	0.9161467552185059
2.350513458251953	-0.2715073823928833
5.506005764007568	-0.5008854866027832
1.4590346813201904	3.2228574752807617
2.985513210296631	2.9526829719543457
2.160158395767212	0.3285890817642212
2.822939157485962	3.905660629272461
5.463281154632568	2.0914697647094727
5.515417575836182	2.4999771118164062
4.525105953216553	3.2989063262939453
3.969895362854004	-0.7828846573829651
1.3846383094787598	0.44146519899368286
5.110015392303467	0.06842517852783203
4.581178188323975	3.691071033477783
1.9124256372451782	3.068264961242676
4.938538074493408	3.5097737312316895
5.468245506286621	-0.6186563372612
5.989873886108398	1.6970964670181274
1.2335147857666016	2.9072587490081787
1.268621563911438	2.9287095069885254
5.678164482116699	0.4267010986804962
3.8740713596343994	-0.6952800154685974
3.3496549129486084	-0.702791690826416
3.475151300430298	-1.0386147499084473
3.3876025676727295	3.702569007873535
1.1868940591812134	0.5526000261306763
5.341647624969482	-0.01918884739279747
4.100654125213623	4.049828052520752
3.9796533584594727	-0.020750638097524643
3.193770170211792	3.743889093399048
3.40232253074646	-1.1116516590118408
2.0259625911712646	-0.33929890394210815
5.085183620452881	2.429708957672119
2.818549871444702	-0.6364226937294006
1.856935739517212	3.334014415740967
1.305132508277893	3.052323818206787
5.178948402404785	3.649517059326172
1.363368034362793	3.184638023376465
1.5212832689285278	3.2275047302246094
5.611656665802002	-0.189776211977005
4.804089069366455	-0.18946954607963562
1.2485519647598267	2.9631922245025635
2.155280590057373	1.7601369619369507
2.0183379650115967	-0.40854156017303467
5.3540940284729	1.674182653427124
5.66652250289917	2.0936636924743652
5.7849955558776855	0.9413827061653137
5.829082012176514	-0.13021010160446167
1.7399386167526245	3.3360238075256348
5.12267541885376	3.5595672130584717
5.268603324890137	-0.2274530529975891
2.1033854484558105	2.0582661628723145
2.950207471847534	4.036279678344727
5.985389709472656	2.407205820083618
1.496291160583496	3.010679006576538
1.391958475112915	3.1982884407043457
4.051657199859619	4.128347396850586
1.7313430309295654	-0.08342599868774414
2.536128282546997	0.0639222264289856
4.383167743682861	2.383636951446533
2.8879778385162354	3.8391060829162598
5.690359115600586	-0.1875091791152954
5.412634372711182	-0.19964534044265747
5.611258506774902	-0.265120267868042
5.64103889465332	0.3657008707523346
5.4194560050964355	3.434013843536377
1.2865982055664062	0.8026520609855652
5.543511867523193	-0.15451788902282715
1.0887056589126587	1.4794384241104126
6.011790752410889	1.5235471725463867
3.128499746322632	-0.586993932723999
1.870906114578247	-0.022351142019033432
1.3615467548370361	3.076380729675293
4.075795650482178	4.119326114654541
1.529297947883606	0.737518310546875
4.566206455230713	4.080903053283691
2.6317100524902344	-0.7127903699874878
1.2258011102676392	0.35826218128204346
4.1079421043396	0.24609661102294922
5.112078666687012	3.2085134983062744
5.814123153686523	-0.1304333209991455
2.3235816955566406	-0.31032252311706543
2.0551109313964844	1.057801365852356
2.231775999069214	2.336245059967041
1.0949560403823853	0.5965523719787598
1.2578849792480469	0.5261903405189514
3.106693983078003	-0.8343610167503357
2.2238364219665527	2.981459617614746
3.195237159729004	3.5612778663635254
2.431321859359741	-0.37559905648231506
4.410751819610596	2.205228805541992
4.700037479400635	3.797912359237671
5.468458652496338	0.5232899785041809
4.677385330200195	3.9373137950897217
4.793642044067383	3.6133484840393066
3.182154417037964	-0.9074912071228027
2.205099582672119	2.498716115951538
2.553663730621338	0.9084818959236145
4.876703262329102	3.1916229724884033
5.456512451171875	2.1851065158843994
2.9129550457000732	-0.47653043270111084
2.029527425765991	0.06981515884399414
3.5099050998687744	-0.9846349954605103
1.7919433116912842	0.05053621903061867
5.985405445098877	1.5088030099868774
1.9008946418762207	0.272500216960907
5.456614971160889	-0.479141503572464
5.85473108291626	0.20512822270393372
1.1273078918457031	1.3200336694717407
5.742872714996338	-0.06751400232315063
3.630223035812378	-0.20926529169082642
2.0395383834838867	3.4902284145355225
6.038203716278076	1.761623501777649
5.69750452041626	-0.1224331259727478
2.8995468616485596	2.332927942276001
2.094543218612671	3.1226067543029785
5.96458101272583	1.9251755475997925
4.749203205108643	3.162628650665283
3.026381492614746	3.216177225112915
5.57330846786499	1.229537010192871
5.043142318725586	0.6373068690299988
3.299583673477173	3.3820958137512207
5.538614273071289	1.8491307497024536
2.6214873790740967	3.32326602935791
1.523055076599121	3.031494140625
1.4058563709259033	3.1769659519195557
2.361968994140625	2.5203099250793457
1.4733214378356934	0.7847184538841248
5.615910530090332	0.7020124793052673
4.173269271850586	3.9656896591186523
4.734251499176025	2.2694058418273926
1.8402621746063232	1.6561894416809082
3.1297919750213623	-0.7948251366615295
2.6045303344726562	2.7806949615478516
5.715450763702393	1.5165356397628784
5.4738640785217285	0.025416914373636246
5.783376216888428	0.33929985761642456
3.810429573059082	4.033496856689453
5.514857769012451	2.1578078269958496
4.644646167755127	3.0974645614624023
5.269031524658203	0.8112917542457581
1.7295427322387695	0.5183244347572327
1.9891328811645508	1.5581334829330444
3.9885010719299316	3.951218605041504
2.9426934719085693	3.04649019241333
1.3797268867492676	3.18693470954895
3.6099820137023926	-0.5637043118476868
4.868896961212158	3.9333810806274414
3.1615843772888184	2.2671399116516113
1.9845139980316162	-0.2748577892780304
3.8097259998321533	2.688084125518799
2.6856911182403564	3.537890911102295
5.498053073883057	0.17921607196331024
1.5834828615188599	3.244396686553955
1.4425255060195923	3.090810775756836
2.849571704864502	3.3153228759765625
3.0836753845214844	0.2723369002342224
5.725114345550537	0.0384979285299778
3.8148751258850098	-0.8784467577934265
1.389169692993164	2.292262077331543
1.4971795082092285	3.2621939182281494
4.502194881439209	3.2358193397521973
5.02229642868042	3.3250298500061035
1.6649528741836548	0.2183091640472412
4.270107746124268	-0.9474307298660278
3.141146183013916	-0.9190267324447632
5.362864017486572	-0.7144638299942017
3.6277220249176025	3.8481967449188232
5.52877140045166	0.8716524839401245
1.4336514472961426	3.2482779026031494
0.977453887462616	1.965999722480774
1.6728031635284424	0.34123343229293823
4.415816307067871	2.544337749481201
4.6261677742004395	3.2403817176818848
3.4666993618011475	3.789893388748169
5.809017658233643	-0.09028792381286621
1.636866807937622	3.192201614379883
1.6246955394744873	3.1482386589050293
2.881469964981079	-0.52440345287323
5.889610767364502	0.8671895265579224
3.0934669971466064	-0.5615061521530151
5.619925498962402	2.604856252670288
5.906625270843506	0.4359790086746216
4.193345546722412	-1.2821556329727173
1.2882037162780762	2.8969388008117676
5.484466075897217	2.6053998470306396
1.0694540739059448	0.9802973866462708
5.654520511627197	0.2561247944831848
1.687467098236084	1.703974723815918
2.4848103523254395	-0.8486142158508301
4.219526767730713	1.8676317930221558
3.3852717876434326	2.698237180709839
2.289231538772583	0.16791918873786926
2.6041462421417236	-0.6616010069847107
4.422489643096924	2.4103541374206543
5.809933185577393	-0.223443865776062
1.4754760265350342	0.5514897704124451
1.7293403148651123	3.3801660537719727
1.7931699752807617	3.114248275756836
5.699466228485107	0.8722344040870667
4.093390941619873	3.5949831008911133
4.849483013153076	-0.0287494920194149
3.418654680252075	4.2111639976501465
3.3109757900238037	-1.0486266613006592
4.060794830322266	3.4634017944335938
1.9647873640060425	2.2134509086608887
5.594456672668457	-0.23056966066360474
5.499631881713867	1.1599594354629517
3.8791184425354004	4.1591973304748535
2.258974313735962	-0.7952537536621094
3.9920520782470703	3.4961211681365967
4.690335273742676	0.604627251625061
4.654710292816162	4.0392961502075195
3.1102957725524902	0.5044917464256287
5.068502902984619	0.136152982711792
5.763120174407959	0.1281951367855072
2.276585578918457	0.248623788356781
1.3389250040054321	2.944732427597046
4.3128275871276855	3.9367728233337402
5.285467624664307	0.5788809657096863
2.5325310230255127	-0.059068139642477036
5.722764492034912	2.890054225921631
2.9817395210266113	-0.7993358969688416
3.0256881713867188	-1.1818684339523315
5.063375949859619	-0.14957603812217712
6.074613571166992	0.9415854811668396
4.612090587615967	0.15304821729660034
4.585115909576416	3.415405750274658
4.134678840637207	3.371908664703369
1.2525818347930908	0.38189828395843506
5.1345295906066895	-0.1808568239212036
2.4924557209014893	2.3297839164733887
5.164781093597412	3.5618863105773926
1.301497220993042	0.9296351075172424
5.567925453186035	1.4700416326522827
5.851154804229736	-0.2671669125556946
5.2881059646606445	2.807316780090332
1.013116717338562	1.2204471826553345
4.509130001068115	3.8390355110168457
1.8084595203399658	1.8797508478164673
3.937621593475342	3.7048745155334473
1.6167618036270142	0.010072056204080582
4.430822372436523	3.1055870056152344
1.8359322547912598	-0.24421465396881104
2.4704532623291016	3.4567198753356934
5.785484790802002	-0.018713023513555527
4.214306354522705	3.775453805923462
1.4781532287597656	2.7603635787963867
1.4280576705932617	3.2291107177734375
3.3167240619659424	-1.2029298543930054
3.237595796585083	-0.9351286292076111
4.835169315338135	3.349010705947876
5.000372409820557	3.0454301834106445
1.5304912328720093	3.1243174076080322
4.85201358795166	-0.39056292176246643
4.938113212585449	3.2889888286590576
5.255701541900635	-0.17105895280838013
1.0560990571975708	1.267539620399475
4.301649570465088	3.8565478324890137
4.81751823425293	3.4315500259399414
2.7623322010040283	-0.7452571392059326
5.825451374053955	0.6207863688468933
4.848031044006348	1.3616633415222168
2.6477415561676025	-0.5226095914840698
5.622685432434082	-0.43241387605667114
5.529445648193359	-0.375640869140625
1.4295871257781982	0.9608204960823059
5.955810070037842	2.8883583545684814
5.7358479499816895	0.08226919174194336
3.561532735824585	3.7803101539611816
3.1149544715881348	-0.9667724967002869
1.4067550897598267	0.20513439178466797
2.928748846054077	-0.5419268608093262
5.25150728225708	3.0646815299987793
1.391330599784851	3.1324849128723145
1.1489280462265015	1.516771912574768
2.5757744312286377	3.6000101566314697
1.7517035007476807	0.51883465051651
2.8458542823791504	-0.8779693245887756
4.639381408691406	3.958972930908203
1.4277355670928955	3.1297414302825928
3.4986491203308105	3.499072313308716
1.8550138473510742	0.5481915473937988
1.4049513339996338	3.182813882827759
2.387540817260742	-0.25400620698928833
5.399913787841797	3.00559139251709
4.051795482635498	0.09629374742507935
1.6173332929611206	0.13960987329483032
3.1174144744873047	-0.8407734036445618
4.8144378662109375	3.2196240425109863
5.961485385894775	1.1457650661468506
1.5575776100158691	-0.07740157842636108
5.093900680541992	3.3621277809143066
5.388296127319336	3.2012646198272705
5.244269371032715	-0.43158644437789917
5.7770867347717285	1.9458156824111938
1.1802575588226318	1.0938502550125122
4.287130355834961	3.5626604557037354
3.000053644180298	-0.31459841132164
5.527251720428467	0.39405393600463867
2.574991464614868	0.3317485749721527
5.626431465148926	-0.5218116641044617
5.123032093048096	3.4068291187286377
4.759315490722656	2.6192526817321777
4.7020182609558105	3.5473034381866455
2.7530930042266846	-1.1404536962509155
1.6578617095947266	0.18281763792037964
5.514763355255127	-0.28807076811790466
2.671741247177124	2.855118989944458
5.542338848114014	2.461106538772583
5.635534286499023	2.2717814445495605
2.156816244125366	0.004475120455026627
5.434113025665283	0.43224379420280457
1.2960047721862793	0.4202508330345154
3.078761577606201	-1.0303187370300293
1.377238392829895	3.1453912258148193
3.1403019428253174	3.894624948501587
4.177027702331543	-1.30701744556427
5.552444934844971	-0.12379378080368042
5.850614070892334	1.8804805278778076
1.521202802658081	0.5740171074867249
2.4877407550811768	-0.6668503880500793
3.4717838764190674	-0.6515253186225891
4.553091049194336	2.958482265472412
5.940953254699707	1.3094943761825562
5.8234992027282715	1.3945364952087402
2.973550796508789	3.1220149993896484
1.5632541179656982	3.21586275100708
4.6062517166137695	2.8881325721740723
3.9254984855651855	3.5050082206726074
2.561934232711792	0.7118632197380066
5.8855671882629395	2.3024072647094727
4.351500034332275	3.186983108520508
5.4293317794799805	-0.6888159513473511
3.7554914951324463	3.507544994354248
6.117306232452393	1.756767749786377
3.2733724117279053	3.53436017036438
5.48610258102417	-0.6813833117485046
