-0.011451147496700287	0.2256251573562622
0.04820910096168518	0.1634555459022522
-0.05249699205160141	0.16412732005119324
0.08785440772771835	0.09627683460712433
-0.1349257528781891	0.14540036022663116
-0.14510738849639893	0.11502580344676971
0.008832000195980072	0.2134503871202469
-0.10227485746145248	0.24257132411003113
-0.03359317034482956	0.20909634232521057
-0.09957250207662582	-0.0007201880216598511
0.01252157986164093	0.22696027159690857
0.12267224490642548	-0.00856202095746994
0.029116787016391754	0.3375577926635742
-0.1324194371700287	0.10393902659416199
-0.024405956268310547	0.1583404242992401
-0.05726306885480881	0.14541859924793243
-0.058142922818660736	0.15545246005058289
-0.032937102019786835	0.10864487290382385
-0.050051502883434296	0.060736775398254395
0.07374375313520432	0.06223456934094429
-0.1735462248325348	0.15704160928726196
0.0430314838886261	0.22047728300094604
-0.03832455724477768	0.06989458203315735
0.10935311019420624	0.1127350926399231
0.08909150213003159	0.21463054418563843
0.06202864646911621	0.1836051344871521
-0.04931166023015976	0.16963335871696472
-0.039958082139492035	0.34537336230278015
-0.08084168285131454	0.2992481589317322
0.033178336918354034	0.12412196397781372
0.07094478607177734	0.2289159595966339
-0.09718456119298935	0.14643093943595886
-0.0717550739645958	0.1102486252784729
0.027152016758918762	0.15691669285297394
-0.1302245855331421	0.08427251875400543
0.08230703324079514	0.10265475511550903
-0.09943559020757675	0.14234673976898193
-0.0377822145819664	0.1377827376127243
-0.021130643784999847	0.16735674440860748
-0.1518210470676422	0.13819679617881775
0.05361367389559746	0.11363691836595535
-0.008424006402492523	0.1803508996963501
-0.03129579871892929	0.19553795456886292
0.02626575529575348	0.15586480498313904
0.08381065726280212	0.226398766040802
-0.10909449309110641	0.08347189426422119
0.056245557963848114	0.1695549339056015
-0.04272026568651199	0.15025801956653595
0.04097019135951996	0.22476568818092346
0.03458595275878906	0.24675917625427246
0.07899744063615799	0.1545581817626953
0.03715347498655319	0.35239335894584656
-0.048948608338832855	0.2734610140323639
0.019663378596305847	0.1042129397392273
-0.08710937947034836	0.2468203902244568
-0.07652073353528976	0.28010571002960205
0.032246142625808716	0.2184838056564331
-0.13836488127708435	0.1325637847185135
-0.09700971096754074	0.18746966123580933
0.10519028455018997	0.07028470933437347
-0.0695403441786766	0.21902543306350708
-0.026186875998973846	0.05948231369256973
-0.1135835275053978	0.09772143512964249
0.022464163601398468	0.20338109135627747
-0.13017874956130981	0.25432345271110535
0.12704578042030334	0.053500838577747345
-0.06682642549276352	0.10393297672271729
0.058614663779735565	0.11075954884290695
0.10855215787887573	0.2604013979434967
-0.028133191168308258	0.15664461255073547
0.02782849222421646	0.1779751479625702
-0.01799195259809494	0.16964904963970184
0.022039584815502167	0.11568345129489899
-0.16003009676933289	0.04442933201789856
-0.030439503490924835	0.22586596012115479
0.04064811021089554	0.11828380823135376
0.16321507096290588	0.12904608249664307
0.1104731410741806	0.04709261655807495
-0.0030111297965049744	0.12449584156274796
-0.02020592987537384	0.16940343379974365
0.011447377502918243	0.19957007467746735
-0.03146251291036606	0.2360098958015442
-0.08813615888357162	0.18763016164302826
-0.15111130475997925	0.143970787525177
-0.07422482222318649	0.23913392424583435
0.06067710369825363	0.17619943618774414
0.015227146446704865	0.2444351315498352
-0.1353875994682312	0.14699429273605347
0.01206836849451065	0.288995623588562
-0.14578333497047424	0.019504524767398834
-0.16849687695503235	0.14267553389072418
-0.054892607033252716	0.19629335403442383
-0.11905577033758163	0.09525562822818756
-0.1556459665298462	0.0949878990650177
-0.008948534727096558	0.22989019751548767
-0.05833207815885544	0.15659798681735992
-0.01916459947824478	0.16311055421829224
-0.023472927510738373	0.17973899841308594
0.045858144760131836	0.1722591370344162
0.044094018638134	0.12023458629846573
0.07112628221511841	0.08259522914886475
-0.05332908779382706	0.2588750422000885
0.03658731281757355	0.13144969940185547
-0.024831697344779968	0.10557040572166443
0.028354309499263763	0.15047688782215118
0.040992651134729385	0.08623464405536652
-0.11334788054227829	0.04624432325363159
-0.03310907632112503	0.24332517385482788
0.12981641292572021	0.2668634057044983
-0.013668768107891083	0.07171838730573654
-0.05564599484205246	0.06480526924133301
-0.09813373535871506	0.3851037919521332
0.04656629636883736	0.12904436886310577
0.07270409911870956	0.1228540912270546
0.10987348854541779	0.28666794300079346
-0.18090519309043884	0.04087836667895317
-0.12960422039031982	0.1251491755247116
0.09981085360050201	0.060547836124897
0.011931098997592926	0.22201058268547058
0.025793276727199554	0.19345512986183167
-0.10241546481847763	0.26863646507263184
0.09658776968717575	0.31988924741744995
0.11736155301332474	0.14221711456775665
-0.06867735832929611	0.20871073007583618
0.07400652766227722	0.078610859811306
-0.048637621104717255	0.2121579349040985
-0.0624934658408165	0.0625583678483963
-0.09972759336233139	0.04187139868736267
0.021213479340076447	0.10866088420152664
-0.0952058956027031	0.0462772399187088
0.06000716984272003	0.26893091201782227
-0.13196605443954468	0.10990728437900543
-0.03450342267751694	0.26741519570350647
-0.022921115159988403	0.12607818841934204
0.007664479315280914	0.35234391689300537
0.04714906960725784	0.2835220396518707
0.049684591591358185	0.19740642607212067
0.0003846585750579834	0.11659520864486694
-0.05384618788957596	0.1995735466480255
-0.18908807635307312	0.1270805299282074
-0.004914559423923492	0.15409058332443237
0.010724566876888275	0.1462492197751999
-0.16119793057441711	0.2108139991760254
0.08602660149335861	0.11473217606544495
0.07017827779054642	0.16845189034938812
0.03009360283613205	0.10020026564598083
-0.02501416951417923	0.2193855494260788
-0.18239864706993103	0.12260657548904419
-0.09216227382421494	0.10063274949789047
-0.036112673580646515	0.285627543926239
-0.06742315739393234	0.06737010180950165
-0.15175873041152954	0.1501545011997223
0.06286050379276276	0.10679299384355545
0.020562566816806793	0.12505866587162018
-0.056814633309841156	0.25397950410842896
-0.19802898168563843	0.12266205251216888
0.10283590853214264	0.2332855761051178
-0.0843181237578392	0.22062623500823975
-0.05404137820005417	0.25766804814338684
-0.0036810114979743958	0.1896704137325287
-0.03706098347902298	0.26468923687934875
0.16078326106071472	0.10145115107297897
-0.09778212755918503	0.177232027053833
-0.09122814983129501	0.06603588163852692
-0.21513545513153076	0.19065049290657043
-0.1736772358417511	0.10698103904724121
-0.1919093132019043	0.1240200400352478
-0.13735419511795044	0.10114659368991852
-0.049921296536922455	0.19614765048027039
-0.013090349733829498	0.16339030861854553
-0.06894335895776749	0.16446077823638916
0.007181860506534576	0.13630612194538116
-0.11818214505910873	0.26330330967903137
0.14872926473617554	0.10968649387359619
0.05329154431819916	0.10880713164806366
0.060342393815517426	0.13562677800655365
-0.027866892516613007	0.15362732112407684
0.011094801127910614	0.13847759366035461
-0.07765885442495346	0.11813332140445709
-0.10093718022108078	0.27441897988319397
-0.0021910667419433594	0.15803605318069458
-0.07046989351511002	0.32429268956184387
0.020470693707466125	0.27896755933761597
-0.10926071554422379	0.12742038071155548
-0.01879221946001053	0.19491255283355713
-0.10483155399560928	0.3019992709159851
-0.06193465739488602	0.1229107528924942
0.0936286449432373	0.07845470309257507
-0.18784189224243164	0.17169050872325897
0.06986187398433685	0.07190907001495361
0.059489376842975616	0.10389932990074158
0.025371678173542023	0.07743510603904724
-0.09336064010858536	0.19134916365146637
-0.04821721464395523	0.27043381333351135
-0.13247185945510864	0.1520400494337082
-0.02480699121952057	0.21089071035385132
-0.06825076788663864	0.32327139377593994
-0.012412995100021362	0.1752510666847229
-0.003612615168094635	0.28315380215644836
0.039926521480083466	0.126358300447464
0.019388332962989807	0.19189491868019104
0.04544472694396973	0.1061989963054657
0.056474074721336365	0.14255139231681824
-0.0034045353531837463	0.33213144540786743
-0.22400549054145813	0.12066149711608887
0.08710042387247086	0.10106830298900604
0.07986273616552353	0.27181607484817505
-0.019078649580478668	0.30988961458206177
-0.004223041236400604	0.12903153896331787
0.11852334439754486	0.376695454120636
-0.06899438053369522	0.18235205113887787
0.008434809744358063	0.10813143104314804
0.009664379060268402	0.24308115243911743
-0.09463619440793991	0.1813507080078125
-0.011367551982402802	0.3531559705734253
0.03634398430585861	0.22813916206359863
-0.08078169077634811	0.008365273475646973
-0.1220627948641777	0.07926410436630249
-0.06392017751932144	0.11902458965778351
0.0006056651473045349	0.22838175296783447
0.03315693140029907	0.20229755342006683
-0.22792407870292664	0.3144710659980774
-0.21029454469680786	0.28322944045066833
-0.1284443736076355	0.23109224438667297
-0.014790557324886322	0.267071396112442
-0.051405735313892365	0.234381765127182
-0.09712988883256912	0.20175062119960785
-0.12427959591150284	0.18822351098060608
-0.053546153008937836	0.1817915439605713
0.019111014902591705	0.34112876653671265
-0.0002877041697502136	0.1672946810722351
0.060016147792339325	0.1290062814950943
-0.055128924548625946	0.09529261291027069
-0.0789012536406517	0.09573188424110413
-0.08262067288160324	0.189063161611557
-0.025912024080753326	0.298811137676239
0.10253505408763885	0.24250555038452148
-0.22932758927345276	0.10544074326753616
-0.15386155247688293	0.13723038136959076
0.057810284197330475	0.15610717236995697
-0.033013246953487396	0.10142937302589417
-0.10081630200147629	0.29948437213897705
0.0165722519159317	0.2833060920238495
-0.11909539252519608	0.2479342222213745
-0.18228620290756226	0.15227457880973816
-0.048590146005153656	0.21182678639888763
0.05907363444566727	0.28460875153541565
-0.09732075780630112	0.16897785663604736
0.08357154577970505	0.21923856437206268
0.15165863931179047	0.35035771131515503
-0.003982014954090118	0.1290266066789627
0.015584446489810944	0.12970173358917236
0.057595252990722656	0.21566149592399597
-0.15080168843269348	0.2840617597103119
0.022464103996753693	0.13454385101795197
-0.03484822064638138	0.3192631006240845
0.05401512235403061	0.1047721803188324
-0.18805652856826782	0.0019031241536140442
0.014068566262722015	0.2592597007751465
0.0664672926068306	0.1491546928882599
0.07058785110712051	0.23087364435195923
-0.12469925731420517	0.11602412164211273
0.1591254621744156	0.062082260847091675
-0.06614299863576889	0.25090673565864563
-0.12203460186719894	0.17818820476531982
-0.055676303803920746	0.2074432075023651
0.08290553838014603	0.3163890838623047
-0.07403922826051712	0.2029247134923935
-0.049915216863155365	0.14860899746418
0.07461565732955933	0.059061773121356964
0.08911214768886566	0.04067883640527725
-0.1115899607539177	0.05791005119681358
-0.027966521680355072	0.25512436032295227
0.04558304697275162	0.15197700262069702
0.05890045315027237	0.10246500372886658
-0.18860715627670288	0.10300414264202118
0.04086722806096077	0.0737481415271759
-0.1503099501132965	0.16078926622867584
-0.011786125600337982	0.1943616271018982
0.009968109428882599	0.3266339600086212
-0.10675057023763657	0.1248655915260315
-0.026462607085704803	0.2727351188659668
-0.03115250915288925	0.14479118585586548
0.05625235289335251	0.28772473335266113
0.009257972240447998	0.34868523478507996
-0.06328698247671127	0.14504818618297577
-0.1822081208229065	0.1711844950914383
0.12455914914608002	0.10427236557006836
-0.02832125872373581	0.22045624256134033
-0.17912116646766663	0.01853880286216736
0.07158854603767395	0.07958658784627914
0.030484981834888458	0.23167559504508972
-0.08490519970655441	0.009551703929901123
-0.057587601244449615	0.22220999002456665
-0.20348969101905823	0.217289537191391
-0.03486255556344986	0.1544809341430664
-0.08118730038404465	0.302815318107605
-0.22103983163833618	0.006369166076183319
0.03773310035467148	0.25972893834114075
-0.22960683703422546	0.22351382672786713
0.06814850121736526	0.14873264729976654
-0.07488634437322617	0.20039395987987518
-0.1275712251663208	0.12310600280761719
-0.05948229879140854	0.18594413995742798
-0.0030502155423164368	0.21485432982444763
-0.09568577259778976	0.1821468323469162
0.1174982562661171	0.2924260199069977
-0.032068394124507904	0.1555769145488739
-0.14313721656799316	0.14192955195903778
0.06257206201553345	0.020209603011608124
0.08267970383167267	0.12413498759269714
-0.18335551023483276	0.11841270327568054
-0.10702300816774368	0.3816741108894348
-0.06947458535432816	0.14840885996818542
-0.08601992577314377	0.15899533033370972
0.05746201425790787	0.09352004528045654
-0.03861359506845474	0.24458107352256775
-0.16632157564163208	0.1905386745929718
0.04719838500022888	0.13594284653663635
-0.07018015533685684	0.11354239284992218
-0.0486370250582695	0.11609706282615662
0.0071500688791275024	0.23931127786636353
-0.0952133759856224	0.23592132329940796
-0.13964501023292542	0.2535991966724396
-0.1754467785358429	0.14982783794403076
-0.19269248843193054	0.2206072211265564
-0.04094605892896652	0.19500446319580078
0.05754123628139496	0.1970258355140686
-0.13032329082489014	0.16879460215568542
-0.25104233622550964	0.08523844927549362
0.024842053651809692	0.21126925945281982
-0.10424072295427322	0.12782329320907593
-0.03649177402257919	0.26561516523361206
-0.07004974037408829	0.21810418367385864
-0.05493331700563431	0.2741791605949402
0.06963552534580231	0.17704178392887115
-0.1491183340549469	0.15641725063323975
-0.13573166728019714	0.2556343078613281
-0.18538087606430054	0.15013527870178223
-0.14493277668952942	0.17506957054138184
-0.07402526587247849	0.04091927409172058
-0.009853243827819824	0.301080584526062
-0.05923166126012802	0.1277143806219101
-0.05467354506254196	0.1985863447189331
-0.08637654036283493	0.19206944108009338
0.043039172887802124	0.09162259101867676
-0.026470370590686798	0.21442052721977234
-0.16252091526985168	0.15577992796897888
-0.029706768691539764	0.16154327988624573
-0.09871422499418259	0.32478275895118713
-0.06494569033384323	0.1250460147857666
0.05033743754029274	0.12576092779636383
-0.10648324340581894	0.17085538804531097
-0.05187060683965683	0.20517490804195404
-0.07492665201425552	0.21619242429733276
0.05141497403383255	0.127079576253891
0.06595577299594879	0.2586902976036072
0.02580629289150238	0.1338312029838562
0.002307415008544922	0.14996090531349182
0.06882109493017197	0.1741582751274109
0.0814126580953598	0.12858210504055023
-0.01761576533317566	0.35258522629737854
-0.13745909929275513	0.1049456000328064
-0.11456196755170822	0.128372922539711
-0.028231464326381683	0.11633146554231644
0.0019392520189285278	0.2060583382844925
0.03613918274641037	0.15657112002372742
-0.17025226354599	0.17254802584648132
-0.007542870938777924	0.13516806066036224
-0.19072160124778748	0.0893363356590271
-0.002894483506679535	0.13620427250862122
-0.07330705970525742	0.33110374212265015
-0.13452696800231934	0.20236635208129883
-0.1569836139678955	1.3120472431182861e-05
-0.09967783838510513	0.1041274219751358
-0.15459126234054565	0.18551260232925415
0.03988281637430191	0.18687069416046143
-0.15428009629249573	0.2602159380912781
-0.06183234602212906	0.10687511414289474
-0.1029004380106926	0.052290089428424835
-0.11165156215429306	0.29965940117836
-0.06648386269807816	0.08276021480560303
-0.06516709178686142	0.13358081877231598
-0.17203161120414734	0.15540766716003418
-0.10949911922216415	0.1705893874168396
-0.1704358458518982	0.13698384165763855
0.01553623378276825	0.274817556142807
-0.042182810604572296	0.2175234854221344
-0.0003682374954223633	0.0556705966591835
-0.1346438229084015	0.0841590017080307
0.02200593799352646	0.1606929898262024
-0.003870464861392975	0.21112942695617676
-0.052882127463817596	0.2620226740837097
-0.09155669063329697	0.15257470309734344
0.07058575749397278	0.10190016776323318
-0.06459953635931015	0.13667285442352295
-0.03386125713586807	0.11819621920585632
0.10643291473388672	0.08282631635665894
0.03135579079389572	0.17780238389968872
-0.04293336719274521	0.16801568865776062
-0.096964992582798	0.09266360104084015
-0.0073446184396743774	0.0781019926071167
-0.17960184812545776	0.09903524816036224
0.09131447225809097	0.19923260807991028
-0.00965912640094757	0.24766629934310913
-0.013044022023677826	0.21765074133872986
0.09537454694509506	0.18526673316955566
0.06552887707948685	0.19277673959732056
0.08234462141990662	0.10750678181648254
-0.13680395483970642	0.11113306879997253
-0.002542853355407715	0.15018442273139954
-0.07658999413251877	0.1745602935552597
-0.05140898376703262	0.21360835433006287
-0.1950453221797943	0.04701244831085205
-0.0076060667634010315	0.07058829814195633
-0.058892421424388885	0.22234858572483063
-0.0013812407851219177	0.13527734577655792
0.08109267055988312	0.18096119165420532
0.10112124681472778	0.009931109845638275
-0.12599390745162964	0.15046516060829163
-0.002351142466068268	0.19190365076065063
-0.16251251101493835	0.15358957648277283
-0.020675472915172577	0.23325297236442566
-0.05417317897081375	0.0865015983581543
0.05845033377408981	0.2692793309688568
-0.04173900932073593	0.1821281909942627
-0.030117593705654144	0.4272049367427826
-0.11567675322294235	0.20002445578575134
-0.025499962270259857	0.22570908069610596
0.0719219446182251	0.2901201844215393
-0.02364843338727951	0.007007606327533722
-0.1672753393650055	0.15119440853595734
-0.051747895777225494	0.10474269092082977
0.03154812753200531	0.2710857391357422
-0.016442380845546722	0.21749268472194672
0.09393500536680222	0.2482776641845703
-0.03906819969415665	0.1758105754852295
0.04166785627603531	0.19004464149475098
-0.1358674168586731	0.158789724111557
-0.12552061676979065	0.16449466347694397
0.11329054087400436	0.2701977491378784
-0.058729611337184906	0.22509360313415527
-0.12553226947784424	0.1808847188949585
0.0659007802605629	0.10367132723331451
0.038005560636520386	0.2025233805179596
-0.10694821923971176	0.21916767954826355
-0.057550929486751556	0.21685358881950378
0.04725251346826553	0.0737231895327568
-0.0059218332171440125	0.12172693014144897
-0.1832982897758484	0.17587456107139587
0.042987994849681854	0.08245208859443665
-0.12704607844352722	0.1770806610584259
0.08408862352371216	0.19887253642082214
0.01654290407896042	0.16892367601394653
0.08170648664236069	0.14965888857841492
0.0687670111656189	0.12274105846881866
0.03603934496641159	0.11273469030857086
-0.12584713101387024	0.15962865948677063
-0.007351197302341461	0.3063983917236328
0.01955413818359375	0.21835753321647644
6.957352161407471e-05	0.04206421226263046
-0.22110608220100403	0.11115635931491852
0.11890246719121933	0.2904432415962219
0.10862649977207184	0.13411998748779297
0.13269156217575073	0.2548086941242218
-0.10807930678129196	0.07865822315216064
0.07382550090551376	0.06581220030784607
-0.07855477184057236	0.33813154697418213
0.04198581725358963	0.2825743854045868
-0.101883165538311	0.15386863052845
0.10105002671480179	0.059175435453653336
-0.04216980189085007	0.13264480233192444
0.12292280048131943	0.19537824392318726
0.004585824906826019	0.23240646719932556
-0.008947886526584625	0.2005530446767807
0.11711442470550537	0.09408131241798401
-0.04308859258890152	0.04123204946517944
-0.13079434633255005	0.268003910779953
-0.11932455748319626	0.20185217261314392
-0.052832625806331635	0.21652643382549286
-0.08110568672418594	0.21209239959716797
-0.14405080676078796	0.041153810918331146
-0.1622491180896759	0.07898296415805817
-0.08819770067930222	0.32841774821281433
0.03485424071550369	0.14435991644859314
-0.14325881004333496	0.13356131315231323
-0.023784197866916656	0.18302367627620697
-0.02360554039478302	0.0318412110209465
-0.08711450546979904	0.1542026251554489
0.054167211055755615	0.18161901831626892
0.10926299542188644	0.1717160940170288
0.09338918328285217	0.08495181053876877
0.01907479763031006	0.047225549817085266
-0.01164882630109787	0.19704894721508026
-0.028454981744289398	0.20121169090270996
-0.03461021929979324	0.2648540735244751
-0.03218049556016922	0.16112186014652252
-0.006847195327281952	0.17853805422782898
0.011057056486606598	0.05280088633298874
-0.05095731467008591	0.20814576745033264
0.05405804514884949	0.19127920269966125
0.05321530997753143	0.08194475620985031
0.040844060480594635	0.22272205352783203
0.017880000174045563	0.1144656389951706
0.043641261756420135	0.34308499097824097
-0.10760294646024704	0.20824286341667175
-0.11040940135717392	0.35171064734458923
0.06594224274158478	0.10713191330432892
0.09617844223976135	0.07310007512569427
-0.0681396946310997	0.10428129136562347
0.1195392906665802	0.05873705819249153
0.03985461965203285	0.15056677162647247
-0.04674854129552841	0.3432001769542694
0.05978748947381973	0.16752785444259644
0.0012271851301193237	0.19363225996494293
-0.11594557017087936	0.17058581113815308
-0.057766132056713104	0.197503924369812
-0.018877118825912476	0.22096675634384155
-0.06162235885858536	0.17311540246009827
-0.015834294259548187	0.1881113350391388
-0.1295737326145172	0.18315467238426208
-0.06928568333387375	0.2482852339744568
-0.05283849686384201	0.2791537642478943
0.1367260068655014	0.09656381607055664
0.04700605571269989	0.3584018349647522
-0.11480597406625748	0.10391335934400558
0.10754351317882538	0.27870073914527893
-0.05590938776731491	0.04183775186538696
-0.007677771151065826	0.13066351413726807
-0.07240565866231918	0.06309540569782257
-0.013637349009513855	0.16962942481040955
-0.04007501155138016	0.044919341802597046
-0.019883982837200165	0.1963873952627182
0.06416620314121246	0.11482295393943787
-0.0731235221028328	0.10006750375032425
0.07675666362047195	0.11162899434566498
-0.07221975177526474	0.1600276380777359
0.061869315803050995	0.14773592352867126
0.08997823297977448	0.05790688097476959
-0.13662412762641907	0.3014301359653473
0.005790777504444122	0.07205899804830551
-0.1583913266658783	0.06075115501880646
-0.04704266041517258	0.1752452403306961
0.08135773241519928	0.19031646847724915
0.012775503098964691	0.34139424562454224
-0.0023743361234664917	0.19215907156467438
0.07920680195093155	0.20789960026741028
-0.10011646896600723	0.024423904716968536
-0.16250267624855042	0.16502481698989868
-0.05016278475522995	0.2085261344909668
-0.10807787626981735	0.16154970228672028
-0.12220235913991928	0.16460071504116058
0.03328471630811691	0.17749160528182983
0.08992763608694077	0.09222029149532318
-0.0276491716504097	0.24506786465644836
-0.08907174319028854	0.15256313979625702
0.023986898362636566	0.11029075086116791
-0.0585268959403038	0.24269914627075195
0.05729026347398758	0.19284382462501526
-0.033064164221286774	0.15717139840126038
0.04472365602850914	0.19647294282913208
0.04474060982465744	0.13436149060726166
-0.025199182331562042	0.31033748388290405
-0.06372294574975967	0.18110889196395874
-0.23418524861335754	0.17007941007614136
-0.17110449075698853	0.14570410549640656
-0.058831073343753815	0.1478641927242279
-0.02762412279844284	0.158860981464386
-0.11562690883874893	0.19027359783649445
-0.18866345286369324	0.1344829797744751
-0.14116671681404114	0.2619566321372986
-0.001476675271987915	0.18702971935272217
0.08593109995126724	0.0910930335521698
0.07799997180700302	0.12586387991905212
0.11618155241012573	0.1688498556613922
-0.00012299418449401855	0.09743994474411011
0.004197567701339722	0.22774192690849304
-0.01719379425048828	0.2161518633365631
-0.07243873924016953	0.08343762904405594
-0.030308328568935394	0.020797371864318848
-0.07087808102369308	0.1192842572927475
-0.03489690274000168	0.21503299474716187
0.0020156651735305786	-0.046045996248722076
0.04428667575120926	0.10375286638736725
0.006982870399951935	0.0017472803592681885
-0.12144603580236435	0.06128061190247536
0.01138594001531601	0.17686344683170319
0.115183524787426	0.06677794456481934
0.06577190011739731	0.08438625931739807
-0.07082750648260117	0.07031719386577606
-0.09026744216680527	0.05807986110448837
-0.10840316861867905	0.1921178698539734
-0.058829329907894135	0.1715887039899826
0.08412725478410721	0.09959390014410019
-0.04115217179059982	0.06689052283763885
-0.036537863314151764	0.0673222690820694
0.02285466343164444	0.23317009210586548
-0.04440026730298996	0.06013305112719536
-0.022152312099933624	0.10422041267156601
-0.05699365586042404	0.18108980357646942
-0.04901141673326492	0.12240686267614365
0.01944022625684738	0.03583856672048569
-0.011208772659301758	0.13576364517211914
-0.01873774081468582	0.16761648654937744
0.047723691910505295	0.0791572630405426
-0.00712990015745163	0.013738192617893219
-0.17064329981803894	0.14509019255638123
-0.10006969422101974	0.10012935101985931
-0.09128700941801071	0.30038678646087646
0.11466491967439651	0.07090920209884644
0.010380931198596954	0.08161722123622894
0.09762050211429596	0.11718392372131348
-0.02335834503173828	0.2826312184333801
-0.06961166113615036	0.06282293796539307
-0.06399410218000412	0.11637109518051147
-0.09982740134000778	0.16854383051395416
-0.18338409066200256	0.16361278295516968
-0.014040380716323853	0.23162037134170532
0.014616414904594421	0.1503852903842926
-0.010783903300762177	0.10685761272907257
-0.013770252466201782	0.3173404633998871
-0.06945402175188065	0.0748501867055893
0.07721777260303497	0.2491588294506073
-0.16585302352905273	0.09098651260137558
-0.09379104524850845	0.17863745987415314
-0.09086761623620987	0.18326175212860107
-0.15418264269828796	0.16824695467948914
-0.06279543787240982	0.09281778335571289
-0.012142062187194824	0.11264529824256897
-0.11430185288190842	0.12321751564741135
0.0525791272521019	0.0538581907749176
-0.04428979009389877	0.04296145960688591
-0.053133122622966766	0.2929503619670868
-0.04954155534505844	0.08325164020061493
0.029867589473724365	0.17259815335273743
-0.06634905189275742	0.03172057867050171
-0.03179294615983963	0.16818270087242126
0.0845005065202713	0.018076203763484955
0.03385000675916672	0.18417267501354218
-0.024007432162761688	0.2018386423587799
0.038781262934207916	0.38898608088493347
0.010820738971233368	0.06854661554098129
-0.11608528345823288	0.1965397447347641
-0.09905955940485	0.1215151846408844
0.11751237511634827	0.09867575764656067
-0.09025634080171585	0.13362859189510345
0.07093128561973572	0.08104677498340607
-0.01731313019990921	0.05498548224568367
0.07424524426460266	0.08856265246868134
-0.15119332075119019	0.05977192893624306
0.15038686990737915	0.15827056765556335
-0.02902420610189438	0.1635126769542694
-0.014837265014648438	0.25796613097190857
0.008439920842647552	0.1678570806980133
-0.02627883106470108	0.2882397472858429
-0.14881998300552368	0.07915853708982468
-0.11289618164300919	0.19355817139148712
-0.04512902349233627	0.2001202404499054
-0.09394090622663498	0.2902648150920868
-0.1330653727054596	0.20450207591056824
-0.010871917009353638	0.003838755190372467
-0.036945901811122894	0.0416451096534729
0.004183031618595123	0.14961348474025726
-0.12201183289289474	0.04012265056371689
-0.00900576263666153	0.18287622928619385
-0.13712534308433533	0.051250383257865906
-0.15594342350959778	0.10474506765604019
-0.08355376869440079	0.11652027815580368
-0.06989841908216476	0.20363767445087433
0.03059236705303192	0.21019119024276733
0.10835981369018555	0.24065673351287842
0.04447547346353531	0.1405382603406906
-0.1255178153514862	0.07362981140613556
-0.11418261379003525	0.0761447548866272
0.09713247418403625	0.09508782625198364
0.041346386075019836	0.1816067099571228
0.05633511394262314	0.04583936929702759
-0.15711989998817444	0.27959737181663513
0.039282333105802536	0.13178792595863342
-0.0401928648352623	0.14946326613426208
-0.17865291237831116	0.04914391040802002
-0.1422613561153412	0.18553388118743896
0.013097770512104034	0.0843326598405838
-0.05548175424337387	0.22342535853385925
-0.11591208726167679	0.23717999458312988
0.03440627455711365	0.07460576295852661
0.024737752974033356	0.29013267159461975
-0.1442737877368927	0.09990425407886505
0.033322036266326904	0.18811599910259247
-0.0043577998876571655	0.16944031417369843
-0.14700564742088318	0.08212435245513916
0.0462178997695446	0.1543067842721939
-0.08801566809415817	0.1936158984899521
-0.039764560759067535	0.02873014658689499
0.023799113929271698	0.2107912003993988
0.01645112782716751	0.23516422510147095
0.06868638843297958	0.07910466194152832
-0.1683872938156128	0.3053878843784332
0.08915440738201141	0.058157484978437424
-0.030466072261333466	0.20621198415756226
-0.12105738371610641	0.13764724135398865
-0.18217065930366516	0.20875315368175507
-0.12342024594545364	0.28784868121147156
-0.15256524085998535	0.20878762006759644
-0.023017793893814087	0.21518293023109436
-0.014851100742816925	0.11201529949903488
-0.08318480104207993	0.24225354194641113
-0.11897269636392593	0.12902650237083435
-0.006979890167713165	0.14300833642482758
0.04220917820930481	0.26049020886421204
0.05422087013721466	0.06412169337272644
0.09609811753034592	0.10492908954620361
-0.1600472629070282	0.11357057839632034
-0.1504509150981903	0.16747653484344482
0.08334896713495255	0.021532155573368073
0.005246393382549286	0.16015352308750153
-0.22853517532348633	0.12706224620342255
-0.28938356041908264	0.14711561799049377
0.02094399929046631	0.28296101093292236
-0.032816581428050995	0.25908395648002625
0.032758958637714386	0.23549294471740723
-0.08341791480779648	0.10326807200908661
-0.0894758477807045	0.2952874004840851
-0.07696013897657394	0.2339695394039154
-0.013343803584575653	0.37994465231895447
-0.034723855555057526	0.03961425647139549
-0.04901329427957535	0.12912306189537048
-0.1734851598739624	0.1437605768442154
0.05075160413980484	0.11913985013961792
-0.18728920817375183	0.27670949697494507
-0.14980533719062805	0.13826879858970642
-0.0048568472266197205	0.19317756593227386
0.1392451524734497	0.15232695639133453
0.052860915660858154	0.1737746298313141
0.0066886842250823975	0.222177654504776
-0.14258795976638794	0.115425243973732
0.03371850401163101	0.10068786889314651
-0.1693829894065857	0.11334812641143799
-0.014756366610527039	0.19643691182136536
-0.10754724591970444	0.13151635229587555
-0.018394388258457184	0.13699795305728912
-0.18714168667793274	0.0823398008942604
-0.060968659818172455	0.18375462293624878
0.01867874711751938	0.2041083425283432
-0.06342055648565292	0.1181979775428772
-0.0006497576832771301	0.15530270338058472
-0.16718155145645142	0.1354367733001709
0.08942928165197372	0.11782638728618622
0.01289234310388565	0.29287877678871155
-0.093207947909832	0.2180500030517578
-0.08558409661054611	0.2833850383758545
-0.02288273721933365	0.20852257311344147
-0.012558870017528534	0.2857312262058258
-0.09906188398599625	0.1872383952140808
-0.04283937066793442	0.12726792693138123
-0.1646459400653839	0.1244690790772438
-0.18991342186927795	0.2995557188987732
-0.03898259252309799	0.12432374060153961
-0.1328464150428772	0.16517719626426697
-0.08989616483449936	0.11214859783649445
0.035125888884067535	0.2661944627761841
-0.07775815576314926	0.17582851648330688
-0.10426015406847	0.1402997225522995
-0.17845270037651062	0.13233961164951324
-0.06993257254362106	0.14097252488136292
0.06562419980764389	0.11604270339012146
0.05244334042072296	0.17983216047286987
0.041861921548843384	0.24187758564949036
-0.011892914772033691	0.285003662109375
-0.04507557302713394	0.045262411236763
-0.03162866085767746	0.29785245656967163
-0.03314796835184097	0.16781848669052124
-0.24935322999954224	0.17612555623054504
-0.07496639341115952	0.24604764580726624
-0.14353615045547485	0.22209882736206055
0.0685172975063324	0.10366248339414597
-0.1376379430294037	0.1022006943821907
-0.10738757997751236	0.27965766191482544
0.012183032929897308	0.10403754562139511
0.11462445557117462	0.09193680435419083
-0.02383410930633545	0.15769779682159424
0.003831930458545685	0.19169431924819946
-0.06297890096902847	0.14433443546295166
0.07248542457818985	0.07936958968639374
-0.09626855701208115	0.14349818229675293
-0.1322113573551178	0.08688822388648987
-0.0156300887465477	0.16984686255455017
0.0876881554722786	0.218685120344162
-0.02964048832654953	0.06525972485542297
0.013825640082359314	0.18279439210891724
0.03514134883880615	0.35575637221336365
-0.0748208686709404	0.16163146495819092
-0.02843918651342392	0.22350095212459564
-0.1962677538394928	0.1637076884508133
-0.09040949493646622	0.06754063814878464
-0.05607973784208298	0.19364610314369202
0.03872167319059372	0.1593482792377472
-0.2630755603313446	0.1714298129081726
0.011349253356456757	0.21719670295715332
-0.04536326974630356	0.2163475751876831
-0.1903943121433258	0.1489151120185852
-0.039315856993198395	0.012572608888149261
-0.2164149284362793	0.22880145907402039
-0.005784057080745697	0.21456709504127502
-0.13734257221221924	0.17918092012405396
-0.01917898654937744	0.16965699195861816
-0.1699734926223755	0.14989526569843292
-0.05406876653432846	0.023930244147777557
0.019615910947322845	0.2549196183681488
0.1097107008099556	0.07349301874637604
-0.16871032118797302	0.1856769323348999
-0.014319166541099548	0.24286165833473206
-0.09053567796945572	0.13725417852401733
-0.058026157319545746	0.04383842274546623
0.06519268453121185	0.21562793850898743
0.03101050853729248	0.2097855508327484
-0.10397959500551224	0.13339659571647644
-0.044261299073696136	0.1281627118587494
0.01782345026731491	0.21691888570785522
-0.06212835758924484	0.27829352021217346
0.0298909991979599	0.31897735595703125
0.051548540592193604	0.12418374419212341
0.04531817138195038	0.13201013207435608
-0.060912586748600006	0.1610088050365448
0.03411881625652313	0.2764946222305298
-0.0410003587603569	0.1012551411986351
0.028470411896705627	0.22056132555007935
-0.1056562140583992	0.12582647800445557
0.05984508991241455	0.2398912012577057
-0.17598241567611694	0.1283593773841858
0.123039111495018	0.1886097639799118
-0.052115462720394135	0.21567845344543457
-0.014953859150409698	0.257569283246994
0.05792367458343506	0.07597634196281433
-0.11216443032026291	0.09736671298742294
0.0839286670088768	0.10295657068490982
-0.04961458593606949	0.06664510816335678
0.015272878110408783	0.14274165034294128
0.029837705194950104	0.12789396941661835
-0.0485265776515007	0.2568475902080536
0.051255978643894196	0.21374469995498657
-0.11684336513280869	0.13574980199337006
-0.08636490255594254	0.1245301216840744
-0.012275196611881256	0.18230757117271423
-0.08199495822191238	0.14320403337478638
-0.012032724916934967	0.17172500491142273
-0.03364931792020798	0.012289389967918396
-0.2385910451412201	0.17625278234481812
-0.148169606924057	0.1392230987548828
-0.014851406216621399	0.06326156854629517
-0.06753548234701157	0.16414108872413635
-0.20181545615196228	0.21859559416770935
-0.10645674914121628	0.038764528930187225
-0.07437547296285629	0.1724070906639099
-0.07919836789369583	0.23342061042785645
-0.18887177109718323	0.19009894132614136
-0.016959406435489655	0.24268892407417297
0.010894790291786194	0.14875276386737823
0.08489163964986801	0.20598603785037994
-0.06490816920995712	0.1837887465953827
-0.030083797872066498	0.17939049005508423
0.007693581283092499	0.20053863525390625
-0.083369679749012	0.27439507842063904
-0.03540103882551193	-0.05217551440000534
0.019007660448551178	0.16389024257659912
-0.041091881692409515	0.13505560159683228
0.010369621217250824	0.2888709604740143
-0.01246902346611023	0.23357033729553223
-0.0528743639588356	0.2576715350151062
0.01766727864742279	0.1635814905166626
0.050431326031684875	0.2515670359134674
0.09249573945999146	0.09489156305789948
0.02002408355474472	0.27169129252433777
-0.11153995245695114	0.17069076001644135
0.08044921606779099	0.3130308985710144
-0.0263456329703331	0.22239884734153748
0.042436741292476654	0.16113078594207764
-0.17250904440879822	0.1822165548801422
0.0764959529042244	0.1438339650630951
0.040130652487277985	0.05209454149007797
-0.06210928410291672	0.21624577045440674
-0.17892733216285706	0.13849659264087677
-0.11935179680585861	0.10565818846225739
-0.07268009334802628	0.3067823350429535
-0.02802138775587082	0.10833750665187836
-0.08002696186304092	0.14142213761806488
0.11257436126470566	0.33837059140205383
-0.16932004690170288	0.16546659171581268
-0.02050306648015976	0.2247740626335144
-0.0020925626158714294	0.11926029622554779
0.014663666486740112	0.17502804100513458
0.10003527253866196	0.08882228285074234
-0.001976482570171356	0.1099846214056015
-0.2032439410686493	0.1528472602367401
-0.29490968585014343	0.1540403664112091
-0.07277286797761917	0.24287188053131104
-0.24172407388687134	0.23228412866592407
-0.12436776608228683	0.056178223341703415
-0.10824935883283615	0.19791650772094727
0.018600501120090485	0.017665252089500427
-0.026630692183971405	0.14523367583751678
-0.09088646620512009	0.09761816263198853
-0.009640254080295563	0.29578444361686707
-0.003936834633350372	0.06300529837608337
0.018309421837329865	0.23051127791404724
0.054324857890605927	0.1333969086408615
-0.12534257769584656	0.2547398507595062
-0.22610187530517578	0.25146836042404175
0.04372640699148178	0.32984158396720886
0.01727692037820816	0.2016887068748474
-0.06647520512342453	0.3178788423538208
-0.08389682322740555	0.17053034901618958
0.022990405559539795	0.22323980927467346
-0.05472811311483383	0.06879720836877823
-0.1317695677280426	0.14745652675628662
0.0396638959646225	0.09079629927873611
-0.08395066112279892	0.21408778429031372
-0.16318032145500183	0.1125602275133133
-0.09586172550916672	0.15434624254703522
0.11923635751008987	0.10735645890235901
0.017519302666187286	0.12484109401702881
0.019011229276657104	0.12897762656211853
0.01766771823167801	0.05423436686396599
-0.13332819938659668	0.2249060571193695
0.021620355546474457	0.3419426381587982
-0.13404437899589539	0.20649485290050507
-0.166894793510437	0.10475100576877594
-0.04018961638212204	0.16933417320251465
-0.00697973370552063	0.20280975103378296
-0.09372305124998093	0.18181627988815308
-0.20461729168891907	0.22117480635643005
-0.08684393018484116	0.1290619969367981
-0.0737246498465538	0.11352011561393738
-0.0670100525021553	0.09963521361351013
-0.1105949655175209	0.3796694576740265
0.12242477387189865	0.10126464068889618
0.03176622837781906	0.2720489203929901
-0.10833974927663803	0.06425944715738297
0.10963493585586548	0.07755383104085922
0.0076544806361198425	0.032804764807224274
-0.12233778089284897	0.20261409878730774
0.13653863966464996	0.09967072308063507
-0.08687198907136917	0.4063151478767395
0.01943402737379074	0.03909856453537941
-0.2262153923511505	0.2931517958641052
-0.15435829758644104	0.040945593267679214
-0.050662241876125336	0.2618453800678253
0.025603294372558594	0.08217766135931015
-0.07913241535425186	0.14983579516410828
-0.09679626673460007	0.15374350547790527
-0.15274611115455627	0.21889707446098328
0.11396830528974533	0.08833591639995575
-0.09654293209314346	0.018556050956249237
-0.0009003058075904846	0.16305506229400635
-0.15715861320495605	0.16696584224700928
-0.015312202274799347	0.022090382874011993
-0.024553164839744568	0.1849607229232788
0.027277030050754547	0.10000717639923096
-0.07268895953893661	0.1561783403158188
0.0021350160241127014	0.13381099700927734
-0.05321676284074783	0.3114140033721924
0.13476352393627167	0.08834308385848999
-0.06254535168409348	0.2346927523612976
-0.00037144124507904053	0.170160710811615
0.0375235453248024	0.23418933153152466
-0.005552642047405243	0.13282085955142975
0.0937747210264206	0.27175694704055786
-0.14047300815582275	0.02791779488325119
-0.0953059121966362	0.16062238812446594
-0.0014345347881317139	0.21187900006771088
-0.07397670298814774	0.24354133009910583
-0.04066941887140274	0.17694887518882751
-0.11022587865591049	0.3428199589252472
-0.014534704387187958	0.05748749151825905
-0.025329984724521637	0.20450760424137115
0.06982887536287308	0.22539928555488586
0.010310985147953033	0.2300472855567932
0.04935767501592636	0.005658373236656189
0.04478934407234192	0.13775768876075745
-0.018131107091903687	0.07570026814937592
-0.09314309805631638	0.10263578593730927
-0.08581330627202988	0.32162371277809143
0.013014115393161774	0.2058742344379425
-0.06512453407049179	0.19171608984470367
-0.03433208912611008	0.24916639924049377
0.038327738642692566	0.03200551122426987
-0.23919793963432312	0.3755337595939636
-0.13381460309028625	0.09598441421985626
-0.16958972811698914	0.24392211437225342
-0.15132832527160645	0.1382085084915161
-0.19212260842323303	0.14466598629951477
-0.11611124128103256	0.23867744207382202
0.0602932870388031	0.2788480818271637
0.14322024583816528	0.09639471769332886
-0.0623566135764122	0.28243646025657654
-0.16350629925727844	0.19673973321914673
-0.018762841820716858	0.13658925890922546
-0.01951732486486435	0.07526252418756485
0.04955261945724487	0.19965335726737976
3.024190664291382e-05	0.02099032700061798
-0.05500871688127518	0.087199367582798
-0.10093521326780319	0.2606416344642639
0.05173316225409508	0.17241811752319336
0.1503477543592453	0.0779133290052414
0.06800418347120285	0.22012805938720703
-0.18019983172416687	0.10426895320415497
-0.09529716521501541	0.12918561697006226
-0.06322074681520462	0.09361530840396881
-0.20681384205818176	0.21124571561813354
0.04714381694793701	0.10418406128883362
-0.021473288536071777	0.2941235303878784
-0.01988234370946884	0.03107152134180069
0.0680481418967247	0.08179359138011932
0.005348406732082367	0.13025490939617157
-0.08050178736448288	0.32594233751296997
0.04823266714811325	0.10388079285621643
-0.02980678528547287	0.13610970973968506
0.15373161435127258	0.043210580945014954
-0.1340118944644928	0.24600717425346375
-0.05292396992444992	0.13446319103240967
-0.056152038276195526	0.09722290933132172
0.07262183725833893	0.18511322140693665
-0.004416905343532562	0.1828615367412567
0.0009065121412277222	0.06464600563049316
-0.09154220670461655	0.1460418999195099
0.03924212232232094	0.10136090219020844
-0.08833248168230057	0.10871237516403198
-0.028770871460437775	0.08432380110025406
0.1847478598356247	0.27393078804016113
0.03595573455095291	0.07954569160938263
-0.1804831326007843	0.11002878844738007
0.1286540925502777	0.10773443430662155
0.058117352426052094	0.22765448689460754
0.023973114788532257	0.04278818517923355
0.0679963231086731	0.13608267903327942
0.05617101490497589	0.11739976704120636
-0.1403743028640747	0.09582973271608353
-0.13628995418548584	-0.004534244537353516
-0.07566940039396286	0.0917067900300026
0.041574761271476746	0.08093518763780594
0.09752430766820908	0.34631219506263733
-0.02505398541688919	0.05476369336247444
0.03967142477631569	0.2991178035736084
-0.029775075614452362	0.24095973372459412
0.008022196590900421	0.10124339163303375
-0.042455606162548065	0.14265285432338715
-0.007692597806453705	0.22171780467033386
-0.05603518337011337	0.31199416518211365
-0.12537938356399536	0.1569575071334839
0.11072234064340591	0.1028839498758316
-0.15136542916297913	0.1647639274597168
0.11193478107452393	0.0951264277100563
0.05332320183515549	0.07679582387208939
0.031196989119052887	0.07241906970739365
-0.061579398810863495	0.2722572088241577
0.03878132253885269	0.12713800370693207
-0.020075201988220215	0.1720568835735321
0.004475206136703491	0.12248579412698746
0.09852487593889236	0.020245976746082306
-0.011052481830120087	0.10680042207241058
0.022648386657238007	0.13999363780021667
-0.09426295012235641	0.17502948641777039
-0.07400958985090256	0.14809197187423706
-0.027643464505672455	0.17625001072883606
0.10093972831964493	0.10519388318061829
0.08055543154478073	0.07408034056425095
-0.08726602047681808	0.04417046532034874
-0.02702925354242325	0.24038627743721008
-0.005830101668834686	0.16805782914161682
0.06253749132156372	0.09495404362678528
-0.02199666202068329	0.11593198776245117
0.05389603227376938	0.13462993502616882
-0.02721034735441208	0.17056268453598022
-0.12179113179445267	0.0013566389679908752
0.04342896491289139	0.1777772754430771
-0.03378809243440628	0.075218066573143
-0.11878509074449539	0.17031659185886383
0.036467544734478	0.2159259021282196
0.08466772735118866	0.3242131173610687
0.10335706174373627	0.11883103102445602
0.10590190440416336	0.08726467192173004
0.1030285581946373	0.11313217878341675
0.011089116334915161	0.21374374628067017
-0.10772999376058578	0.19903907179832458
0.06026753410696983	0.08180665969848633
0.1103566586971283	0.09947352111339569
0.08385532349348068	0.11042852699756622
-0.060926489531993866	0.14346256852149963
0.02126982808113098	0.08959244936704636
-0.024070173501968384	0.0657195895910263
0.04936462640762329	0.3119633197784424
-0.2126775085926056	0.09780368208885193
-0.18844839930534363	0.13981656730175018
0.10690762847661972	0.2202461063861847
-0.08401808887720108	0.07498037815093994
0.10340015590190887	0.07430443167686462
-0.00560770183801651	0.014432892203330994
0.09604961425065994	0.27115651965141296
-0.07743624597787857	0.10808853060007095
-0.1342814564704895	0.017896518111228943
-0.0031130388379096985	0.13823799788951874
0.040463849902153015	0.23521557450294495
0.07838039100170135	0.3499116599559784
-0.185411274433136	0.1815224587917328
-0.015373416244983673	0.1549457460641861
-0.07005802541971207	0.28464415669441223
-0.03171268850564957	0.17922770977020264
-0.055135153234004974	0.15038523077964783
0.12850700318813324	0.2512252926826477
-0.016322478652000427	0.2300860583782196
-0.0944826677441597	0.12632089853286743
0.019988618791103363	0.06778781116008759
-0.10545191913843155	0.19274601340293884
0.026102185249328613	0.019588179886341095
-0.04491677135229111	0.19359034299850464
0.10626889020204544	0.12006150186061859
-0.10687222331762314	0.1915111541748047
0.06622487306594849	0.1063268780708313
0.07795897126197815	0.0657801702618599
0.049606211483478546	0.21549886465072632
0.0550222173333168	0.2083199918270111
0.037656255066394806	0.17643919587135315
-0.1163606271147728	0.09994269162416458
0.1538010835647583	0.04118986800312996
-0.03961219638586044	0.0552234947681427
-0.03373762220144272	0.20083633065223694
-0.1434544026851654	0.18866059184074402
0.016587577760219574	0.09442341327667236
-0.08209075778722763	0.13042330741882324
-0.029231064021587372	0.12708090245723724
0.11315502971410751	0.268049955368042
0.15410184860229492	0.06860485672950745
0.057276517152786255	0.06384675204753876
-0.04517460614442825	-0.003532029688358307
-0.11071132868528366	0.20697945356369019
0.08308839797973633	0.09667649865150452
-0.07764066010713577	0.14173713326454163
0.08664152026176453	0.15648657083511353
0.0022155120968818665	0.21093514561653137
0.030684716999530792	0.051729705184698105
0.01698216050863266	0.11379900574684143
-0.12176188081502914	0.32831820845603943
-0.10728519409894943	0.20688337087631226
0.09391971677541733	0.09933143854141235
0.051780834794044495	0.17374159395694733
0.09907813370227814	0.2150954008102417
-0.10475603491067886	0.11639659106731415
-0.15504592657089233	0.16598887741565704
0.018016286194324493	0.06424753367900848
-0.08738916367292404	0.053764667361974716
0.036983780562877655	0.12709678709506989
0.041403330862522125	0.20743775367736816
0.019621968269348145	0.17616519331932068
0.02560436725616455	0.1416441798210144
-0.045246757566928864	0.16712333261966705
0.15275786817073822	0.06272446364164352
-0.01777181774377823	0.2610177993774414
-0.026020146906375885	0.18543106317520142
-0.005963027477264404	0.22340857982635498
0.024083085358142853	-0.009657643735408783
-0.05304368585348129	0.11972861737012863
-0.17436209321022034	0.1409970372915268
0.02985548973083496	0.3032505214214325
-0.076603464782238	0.05215241014957428
-0.08884068578481674	0.23752719163894653
0.008519023656845093	0.11601167917251587
0.03045041114091873	0.2525525987148285
-0.15855029225349426	0.15680761635303497
-0.04671400040388107	0.10946289449930191
-0.1216353103518486	0.17819266021251678
-0.12019998580217361	0.12092508375644684
-0.09463729709386826	0.03137148916721344
-0.11399982124567032	0.16012699902057648
-0.09731730073690414	0.12423244118690491
0.0014786943793296814	0.10398873686790466
0.03980829566717148	0.20005479454994202
-0.1841052770614624	0.2199590504169464
-0.23538261651992798	0.1916995346546173
0.08441263437271118	0.16087719798088074
-0.1739066243171692	0.2175050675868988
-0.1604538857936859	0.027522876858711243
0.049605268985033035	0.08374474942684174
0.019200660288333893	0.06749004870653152
-0.1456553339958191	0.09846875071525574
-0.09492108970880508	0.06680237501859665
-0.09258287400007248	0.24378752708435059
0.004107721149921417	0.3064664900302887
-0.30359897017478943	0.113152876496315
-0.0845177099108696	0.1719108521938324
-0.20752987265586853	0.17262744903564453
0.014453999698162079	0.32845360040664673
-0.07296659797430038	0.2808004915714264
0.013264156877994537	0.16133935749530792
-0.23227974772453308	0.207148939371109
-0.06651120632886887	0.13816943764686584
-0.10187729448080063	0.18706798553466797
-0.09432702511548996	0.16757094860076904
-0.0033861473202705383	0.10404235124588013
-0.13889405131340027	0.13103634119033813
-0.15604236721992493	0.11580628156661987
0.03345967084169388	0.10071099549531937
-0.1519252359867096	0.2536725401878357
-0.13363340497016907	0.033116042613983154
-0.3329850137233734	0.07778593897819519
-0.13095849752426147	0.12944570183753967
-0.10860856622457504	0.225226491689682
-0.002677835524082184	0.33532726764678955
-0.19872337579727173	0.27174168825149536
-0.03707662969827652	0.3031448721885681
-0.16653680801391602	0.23395302891731262
0.016539104282855988	0.16077548265457153
0.016891904175281525	0.06969756633043289
-0.13881269097328186	0.1558409482240677
-0.11517641693353653	0.03313710540533066
-0.16328716278076172	0.2635028660297394
-0.30900850892066956	0.2056686133146286
-0.07542308419942856	0.2975950837135315
-0.10981803387403488	0.25367143750190735
0.009959705173969269	0.22597232460975647
-0.24367302656173706	0.13086490333080292
-0.16259610652923584	0.028969086706638336
-0.25632357597351074	0.1677139699459076
-0.015323325991630554	0.1182033121585846
-0.22859930992126465	0.26584842801094055
-0.0750880166888237	0.05680527538061142
-0.04715753346681595	0.30311763286590576
0.04654351621866226	0.3390566110610962
-0.2685558497905731	0.11542530357837677
-0.007798746228218079	-9.161978960037231e-05
-0.07623057812452316	0.18190334737300873
0.01696368306875229	0.09805692732334137
-0.06773967295885086	0.3007635772228241
-0.12517178058624268	0.07742190361022949
-0.10381551831960678	0.27500641345977783
0.028181903064250946	0.24958989024162292
-0.03550609201192856	0.18427389860153198
-0.0760827586054802	0.22186580300331116
-0.09163776785135269	0.19700531661510468
0.027908481657505035	0.18116521835327148
-0.15416035056114197	0.2425578236579895
-0.03718145936727524	0.09291799366474152
-0.01655334234237671	0.24963295459747314
0.0647105872631073	0.16477200388908386
-0.03927510231733322	0.15619595348834991
-0.17246824502944946	0.08630399405956268
-0.04248970001935959	0.35966548323631287
0.13975852727890015	0.17012861371040344
-0.092491514980793	0.1670593023300171
-0.12144782394170761	0.1923491656780243
0.044686414301395416	0.051566120237112045
-0.06308137625455856	0.2336656153202057
-0.07639000564813614	0.26017656922340393
0.03267752379179001	0.14316803216934204
-0.20064416527748108	0.24200275540351868
0.03720325976610184	0.0810951367020607
-0.04483289271593094	0.055151522159576416
-0.06001519411802292	0.1330091953277588
-0.026217781007289886	0.10851225256919861
-0.17315557599067688	0.24705401062965393
-0.0678485706448555	0.12116679549217224
0.024140454828739166	0.1782795786857605
-0.22068050503730774	0.24165010452270508
0.10423185676336288	0.07815510779619217
-0.05147217959165573	0.23923206329345703
-0.05959648638963699	0.16700807213783264
-0.035315923392772675	0.17655622959136963
-0.03488977998495102	0.15505239367485046
-0.16172486543655396	0.2924291789531708
-0.13002228736877441	0.08983474969863892
-0.24222925305366516	0.25966960191726685
0.07315415889024734	0.16931897401809692
-0.28880465030670166	0.22003889083862305
-0.13336092233657837	0.19012850522994995
-0.1786651313304901	0.24560043215751648
-0.061331264674663544	0.21779020130634308
-0.2263704240322113	0.27801162004470825
0.126203715801239	0.2848462164402008
-0.01837017387151718	0.14797109365463257
0.017221063375473022	0.14394128322601318
-0.1740070879459381	0.3073602318763733
-0.20347458124160767	0.016656748950481415
-0.0969834104180336	0.3271321654319763
0.02792353183031082	0.24407628178596497
0.009028099477291107	0.15413206815719604
0.03528700768947601	0.08567558228969574
0.00933188945055008	0.21465569734573364
-0.10583405941724777	0.14980055391788483
-0.08563599735498428	0.1313813328742981
-0.007894329726696014	0.24932879209518433
-0.17395028471946716	0.15985755622386932
0.06537763774394989	0.3428170382976532
-0.2298075556755066	0.2207825779914856
-0.12461193650960922	0.09388945996761322
-0.06413909047842026	0.12293945997953415
0.05592804402112961	0.1566791534423828
-0.09645552188158035	0.26786166429519653
-0.036401115357875824	0.2543468773365021
-0.2268780767917633	0.17821571230888367
-0.10155392438173294	0.13155493140220642
-0.11693944782018661	-0.01032247394323349
-0.03908046334981918	0.23403489589691162
-0.03114371746778488	0.33092358708381653
0.020898014307022095	0.2641182243824005
-0.11866617947816849	0.13905629515647888
-0.022644519805908203	0.14980508387088776
-0.23494210839271545	0.10496590286493301
-0.019384585320949554	0.2893964648246765
-0.10708635300397873	0.11641903221607208
-0.13981246948242188	0.18069493770599365
-0.17422476410865784	0.0757744163274765
0.05928388983011246	0.2284337282180786
-0.05835374444723129	0.17333073914051056
0.10714609920978546	0.20241090655326843
0.010612867772579193	0.2805764377117157
-0.0036802515387535095	0.2977886497974396
0.0030285343527793884	0.3188287913799286
-0.06991516798734665	0.07628066092729568
-0.06832503527402878	0.34219953417778015
-0.08776114135980606	0.07251644134521484
-0.1759202778339386	0.2821461260318756
-0.026504509150981903	0.34796658158302307
0.09215918928384781	0.06937038898468018
-0.018058858811855316	0.3658100664615631
-0.21880879998207092	0.12506955862045288
0.044869109988212585	0.20033414661884308
-0.03512280434370041	0.05648726224899292
0.00578366219997406	0.22095057368278503
-0.18951848149299622	0.1551199108362198
-0.03513678163290024	0.10303603112697601
-0.10467138141393661	0.1679041087627411
0.09938176721334457	0.0006971731781959534
0.030665144324302673	0.052103862166404724
-0.08260159939527512	0.2914382219314575
-0.20661014318466187	0.17082032561302185
0.0558699294924736	0.23920157551765442
-0.04599868506193161	0.2433691918849945
-0.015279456973075867	0.2596178650856018
-0.1817198097705841	0.07706532627344131
-0.09204445034265518	0.3194008469581604
-0.11724960058927536	0.18560513854026794
-0.12499570101499557	0.2237662672996521
0.02560008317232132	0.12549784779548645
-0.13516956567764282	0.11664677411317825
-0.09872416406869888	0.25553885102272034
-0.0320788249373436	0.2020912617444992
-0.3028828799724579	0.19162724912166595
-0.10630228370428085	0.13571712374687195
-0.09841086715459824	0.188888281583786
-0.007727690041065216	0.13667403161525726
-0.11798212677240372	0.1539844274520874
-0.024895936250686646	0.12103401124477386
-0.12087314575910568	0.22964587807655334
0.02838364988565445	0.24077218770980835
-0.04498057812452316	0.22809815406799316
0.03135701268911362	0.1770818531513214
-0.15998759865760803	0.09250695258378983
-0.01252676546573639	0.2539358139038086
-0.09383221715688705	0.18460306525230408
-0.10413014143705368	0.048076529055833817
-0.13382801413536072	0.16274482011795044
-0.0812116488814354	0.18190264701843262
-0.09163423627614975	-0.012377887964248657
0.09689492732286453	0.16918212175369263
-0.06178916245698929	0.23291069269180298
-0.17898187041282654	0.30610811710357666
-0.038179121911525726	0.12785646319389343
-0.13409459590911865	0.3520910441875458
-0.06407050043344498	0.2305649220943451
0.10671180486679077	0.24138599634170532
-0.03052697330713272	0.08158273994922638
-0.05573634058237076	0.18751507997512817
-0.13741126656532288	0.23588892817497253
-0.10958898812532425	0.3411847949028015
-0.25707510113716125	0.13281993567943573
0.07730839401483536	0.1415238231420517
-0.0939202830195427	0.1833392083644867
-0.04265005141496658	0.12705452740192413
-0.1357022225856781	0.1285407543182373
-0.02438528835773468	0.26880714297294617
-0.2935222089290619	0.14536041021347046
-0.12011710554361343	0.10094991326332092
-0.09767209738492966	0.267034649848938
0.020862504839897156	0.2155115306377411
-0.16789737343788147	0.14700768887996674
-0.13534951210021973	0.21503520011901855
-0.1587626338005066	0.13616542518138885
0.034310728311538696	0.31394869089126587
-0.14381110668182373	0.09895598143339157
-0.02376028150320053	0.1986105740070343
-0.20702281594276428	0.12496446818113327
0.1113910973072052	0.11211933195590973
-0.143083393573761	0.06844944506883621
-0.09736641496419907	0.2888243496417999
-0.210719496011734	0.1041044071316719
0.0023798272013664246	0.17025703191757202
-0.15185138583183289	0.11414416134357452
-0.09372376650571823	0.1713298261165619
-0.043112389743328094	0.1126476526260376
0.020346857607364655	0.04798530042171478
-0.1326114535331726	0.17564508318901062
-0.11280316859483719	0.274918794631958
-0.1819099485874176	0.19755764305591583
0.0177772119641304	0.1862221360206604
-0.041806288063526154	0.17476865649223328
-0.011056877672672272	0.13945893943309784
-0.01874694973230362	0.08096058666706085
0.0146719291806221	0.32062846422195435
-0.07393950968980789	0.17076122760772705
-0.0779426321387291	0.28188735246658325
-0.03457736223936081	0.18319520354270935
-0.12218364328145981	0.1332462728023529
-0.12887117266654968	-0.011669434607028961
-0.14698150753974915	0.13130541145801544
-0.02010554075241089	0.20163360238075256
-0.18272370100021362	0.32586437463760376
-0.01232125610113144	0.11085499823093414
-0.01616683602333069	0.1942269504070282
-0.09556996077299118	0.29736968874931335
-0.05442848056554794	0.08597452938556671
-0.029680617153644562	0.16799113154411316
0.09009989351034164	0.3226117491722107
-0.007874399423599243	0.07311034202575684
-0.048560671508312225	0.21512654423713684
-0.05413927882909775	0.10959465056657791
-0.1288682222366333	0.2687161862850189
0.045460984110832214	0.07435087114572525
-0.07322841137647629	0.1655547320842743
-0.157599538564682	0.1425165981054306
0.0005071759223937988	0.18015486001968384
-0.06455527991056442	0.18636861443519592
-0.06256123632192612	0.14865760505199432
-0.12655571103096008	0.12392061203718185
-0.07076399773359299	0.2851176857948303
0.025877289474010468	0.09888114035129547
0.07449891418218613	0.1587810069322586
0.09739578515291214	0.020189546048641205
-0.035500042140483856	0.16263777017593384
-0.0647396370768547	0.3062077760696411
0.05528529733419418	0.20363762974739075
-0.04877864569425583	0.19585968554019928
-0.043401263654232025	0.17741653323173523
0.028602108359336853	0.15327507257461548
-0.016612015664577484	0.10421779006719589
-0.024280168116092682	0.20045599341392517
-0.05918573588132858	0.027922622859477997
0.04190680384635925	0.12249806523323059
-0.07924730330705643	0.1676453948020935
-0.13253560662269592	0.15163089334964752
-0.08692199736833572	0.1961575746536255
0.017939493060112	0.19683924317359924
-0.009378448128700256	0.14772874116897583
-0.03883802145719528	0.1917586326599121
0.0021639391779899597	0.20580828189849854
-0.05269574373960495	0.15103913843631744
-0.06719178706407547	0.058326344937086105
0.07853837311267853	0.04327878728508949
-0.1718112826347351	0.08546333014965057
0.01847659796476364	0.18666982650756836
0.06294393539428711	0.08494381606578827
-0.10014229267835617	0.07036764919757843
-0.02773832529783249	0.1273794323205948
-0.034380875527858734	0.02765040099620819
-0.06754335016012192	0.1150885745882988
0.11544932425022125	0.09727191925048828
0.054443567991256714	0.09980180859565735
-0.029191605746746063	0.14072005450725555
-0.2373829483985901	0.3750957250595093
0.03599601984024048	0.10715007036924362
-0.05528915673494339	0.15667617321014404
-0.030640415847301483	0.1850864440202713
-0.0031846091151237488	0.23010405898094177
-0.0004669874906539917	0.1784060001373291
0.009845279157161713	0.18392986059188843
0.014986790716648102	0.02626335620880127
0.06977630406618118	0.2483876347541809
-0.03458870202302933	0.106801338493824
-0.0034349262714385986	0.23184683918952942
-0.11618790775537491	0.16094008088111877
-0.10431819409132004	0.12152418494224548
-0.07756779342889786	0.25774604082107544
-0.12652918696403503	0.48112183809280396
0.06210920959711075	0.05006958544254303
0.00032379478216171265	0.3411986529827118
0.1223193034529686	0.06549325585365295
-0.0006178170442581177	0.2568877339363098
0.041682399809360504	0.18352298438549042
0.0725860595703125	0.15182088315486908
-0.15010178089141846	0.1208631843328476
-0.1522858440876007	0.27292847633361816
-0.17568251490592957	0.17703750729560852
-0.08002015203237534	0.18320629000663757
0.06501613557338715	0.12762847542762756
-0.05513284355401993	0.14291143417358398
-0.11824368685483932	0.14959321916103363
-0.0984988585114479	0.26080524921417236
-0.04055710881948471	0.24578914046287537
0.06893739849328995	0.053691565990448
0.022535480558872223	0.11316471546888351
-0.09510331600904465	0.22906392812728882
-0.012753970921039581	0.18981844186782837
-0.02130988985300064	0.1854020357131958
-0.032965026795864105	0.20683375000953674
-0.04788171499967575	0.3462851643562317
-0.04081448167562485	0.11735646426677704
-0.14016574621200562	0.19172893464565277
-0.11369336396455765	0.16477905213832855
0.011531814932823181	0.09210141003131866
-0.11198297888040543	0.08126484602689743
-0.22537761926651	0.1924663782119751
-0.055099718272686005	0.22090446949005127
0.031429827213287354	0.07322873175144196
-0.1124282106757164	0.1224450170993805
-0.13952556252479553	0.06476031243801117
-0.010689713060855865	0.17569425702095032
0.0010010004043579102	0.2319910228252411
0.030261553823947906	0.07674742490053177
0.01066543161869049	0.3166396915912628
-0.08903615921735764	0.19332313537597656
-0.052433840930461884	0.11495053768157959
0.057217828929424286	0.10914741456508636
-0.018117837607860565	0.13539880514144897
0.11971475183963776	0.08326812088489532
0.03197374939918518	0.13643844425678253
0.002730235457420349	0.13279281556606293
0.039647750556468964	0.19305843114852905
-0.025532864034175873	0.11467136442661285
-0.020970948040485382	0.3034508228302002
0.11429038643836975	0.0981573536992073
0.05610577017068863	0.14064110815525055
0.03610458970069885	0.17262178659439087
0.0047089532017707825	0.3571428060531616
0.030609987676143646	0.05969417095184326
0.042183563113212585	0.31474876403808594
-0.02582993358373642	0.10005159676074982
-0.08510664850473404	0.24074453115463257
0.09580188244581223	0.03562483191490173
-0.05151288956403732	0.11355961114168167
-0.2057304084300995	0.1579597145318985
-0.06805027276277542	0.21024928987026215
-0.11642327159643173	0.07242554426193237
-0.08972752839326859	0.18929913640022278
-0.04446389526128769	0.04160843789577484
-0.012974150478839874	0.19412945210933685
-0.07472657412290573	0.19706818461418152
0.001458875834941864	0.19025388360023499
-0.08604257553815842	0.013252697885036469
-0.13883543014526367	0.16692671179771423
0.016726069152355194	0.13783223927021027
-0.0042719766497612	0.21711555123329163
-0.049522481858730316	0.08768092095851898
-0.04036369174718857	0.26596489548683167
0.03862598165869713	0.1631001979112625
0.0017633363604545593	0.1609351933002472
-0.016057327389717102	0.1190241128206253
0.000841580331325531	0.12530384957790375
-0.055167414247989655	0.1379041075706482
-0.06239943951368332	0.3020015358924866
0.08316563814878464	-0.028834067285060883
-0.02465556561946869	0.24724173545837402
0.05162300169467926	0.17063352465629578
-0.13369500637054443	0.19822657108306885
-0.12740245461463928	0.08690999448299408
-0.05590548366308212	0.0821320042014122
-0.1144435927271843	0.10518279671669006
0.0029412806034088135	0.2560807764530182
-0.11591007560491562	0.0474582314491272
-0.07275699824094772	0.276577353477478
-0.10121192783117294	0.015982963144779205
-0.1345454752445221	0.09475443512201309
-0.11697428673505783	0.08498749881982803
0.009049274027347565	0.18616968393325806
-0.029282711446285248	0.1893332302570343
0.08672365546226501	0.12395015358924866
-0.0002620965242385864	-0.0030926689505577087
-0.16815075278282166	0.19197587668895721
0.06528344750404358	0.17591869831085205
-0.027697183191776276	0.18696501851081848
0.04148479551076889	0.14863649010658264
-0.07819180935621262	0.15622976422309875
0.026321761310100555	0.12524765729904175
-0.08917810767889023	0.0350780263543129
-0.005992822349071503	0.17459352314472198
-0.07560782879590988	0.19259533286094666
0.058007143437862396	0.27417266368865967
-0.06019597500562668	0.17315316200256348
0.041275523602962494	0.10435859113931656
-0.12466452270746231	0.20994707942008972
0.04343161731958389	0.23814809322357178
0.06220473349094391	0.21860547363758087
-0.10781542211771011	0.16327250003814697
0.09137315303087234	0.3063246011734009
-0.10934769362211227	0.1896229088306427
-0.07391081005334854	0.36672937870025635
0.024555407464504242	0.07479127496480942
0.08962386101484299	0.22457978129386902
-0.14443477988243103	0.10938367992639542
-0.012319251894950867	0.2589209973812103
0.034882865846157074	0.12392861396074295
-0.10280560702085495	0.2003517746925354
-0.04830466955900192	0.17020182311534882
-0.0009170621633529663	0.004493832588195801
0.03168841451406479	0.13787241280078888
-0.00957084447145462	0.2361932396888733
0.05916091799736023	0.195140540599823
-0.09511902183294296	0.19587938487529755
-0.02897142618894577	0.17960500717163086
-0.01815596967935562	0.19963671267032623
-0.0006690472364425659	0.1331980675458908
-0.06390448659658432	0.24454689025878906
0.14203578233718872	0.08074881136417389
-0.1104646548628807	0.14028646051883698
0.03708390146493912	0.22345423698425293
-0.0018367394804954529	0.12381504476070404
-0.18568316102027893	0.18099269270896912
0.06329979002475739	0.18830803036689758
0.011226177215576172	0.18846002221107483
-0.16185042262077332	0.25469109416007996
-0.029769770801067352	0.14456944167613983
-0.22015169262886047	0.27536192536354065
0.004966698586940765	0.1690390408039093
-0.07486968487501144	0.14132946729660034
-0.021898113191127777	0.10842627286911011
-0.12006299942731857	0.2754881680011749
-0.11132890731096268	0.20364373922348022
-0.046911440789699554	0.1754741668701172
0.00975857675075531	0.21336019039154053
-0.008993498980998993	0.24964025616645813
0.03699455410242081	0.10641399025917053
-0.07086595147848129	0.15523314476013184
0.027808234095573425	0.15519797801971436
-0.10087504237890244	0.13159644603729248
0.05554814636707306	0.25367647409439087
-0.04658772796392441	0.2529006004333496
-0.12531277537345886	0.3038350045681
-0.03694417327642441	0.2696419060230255
0.002309046685695648	0.056722380220890045
-0.05516847223043442	0.27880382537841797
-0.07719697803258896	0.07650627195835114
-0.031735800206661224	0.061053309589624405
-0.003332890570163727	0.1777455061674118
0.07412580400705338	0.09275159239768982
-0.026700459420681	0.1517820805311203
0.11741384118795395	0.06747672706842422
-0.09714119881391525	0.17900386452674866
0.06506244093179703	0.22831299901008606
0.10666372627019882	0.22159039974212646
-0.08590393513441086	0.16958624124526978
0.0798112228512764	0.07584759593009949
-0.02849014848470688	0.28831228613853455
0.05386960506439209	0.19459816813468933
-0.08964642137289047	0.07432706654071808
0.03478492051362991	0.28870394825935364
0.13278314471244812	0.31662631034851074
-0.2094743847846985	0.17897847294807434
-0.007704034447669983	0.19408196210861206
-0.0243869349360466	0.2347298264503479
0.027479037642478943	0.1791418045759201
0.02415088564157486	0.14030461013317108
0.04902651906013489	0.0763239711523056
-0.059062279760837555	0.12167344987392426
0.007368505001068115	0.13031519949436188
0.04377041012048721	0.23284858465194702
0.05026787891983986	0.17449438571929932
-0.1603761613368988	0.10389693826436996
0.11327966302633286	0.2979249060153961
0.09066072106361389	0.08188943564891815
0.10117495805025101	0.1521623432636261
-0.08624225109815598	0.1317507028579712
0.021392300724983215	0.19535791873931885
-0.0610668882727623	0.1061321496963501
0.02878400683403015	0.15265294909477234
0.01054442673921585	0.12429530918598175
-0.11127283424139023	0.14698690176010132
-0.03864305466413498	0.21162232756614685
0.08893745392560959	0.36889034509658813
-0.04869454354047775	0.2883355915546417
0.04565182328224182	0.23982763290405273
0.03318122774362564	0.2890881597995758
-0.12439010292291641	0.20773030817508698
-0.0634491816163063	0.07300569117069244
0.03522901237010956	0.11024053394794464
0.016215011477470398	0.09175543487071991
-0.03711973875761032	0.34560972452163696
-0.12487735599279404	0.16756469011306763
-0.06675522774457932	0.12284013628959656
-0.13682126998901367	0.28197720646858215
0.008688770234584808	0.10391250252723694
-0.04494478553533554	0.1448175013065338
0.015935249626636505	0.12012118101119995
0.09696795791387558	0.2276001274585724
-0.052271150052547455	0.17991364002227783
0.10287049412727356	0.1711759716272354
-0.12946072220802307	0.12485968321561813
-0.14897707104682922	0.15466934442520142
-0.05345027893781662	0.13118669390678406
-0.13404160737991333	0.14010992646217346
0.018004238605499268	0.22453464567661285
0.06738528609275818	0.08176130056381226
0.03521326929330826	0.29796478152275085
0.0686696320772171	0.08227415382862091
0.04353814572095871	0.1441732943058014
-0.012920036911964417	0.3483024835586548
-0.060275815427303314	0.3006443679332733
0.06061707064509392	0.048671238124370575
-0.10806842893362045	0.13683539628982544
-0.17735686898231506	0.1670028269290924
-0.0986224040389061	0.1193544864654541
-0.11348234862089157	0.06386856734752655
-0.04731426388025284	0.06584864854812622
-0.037319086492061615	0.26357343792915344
0.02850300818681717	0.18319353461265564
0.13186895847320557	0.06124251335859299
-0.11239149421453476	0.16446959972381592
-0.06430598348379135	0.11310267448425293
-0.03758128732442856	0.2502252757549286
0.014187566936016083	0.19302883744239807
0.05514809489250183	0.17058917880058289
0.09950944781303406	0.07221440225839615
0.07023471593856812	0.17355164885520935
-0.05167434364557266	0.22514423727989197
-0.03978564590215683	0.11823835223913193
-0.038107626140117645	0.14984355866909027
0.110536128282547	0.2372668981552124
0.07432520389556885	0.3219617009162903
-0.21235457062721252	0.17089614272117615
0.12699192762374878	0.34275496006011963
-0.1808798611164093	0.16618141531944275
0.12134598940610886	0.14002573490142822
-0.06401406973600388	0.11678023636341095
0.13267646729946136	0.2916834056377411
-0.030054710805416107	0.20719146728515625
-0.07349982112646103	0.08311288058757782
-0.06970582157373428	0.2762523889541626
-0.07293366640806198	0.16338646411895752
0.05032802373170853	0.055649518966674805
0.0055119991302490234	0.19395270943641663
-0.08499544113874435	0.14901579916477203
0.07896392047405243	0.2357487678527832
-0.19024696946144104	0.15406127274036407
-0.0126204714179039	0.2071218192577362
-0.061311595141887665	0.2832919955253601
-0.01130162924528122	0.08584697544574738
-0.004777885973453522	0.1931767463684082
-0.11098278313875198	0.09354470670223236
-0.0331474170088768	0.22818320989608765
-0.028266213834285736	0.08115887641906738
-0.0456918403506279	0.22045692801475525
-0.05852779000997543	0.15687063336372375
-0.07957949489355087	0.11450041830539703
0.00025822222232818604	0.09972792863845825
-0.07131598144769669	0.06069966405630112
-0.11384481936693192	0.08514244854450226
-0.01436016708612442	0.1925678849220276
0.06633356213569641	0.2079421877861023
-0.057833991944789886	0.03249632567167282
0.11818353086709976	0.19153180718421936
0.02163711190223694	0.3210688531398773
-0.09332134574651718	0.1256258487701416
0.02176962047815323	0.01420217752456665
-0.11987333744764328	0.11944650858640671
-0.07065006345510483	0.1719476282596588
-0.054628752171993256	0.0072533562779426575
-0.13733059167861938	0.10380478203296661
-0.10869833081960678	0.10107039660215378
-0.1742585003376007	0.2075786292552948
-0.12340425699949265	0.17218981683254242
-0.11351262778043747	0.16083964705467224
-0.14286020398139954	0.12264211475849152
-0.3143489360809326	0.2863607108592987
0.017228804528713226	0.28411874175071716
0.009381256997585297	0.19793009757995605
0.0966387689113617	0.3473763167858124
-0.07903655618429184	0.2158401608467102
0.06486283987760544	0.17737171053886414
-0.028363458812236786	0.23628607392311096
0.10654851049184799	0.32872816920280457
0.015292160212993622	0.09601832181215286
0.028310418128967285	0.12237673997879028
0.08622857183218002	0.236479252576828
-0.04048924893140793	0.0506165586411953
-0.022247210144996643	0.15070505440235138
-0.08491329103708267	0.0782448798418045
-0.028979085385799408	0.2485622763633728
-0.0347319170832634	0.18789142370224
0.02914031594991684	0.08402683585882187
0.10146331787109375	0.0950661450624466
0.005141854286193848	0.21034377813339233
0.05178869515657425	0.07188315689563751
-0.06448330730199814	0.21879343688488007
-0.0164276584982872	0.19750094413757324
-0.03256521373987198	0.2721874415874481
0.02818300575017929	0.2922936975955963
-0.04077387601137161	0.11557181179523468
-0.05591987818479538	0.24678578972816467
-0.13162043690681458	0.17960050702095032
0.0319354310631752	0.11072157323360443
-0.06250690668821335	0.2179231196641922
0.08765368163585663	0.19484272599220276
0.03339817374944687	0.2687338888645172
0.0065643563866615295	0.26729607582092285
-0.10832106322050095	0.20573386549949646
-0.0215955451130867	0.035077668726444244
-0.08684646338224411	0.14775317907333374
-0.043279461562633514	0.17209112644195557
-0.009170621633529663	0.15034715831279755
0.023593924939632416	0.2553558945655823
-0.0465536043047905	0.16582384705543518
0.0672406330704689	0.08411328494548798
-0.22145643830299377	0.11818908154964447
0.054177455604076385	0.35219451785087585
0.03854747116565704	0.08421842008829117
-0.19345620274543762	0.13056159019470215
-0.08963959664106369	0.13704021275043488
0.12059146165847778	0.1259409636259079
-0.030291102826595306	0.012840211391448975
0.14345553517341614	0.05232125148177147
0.02733633667230606	0.15717795491218567
-0.04073893278837204	0.14793837070465088
-0.07403699308633804	0.10122759640216827
0.04451227933168411	0.25837844610214233
-0.13329845666885376	0.28435003757476807
0.07037799805402756	0.1489475965499878
0.010549008846282959	0.13144323229789734
0.0163421630859375	0.22829091548919678
0.013260237872600555	0.26113080978393555
-0.05644088238477707	0.22220367193222046
-0.17790070176124573	0.1827036738395691
-0.1171315535902977	0.15737088024616241
-0.03982853144407272	0.18544945120811462
0.07004932314157486	0.28925445675849915
-0.11809249967336655	0.14446675777435303
0.0998799204826355	0.07948437333106995
-0.03274676948785782	0.1663563847541809
-0.04132705181837082	0.1945928931236267
-0.08217056840658188	0.17007166147232056
0.042556121945381165	-0.04674876481294632
-0.07341977208852768	0.2519530951976776
0.01812058687210083	0.22533592581748962
-0.02282749116420746	0.2101268172264099
-0.03272595256567001	0.12449796497821808
-0.019590534269809723	0.180527925491333
-0.0032307878136634827	0.04402533173561096
-0.10634230822324753	0.24302661418914795
0.0577956959605217	0.2845115661621094
-0.09467106312513351	0.060900427401065826
-0.21140792965888977	0.20362016558647156
0.0479372963309288	0.16096064448356628
-0.07089453190565109	0.25976088643074036
-0.02678569406270981	0.2518869936466217
-0.22401690483093262	0.21363645792007446
0.00491679459810257	0.11090593039989471
0.008158087730407715	0.323432058095932
0.015262134373188019	0.019247092306613922
-0.08164548128843307	0.14821560680866241
-0.18445289134979248	0.13828730583190918
-0.11391612142324448	0.14701353013515472
-0.03279256075620651	0.2850819230079651
0.07122863084077835	0.31543269753456116
-0.01245196908712387	0.23017403483390808
-0.007683753967285156	0.1062728613615036
0.10563364624977112	0.09973183274269104
-0.05125641077756882	0.09887409955263138
-0.010486669838428497	0.15259063243865967
-0.11694969981908798	0.1788354516029358
0.0036104321479797363	0.2802087068557739
-0.22237259149551392	0.2371082305908203
-0.10761000961065292	0.09241266548633575
-0.005454309284687042	0.14318688213825226
0.06651809811592102	0.2687394618988037
-0.24812406301498413	0.19765827059745789
-0.009555235505104065	0.16982948780059814
-0.09392929822206497	0.2745041847229004
0.02825697511434555	0.2373446226119995
-0.16747882962226868	0.2241535484790802
0.14301061630249023	0.15609024465084076
-0.015401303768157959	0.14961868524551392
0.07957667112350464	0.26616206765174866
-0.04941537231206894	0.11869508773088455
-0.05278167873620987	0.13342073559761047
-0.03657548874616623	0.13947904109954834
0.13990570604801178	0.07149660587310791
-0.0826413556933403	0.08065348863601685
-0.056417517364025116	0.15423932671546936
0.11026766896247864	0.2640116214752197
-0.06231080740690231	0.08313518762588501
-0.2631778419017792	0.19584929943084717
-0.10319554060697556	0.2602768838405609
-0.02280588448047638	0.3044079542160034
0.03744848072528839	0.1314503252506256
0.0020016878843307495	0.11241044849157333
-0.015827424824237823	0.02729704976081848
-0.04846007376909256	0.24851983785629272
-0.08901306241750717	0.2017296850681305
-0.12654665112495422	0.18288075923919678
0.01785425841808319	0.2196824848651886
-0.04216288775205612	0.1134396344423294
-0.04394274204969406	0.15042813122272491
-0.10458209365606308	0.22207948565483093
0.01964588463306427	0.134208545088768
-0.026819966733455658	0.21023184061050415
0.11892823129892349	0.1911982297897339
-0.10468893498182297	0.1567189246416092
-0.029415644705295563	0.04959879815578461
-0.10475819557905197	0.13773253560066223
-0.07715760916471481	0.07839162647724152
-0.1027640625834465	0.12977805733680725
0.048598505556583405	0.02044423669576645
-0.09250255674123764	0.2065669596195221
0.1015506386756897	0.08778200298547745
-0.020786799490451813	0.06601077318191528
0.013088338077068329	0.10713538527488708
-0.2436486780643463	0.14983755350112915
-0.11360805481672287	0.13391022384166718
0.037612251937389374	0.17330628633499146
-0.0721050426363945	0.1521751880645752
0.07975099235773087	0.10375653207302094
-0.0007334500551223755	0.23507428169250488
-0.03404907137155533	0.12707675993442535
-0.2019999921321869	0.2033376693725586
-0.07067074626684189	0.2578784227371216
-0.14743220806121826	0.2606951594352722
-0.03894525021314621	0.19119104743003845
-0.10526194423437119	0.200975239276886
-0.10534176975488663	0.1570541262626648
-0.0187884122133255	0.2557343542575836
-0.11029314249753952	0.15037901699543
0.04873727262020111	0.3000325858592987
-0.14329540729522705	0.2153264433145523
-0.05862853676080704	0.2016182839870453
-0.011533357203006744	0.21715688705444336
0.010858669877052307	0.2526722550392151
0.019988365471363068	0.12303163856267929
-0.14513838291168213	0.2183864712715149
-0.04289200156927109	0.25627610087394714
-0.08784844726324081	0.15667396783828735
-0.04535443335771561	0.24662363529205322
0.09116153419017792	0.08407412469387054
-0.032754696905612946	0.14284195005893707
0.07042112201452255	0.2279030978679657
-0.11747994273900986	0.0795125663280487
-0.00958385318517685	0.28995707631111145
0.07383459061384201	0.21240636706352234
-0.01449478417634964	0.15821263194084167
-0.013713613152503967	0.17862503230571747
-0.11293398588895798	0.1885477602481842
0.017345823347568512	0.11072515696287155
-0.09249978512525558	0.33039775490760803
0.030261889100074768	0.24570244550704956
-0.1905437409877777	0.1379954218864441
-0.0789455845952034	0.08920896053314209
-0.1377042829990387	0.149658203125
-0.1254088580608368	0.06933487951755524
-0.04267568141222	0.11914267390966415
-0.05732240527868271	0.2379293143749237
-0.08267726749181747	0.11737985163927078
-0.0021550655364990234	0.1683601438999176
-0.03228437155485153	0.16022765636444092
-0.1078602597117424	0.18679603934288025
-0.047698043286800385	0.3608001172542572
-0.02560151368379593	0.2090526521205902
-0.06898628920316696	0.009471409022808075
-0.018781572580337524	0.25059568881988525
-0.10124018043279648	0.1394699364900589
-0.11403792351484299	0.2341879904270172
-0.038970015943050385	0.1970764845609665
-0.0679803416132927	0.14544269442558289
0.021920643746852875	0.09927237033843994
-0.18552184104919434	0.11089964210987091
-0.034784577786922455	0.23778095841407776
-0.10997616499662399	0.22756654024124146
0.06413501501083374	0.11336475610733032
-0.023346588015556335	0.3101097345352173
-0.17534539103507996	0.2047404646873474
-0.2130667269229889	0.1888158917427063
-0.1024957224726677	0.1322130709886551
-0.07200830429792404	0.21064266562461853
-0.0996476337313652	0.2709364891052246
-0.0041804239153862	0.15411284565925598
0.043772123754024506	0.2546074092388153
-0.13939732313156128	0.15857639908790588
-0.15354827046394348	0.29214176535606384
-0.009983845055103302	0.1996762752532959
0.01399821788072586	0.1983339786529541
-0.057010047137737274	0.3693996071815491
-0.1022254154086113	0.15178699791431427
-0.1295064091682434	0.11243919283151627
-0.156774640083313	0.08977118134498596
-0.03041531890630722	0.11686954647302628
0.15025755763053894	0.08184951543807983
-0.0021648555994033813	0.12059250473976135
-0.05817478150129318	0.06851377338171005
-0.025281213223934174	0.23178717494010925
-0.1712455451488495	0.13854417204856873
0.006235532462596893	0.2542324960231781
-0.09407567232847214	0.1991659700870514
0.03563816100358963	0.2833563983440399
0.007577359676361084	0.25037407875061035
0.031096942722797394	0.26490873098373413
-0.1316094696521759	0.11407853662967682
-0.043633975088596344	0.288346529006958
