10.569133758544922	3.9468557834625244
4.3070268630981445	4.000434398651123
-0.14681991934776306	4.065844535827637
-3.2279810905456543	-8.381102561950684
2.130733013153076	-3.6171581745147705
11.502235412597656	-1.0725946426391602
-0.22527751326560974	-7.715677261352539
15.141088485717773	0.5071793794631958
-3.350776433944702	-4.725263595581055
2.6200451850891113	-3.4781930446624756
13.673898696899414	-0.9944790601730347
6.8977813720703125	1.948656439781189
14.483441352844238	2.6356818675994873
6.517845630645752	-3.744666337966919
-3.3174097537994385	-4.702663421630859
-1.6077111959457397	-0.10629811882972717
8.20572566986084	4.272736549377441
7.662150859832764	-5.857831954956055
4.122615337371826	5.543934345245361
0.8028165102005005	-4.162952899932861
3.0509161949157715	-4.0678205490112305
5.722626686096191	2.0885133743286133
1.0756274461746216	-1.3876107931137085
-3.503129482269287	-8.387822151184082
9.744852066040039	3.0811617374420166
11.927719116210938	-1.0957858562469482
-0.17542824149131775	0.13518938422203064
16.00267219543457	-0.9981392621994019
9.489028930664062	0.5306072235107422
-1.0533846616744995	-1.5013846158981323
11.457464218139648	1.1696364879608154
8.369787216186523	-6.170041084289551
3.8552632331848145	2.5891871452331543
-0.4052201211452484	-4.856252670288086
6.552148342132568	-6.087845325469971
8.745706558227539	3.942401170730591
8.343873977661133	-8.999913215637207
6.571876525878906	-3.5321109294891357
6.817608833312988	3.109829902648926
6.1551313400268555	-4.546958923339844
-2.7110557556152344	-6.304618835449219
9.59716510772705	-4.568641662597656
-3.6387829780578613	1.832330584526062
0.1346360743045807	-3.850909948348999
8.237588882446289	4.981683731079102
2.1298017501831055	-2.508732318878174
8.459977149963379	1.9551914930343628
10.127900123596191	3.004866600036621
7.2021636962890625	2.335832357406616
14.258424758911133	0.8270256519317627
9.946834564208984	7.412875652313232
5.584107398986816	2.309329032897949
-1.8210047483444214	2.1751251220703125
1.5165077447891235	-3.313119649887085
0.13678446412086487	0.6772936582565308
8.387672424316406	-3.868452310562134
5.690454959869385	3.253574848175049
1.3415042161941528	-1.9503682851791382
3.292078733444214	-6.786036491394043
-3.3047375679016113	-7.965733528137207
2.9892754554748535	2.9982738494873047
1.732965350151062	-5.25811767578125
8.536336898803711	-5.518838405609131
8.061059951782227	-2.605694532394409
2.4914498329162598	1.7126764059066772
9.283363342285156	2.7300407886505127
7.8916730880737305	-2.6857402324676514
-1.9692500829696655	-5.665213108062744
3.5029730796813965	9.169388771057129
7.63212776184082	-3.9244754314422607
7.111117362976074	-1.7078443765640259
-2.3066349029541016	0.25591549277305603
-4.385787010192871	-4.560506820678711
6.997435569763184	-4.698751449584961
12.116990089416504	1.2260165214538574
5.504494667053223	1.119381308555603
7.564173698425293	3.432481527328491
-2.9744701385498047	-8.155463218688965
-1.2138978242874146	-9.83283519744873
-1.7776552438735962	-1.9780207872390747
7.9135613441467285	4.260366916656494
5.85422945022583	-1.0968601703643799
11.352612495422363	-1.631693720817566
6.549220561981201	-1.8199962377548218
-3.802889823913574	3.957554578781128
8.39034652709961	-1.163699746131897
9.621553421020508	6.259608268737793
3.2047500610351562	-4.0634613037109375
4.105249881744385	5.816632270812988
1.4933527708053589	-0.16807273030281067
6.29146671295166	-2.34818434715271
-1.8883968591690063	0.660040020942688
0.3777691423892975	2.609823703765869
7.69680118560791	-5.215507507324219
8.217814445495605	-3.1027913093566895
5.875942230224609	-1.256298542022705
-3.0522971153259277	-0.5544732809066772
8.972803115844727	-4.100434303283691
11.15760612487793	3.8360793590545654
-5.06289005279541	-5.930112838745117
5.522331714630127	1.9269648790359497
-2.401935338973999	2.57421612739563
-3.4792087078094482	-4.860978603363037
-2.961761474609375	2.6856420040130615
-2.497547149658203	-5.10871696472168
-1.1990429162979126	-8.958414077758789
8.937674522399902	-1.7361263036727905
14.286656379699707	1.8519971370697021
4.005423545837402	8.758769989013672
10.103376388549805	2.7611374855041504
2.8154027462005615	-2.2202417850494385
16.123933792114258	1.2932223081588745
-3.1204490661621094	-5.828184604644775
-1.131778359413147	-9.953689575195312
5.60591983795166	3.171628713607788
1.186327576637268	-1.8349608182907104
3.1917614936828613	-4.458107948303223
12.1771240234375	-1.3883280754089355
2.973935604095459	6.341619491577148
6.238715648651123	-0.28005561232566833
8.93481159210205	0.13184699416160583
5.5138840675354	3.6363394260406494
6.999613285064697	0.22432073950767517
-2.283291816711426	2.349003791809082
-5.667916297912598	-3.5457656383514404
9.189651489257812	-3.958758592605591
7.64894962310791	-1.75188148021698
3.603170871734619	-3.6371490955352783
0.4954632818698883	-9.223748207092285
8.149480819702148	-8.317619323730469
12.853309631347656	2.454395294189453
3.6483495235443115	-5.2222442626953125
4.582230091094971	-2.01383113861084
-0.18799671530723572	-4.611185073852539
1.4052811861038208	-7.695415496826172
14.373541831970215	1.3960076570510864
11.482419967651367	4.894999980926514
3.118743896484375	-8.346481323242188
11.031670570373535	3.32867169380188
4.034761428833008	-5.55271053314209
-3.251281261444092	2.8869740962982178
-1.3211437463760376	-3.359412431716919
2.238290309906006	-0.2825527489185333
9.668842315673828	1.9420050382614136
6.063795566558838	5.165839195251465
10.60257339477539	3.6122875213623047
8.105204582214355	-0.27245691418647766
6.821424961090088	-7.718509674072266
3.4742445945739746	1.7507538795471191
14.586593627929688	3.676314115524292
4.838672637939453	-4.777795791625977
5.650547504425049	-2.227277994155884
-2.631028890609741	-6.150184631347656
0.19753065705299377	-2.002465009689331
-0.7992361783981323	2.2169015407562256
7.194339752197266	-5.727409362792969
3.447226047515869	7.6439971923828125
14.581084251403809	0.7399247884750366
-1.037514567375183	4.901477813720703
10.350591659545898	2.087557315826416
6.68609094619751	-3.207350015640259
9.841324806213379	1.1349188089370728
2.2069265842437744	-1.7911537885665894
4.320277214050293	-6.582057952880859
3.547206401824951	-4.925010681152344
8.416038513183594	-7.222614288330078
2.7427525520324707	-4.177353858947754
2.377281904220581	-2.2795403003692627
0.8673607110977173	-6.5895562171936035
7.00980806350708	-3.4399869441986084
1.616989016532898	-1.0942208766937256
12.150443077087402	-0.9981632232666016
-1.7921944856643677	-0.8453695774078369
8.978341102600098	2.290621042251587
-3.79445743560791	-5.270576477050781
11.033622741699219	0.5537358522415161
0.8887671232223511	-4.5726213455200195
-0.9538565874099731	-9.415448188781738
5.980102062225342	6.124983787536621
15.068000793457031	3.290297031402588
2.224102020263672	-2.327958345413208
12.842655181884766	2.5720021724700928
10.967155456542969	4.981664657592773
2.8818318843841553	-2.116163492202759
-2.2032089233398438	-5.516332626342773
-1.6737781763076782	1.1765676736831665
6.064408302307129	0.14112403988838196
10.730464935302734	-1.307025671005249
7.513927459716797	-0.19899412989616394
11.362281799316406	-1.2720690965652466
7.956623077392578	0.5754672288894653
8.792222023010254	4.04235315322876
4.038086414337158	2.7619714736938477
-1.9505974054336548	1.4918310642242432
3.393312692642212	-4.261257171630859
0.9320870637893677	-2.8393399715423584
-1.634679913520813	1.5582879781723022
6.568997383117676	-3.393500328063965
11.432979583740234	2.9616825580596924
11.318521499633789	1.5287952423095703
-0.07024750113487244	-7.739645004272461
-2.6087706089019775	-8.663066864013672
9.031339645385742	-3.478337049484253
13.92959976196289	2.5457146167755127
6.015388488769531	-6.54571533203125
-2.831327438354492	-8.897706985473633
4.395895004272461	6.897856712341309
11.237741470336914	3.9940543174743652
-0.7759932279586792	-8.658073425292969
4.758856296539307	5.9781389236450195
2.0887386798858643	7.780412673950195
-0.44148001074790955	-8.795831680297852
-1.768980860710144	-2.2429354190826416
10.555442810058594	-2.354447364807129
-2.685671806335449	1.2045284509658813
14.671487808227539	1.3264164924621582
3.886720895767212	3.8804173469543457
1.8342446088790894	-1.5732325315475464
6.681607246398926	-1.6683202981948853
11.30881118774414	3.9501936435699463
8.2573881149292	4.672569274902344
7.110276222229004	-5.11057186126709
3.1628870964050293	-3.8275034427642822
-1.4482611417770386	-2.179399251937866
7.051042556762695	3.3587939739227295
10.39124870300293	-2.8723905086517334
1.5388020277023315	-1.8916527032852173
2.0304222106933594	-3.7955024242401123
8.340435028076172	4.241853713989258
4.758641242980957	6.1970062255859375
-3.027524709701538	1.7683926820755005
-1.5227755308151245	-8.191789627075195
2.311966896057129	4.353031635284424
9.378868103027344	-1.4723480939865112
3.822984218597412	5.465488433837891
12.78463077545166	2.3715169429779053
10.47203540802002	1.7751392126083374
1.6298531293869019	-1.1169062852859497
5.394730091094971	-0.41866376996040344
13.18266487121582	3.815333604812622
4.585555076599121	-4.0462646484375
4.1862311363220215	1.4238697290420532
13.432708740234375	0.3332233130931854
-1.8642688989639282	1.5229521989822388
13.136358261108398	-3.3937976360321045
9.421183586120605	-4.810921669006348
3.567667245864868	8.853297233581543
0.7788947820663452	-1.0589460134506226
0.511093258857727	-7.316715240478516
4.460338592529297	7.412891864776611
14.229024887084961	3.1305010318756104
-0.17831644415855408	-9.154258728027344
9.337011337280273	-0.1819342076778412
9.936531066894531	0.8457216620445251
9.944732666015625	6.620443820953369
13.466629028320312	0.5078800916671753
5.679385662078857	-4.673496723175049
2.4865221977233887	-3.9259111881256104
-3.652656078338623	2.260566234588623
12.350580215454102	3.5392417907714844
3.3762876987457275	8.486790657043457
5.485960006713867	-3.2962453365325928
5.859667778015137	5.387269020080566
-2.0492000579833984	0.045324891805648804
2.2431998252868652	1.6758252382278442
10.665719985961914	-5.2166242599487305
10.775189399719238	4.903522491455078
0.7243932485580444	-1.0914862155914307
6.377443313598633	2.467189073562622
-3.3719260692596436	-7.438971996307373
-6.126401901245117	-3.066903829574585
2.6665902137756348	-4.066397190093994
0.22517958283424377	0.03360661864280701
12.146352767944336	4.354008197784424
5.708351135253906	-0.5109585523605347
2.1287169456481934	-1.660309910774231
-5.084062576293945	-4.395615577697754
10.18616008758545	0.5887223482131958
9.211475372314453	2.408203125
11.791074752807617	3.4413716793060303
0.40759196877479553	-2.1078412532806396
12.29637336730957	4.177863597869873
3.7617945671081543	6.162965774536133
5.096654891967773	2.493821382522583
10.38888168334961	7.926068305969238
2.0076756477355957	-2.2850687503814697
9.15162467956543	-10.545289993286133
11.486499786376953	4.018319606781006
-3.7801241874694824	2.587195634841919
1.289178729057312	-1.512877345085144
-2.8105032444000244	-7.194066047668457
12.128904342651367	2.063764810562134
4.427779674530029	-4.787032127380371
5.925238609313965	0.01602432131767273
2.806520938873291	-2.923234701156616
8.184371948242188	-1.6656774282455444
4.162302017211914	4.316527843475342
1.1506305932998657	-0.373882919549942
15.319144248962402	0.389006108045578
6.984256744384766	-5.681583404541016
7.194027900695801	-4.1016435623168945
-2.1769306659698486	0.4537050426006317
7.425233840942383	-6.783551216125488
5.639228343963623	-0.15726181864738464
-2.208138942718506	1.032638430595398
-1.9424501657485962	-0.10628345608711243
10.443329811096191	7.5573039054870605
-2.802083969116211	-0.05361047387123108
9.448394775390625	0.4916796386241913
-4.412445545196533	-6.858248710632324
-3.8936967849731445	-4.740795135498047
5.361411094665527	-2.6196725368499756
9.75177001953125	-3.812896490097046
1.8222144842147827	-3.861340284347534
1.555784821510315	2.343329668045044
-2.6472785472869873	-8.851631164550781
8.281292915344238	7.960022926330566
9.025800704956055	0.024486452341079712
6.694851875305176	2.8194568157196045
1.6142271757125854	-4.609376907348633
5.366285800933838	1.217881679534912
11.204328536987305	2.777458906173706
1.3722004890441895	4.009647846221924
4.906096458435059	-0.19648495316505432
5.7704267501831055	1.5858426094055176
9.563736915588379	-2.2579948902130127
3.498537540435791	4.8378586769104
12.521644592285156	2.1215248107910156
11.68728256225586	-3.6947519779205322
2.263124704360962	-2.6010401248931885
10.241584777832031	4.451050281524658
5.358003616333008	-3.6769163608551025
10.169343948364258	6.209768772125244
9.932218551635742	-0.5134800672531128
3.800358295440674	-0.7221182584762573
9.620409965515137	5.6499762535095215
1.4353433847427368	-2.2879083156585693
-1.1694036722183228	1.3861876726150513
1.037908673286438	2.5794224739074707
9.278749465942383	-0.3265285789966583
1.866275429725647	-0.13160744309425354
12.86721420288086	2.8206422328948975
1.1085604429244995	-1.88888418674469
8.077030181884766	-3.5200254917144775
1.9069163799285889	0.9958658218383789
-2.703263521194458	-8.676950454711914
9.500320434570312	2.295464515686035
8.800689697265625	1.172597885131836
9.29714584350586	-7.841630935668945
-2.0391061305999756	3.348989725112915
3.38550066947937	-2.122206449508667
-1.5718616247177124	-9.461442947387695
11.388554573059082	-2.0432488918304443
-2.416029930114746	-0.34134653210639954
0.8490382432937622	-3.818891763687134
-1.5113667249679565	-9.828888893127441
7.611263275146484	5.473409652709961
-0.6198965311050415	-10.043444633483887
-1.9837878942489624	-5.785310745239258
4.284982681274414	4.438137531280518
7.756008148193359	1.289975643157959
13.082493782043457	1.210464358329773
3.0324573516845703	-3.0361063480377197
2.0624444484710693	-4.999790668487549
1.9038439989089966	1.1746482849121094
8.930492401123047	0.8163191080093384
-4.124759197235107	-4.8610711097717285
5.376031398773193	-2.0801427364349365
7.394107341766357	-2.481640338897705
1.3939024209976196	-2.5024383068084717
-2.242854595184326	-3.5642011165618896
-1.0875145196914673	2.665207862854004
1.7127529382705688	-0.2841327488422394
0.9176293611526489	-1.8819886445999146
4.483921051025391	-9.411462783813477
10.56292724609375	-1.789502501487732
9.48746395111084	1.5245026350021362
-1.0153895616531372	-0.5219471454620361
8.427238464355469	2.0463528633117676
1.794442892074585	-3.9944303035736084
3.201981782913208	0.43814799189567566
10.782182693481445	-3.403304100036621
0.24692478775978088	-8.356581687927246
2.606074333190918	-2.2496612071990967
5.837523460388184	1.1064112186431885
11.088184356689453	-5.344077110290527
10.021316528320312	2.1177477836608887
-2.2548322677612305	1.5876497030258179
4.070112705230713	-1.332697868347168
1.9047976732254028	-4.797027587890625
8.746898651123047	-1.666913628578186
8.883800506591797	-2.6965396404266357
11.645112037658691	5.105245590209961
8.79404354095459	-4.500019073486328
-1.1876379251480103	-5.106594085693359
5.218286514282227	-2.2948977947235107
8.590126991271973	6.397131443023682
-3.4544084072113037	-8.574520111083984
-3.631338596343994	-4.572190284729004
6.366934776306152	-2.8698554039001465
8.69186782836914	0.4707472324371338
5.075046062469482	-2.6184966564178467
0.5392338037490845	0.2604322135448456
11.11231803894043	4.688724517822266
10.124078750610352	4.121809959411621
11.64879035949707	4.5051679611206055
-0.6977797746658325	-6.358572006225586
10.535462379455566	5.566181182861328
-3.7489705085754395	-4.977097988128662
2.1403379440307617	-3.1118431091308594
8.290555000305176	0.9087783098220825
-2.4081521034240723	-0.6249896287918091
-0.2911723554134369	-0.5573408603668213
1.3449777364730835	-0.8796215057373047
5.448556423187256	-5.237481117248535
9.065349578857422	-5.796258926391602
0.3202289640903473	-10.085878372192383
10.792152404785156	4.134583950042725
4.965994834899902	5.607927322387695
1.1013480424880981	-2.750807046890259
5.854419708251953	2.2660467624664307
6.363203048706055	-5.540320873260498
-4.025768280029297	2.542742967605591
1.3746501207351685	-3.7944557666778564
3.376376152038574	-6.431694030761719
12.295991897583008	4.253114700317383
-1.2077046632766724	-3.4349558353424072
7.078278541564941	-4.011670112609863
2.3800973892211914	-2.9447481632232666
4.975027084350586	3.3043925762176514
5.511691093444824	3.36561918258667
6.145401477813721	-4.4647674560546875
6.778652667999268	6.404682159423828
11.898099899291992	4.501945495605469
0.8160418272018433	4.91258430480957
4.356834411621094	5.2078776359558105
-1.2490640878677368	3.2918179035186768
11.894781112670898	4.264245510101318
3.376812696456909	-5.939914226531982
9.226617813110352	-4.898881435394287
7.0295867919921875	1.59488046169281
0.15282240509986877	-1.8022435903549194
2.5826942920684814	-0.2911088764667511
-3.6841185092926025	-8.267690658569336
2.7688050270080566	2.353214979171753
9.767610549926758	-4.744730472564697
-0.07386800646781921	4.7137298583984375
-2.8382601737976074	-8.803330421447754
9.984060287475586	-2.588139772415161
5.870280742645264	-4.197084426879883
-1.4568787813186646	-6.678630352020264
6.3752312660217285	-1.5950855016708374
14.701333045959473	5.917729377746582
3.583137273788452	4.762697696685791
-4.79445219039917	-3.918379068374634
-3.6197402477264404	-8.094091415405273
6.484429359436035	0.14129623770713806
8.89595890045166	-0.764409065246582
4.619346618652344	3.3429417610168457
11.842077255249023	2.5409481525421143
3.5719332695007324	0.13904032111167908
2.158930778503418	0.31341084837913513
6.193245887756348	1.6149392127990723
10.047801971435547	4.412147045135498
5.716810703277588	4.565797328948975
6.565142631530762	-2.98665714263916
-6.114252090454102	-4.241538047790527
-1.4466415643692017	1.9216104745864868
-1.059160828590393	6.44557523727417
7.760458946228027	-3.319099187850952
-1.3995020389556885	-4.829998970031738
0.7455252408981323	-4.611040115356445
5.135441780090332	3.9830150604248047
3.6478817462921143	4.273108005523682
10.765046119689941	6.581820487976074
-5.098928451538086	-7.174848556518555
8.05213451385498	5.164828300476074
9.995257377624512	1.5719859600067139
5.120095252990723	-3.021566390991211
14.532798767089844	3.1720268726348877
11.538626670837402	-2.4701409339904785
2.2598609924316406	0.44967207312583923
3.190988302230835	-3.826814889907837
-0.9845739603042603	3.392796754837036
-4.325244426727295	-3.770801305770874
8.594776153564453	-1.8132716417312622
13.516471862792969	4.013587474822998
0.5034819841384888	-1.9984794855117798
6.142060279846191	-3.404958963394165
3.2453737258911133	6.432123184204102
14.85711669921875	3.9921154975891113
-4.951213836669922	-7.88774299621582
-0.7699998617172241	-8.305512428283691
8.573308944702148	1.9513976573944092
4.817109107971191	5.270289421081543
16.373233795166016	2.396937847137451
9.491365432739258	1.4743223190307617
-2.2013120651245117	-0.8547672033309937
5.862303256988525	0.21957513689994812
8.479190826416016	-2.9710323810577393
5.678527355194092	5.666569709777832
0.7307063341140747	-2.042952537536621
6.282894134521484	5.301063537597656
7.9096999168396	-3.235375165939331
12.910972595214844	5.082181453704834
-2.5751993656158447	1.347230076789856
3.8570189476013184	2.7452800273895264
-3.846954345703125	-8.626487731933594
-3.2664263248443604	-8.603288650512695
12.55783462524414	-0.5020695924758911
-4.734653949737549	-5.73005485534668
-2.0814266204833984	-2.235299825668335
13.431901931762695	1.9062061309814453
10.62122917175293	3.1188082695007324
8.184173583984375	5.730265140533447
10.3687744140625	-0.38442549109458923
10.155816078186035	7.08339262008667
9.472063064575195	-1.0958198308944702
5.147047519683838	1.4101020097732544
5.880721092224121	-0.6906954050064087
4.018982887268066	-4.0759782791137695
-0.9016920328140259	-0.5427950620651245
-2.9045016765594482	0.7906345129013062
10.506416320800781	4.234320163726807
3.844912052154541	7.223660469055176
1.6401625871658325	-3.903820276260376
5.357647895812988	3.4232423305511475
4.6854352951049805	0.4048110544681549
10.587808609008789	-7.919315338134766
3.201827049255371	-7.4948015213012695
7.538472652435303	6.311166763305664
2.836014986038208	0.11533591151237488
8.15805721282959	-3.3965349197387695
-4.63006591796875	-8.252903938293457
6.757894515991211	-0.7471253871917725
-3.037670135498047	-8.582883834838867
3.435699701309204	1.6870793104171753
11.807390213012695	0.6921186447143555
-5.106850624084473	-5.544228553771973
9.799062728881836	-5.582657814025879
8.327754020690918	6.9038896560668945
2.1907174587249756	-1.6674681901931763
7.695722579956055	-2.9912142753601074
8.59019660949707	4.198685169219971
12.926753044128418	5.130972385406494
8.491812705993652	-5.571199893951416
11.793685913085938	5.5360636711120605
5.518166542053223	-6.171143054962158
11.03609561920166	0.7303048372268677
11.115006446838379	3.9173238277435303
2.6977901458740234	-2.312574625015259
8.480588912963867	2.586042642593384
6.76833438873291	-1.8001447916030884
-3.9197754859924316	-6.7139387130737305
12.604104995727539	-2.0372684001922607
8.810406684875488	-1.158284068107605
0.5674213171005249	-8.799817085266113
13.484856605529785	4.033734321594238
6.403345108032227	4.482713222503662
8.77639102935791	-4.322973251342773
-4.391958713531494	0.8676077127456665
11.093733787536621	3.5172414779663086
-2.805856704711914	4.56170129776001
8.445411682128906	1.1110483407974243
2.6169281005859375	-0.5275683403015137
7.60200834274292	-7.695198059082031
1.301214337348938	-0.8786147832870483
-2.579620361328125	2.321549654006958
6.558444976806641	2.0578463077545166
3.543827533721924	-4.358606338500977
11.206342697143555	-2.068871259689331
9.156240463256836	-4.376102924346924
-1.5157954692840576	-6.050427436828613
-3.8059215545654297	-8.262039184570312
6.913945198059082	3.4857208728790283
6.246829986572266	-2.0861592292785645
-0.6518009901046753	-0.00045171380043029785
4.6025285720825195	2.0804314613342285
5.322579383850098	0.03686746954917908
8.471696853637695	3.834070920944214
1.5345810651779175	-1.281322717666626
12.585416793823242	2.1483590602874756
4.885749340057373	1.693164587020874
0.27464619278907776	-4.501544952392578
5.723171234130859	5.521768093109131
1.5039006471633911	0.29517361521720886
-3.028766632080078	5.28230094909668
-4.677284240722656	-7.538568496704102
0.008351355791091919	0.23560604453086853
3.6533188819885254	-5.4676833152771
1.756945013999939	-1.5162311792373657
9.134516716003418	1.3031325340270996
4.137482643127441	0.8981187343597412
-4.205828666687012	-8.264518737792969
8.265636444091797	-1.6044753789901733
0.21763697266578674	-3.8124616146087646
6.118402481079102	2.7990849018096924
8.033243179321289	-6.725070953369141
6.252479553222656	-2.9579055309295654
-1.4753917455673218	1.8932842016220093
0.9732540845870972	-4.751741409301758
1.7857998609542847	-0.34759679436683655
8.862876892089844	1.8671845197677612
5.341768264770508	-0.5958602428436279
-6.481780529022217	-2.9626386165618896
2.5942606925964355	-2.077000856399536
3.0310750007629395	-3.136922836303711
6.858078956604004	-2.9846980571746826
-0.05571660399436951	3.022655963897705
-2.6413450241088867	-8.310912132263184
7.590311527252197	6.500600814819336
-2.6951026916503906	-2.2154135704040527
4.173276901245117	4.634097099304199
12.196208953857422	1.7056926488876343
10.779966354370117	-1.4915419816970825
7.056268215179443	-1.1430164575576782
3.6326584815979004	-3.8375356197357178
-2.8407981395721436	2.0962095260620117
-3.085806369781494	-4.583343982696533
7.720293045043945	0.7546327710151672
14.28272533416748	-1.2053933143615723
2.4069390296936035	-2.3271477222442627
11.40575885772705	3.6802382469177246
6.97777795791626	-8.471368789672852
-1.7092646360397339	0.5173212289810181
10.930340766906738	-0.12223014235496521
3.798290491104126	-2.634937047958374
8.07220458984375	1.5732769966125488
6.6291303634643555	4.868895530700684
12.586013793945312	0.38360199332237244
4.385507106781006	0.2520248591899872
2.9520621299743652	-3.5426504611968994
-2.6736621856689453	1.5488444566726685
5.533473968505859	0.1054818332195282
-4.0878987312316895	0.5293155908584595
13.026548385620117	-2.535546064376831
-3.744286060333252	1.9583081007003784
-4.560049057006836	-6.297529220581055
-2.517826557159424	-5.359720706939697
4.829711437225342	1.9036824703216553
-2.1028146743774414	2.9524519443511963
1.6480759382247925	-8.990426063537598
9.918144226074219	-1.0618524551391602
14.643310546875	-0.6000452041625977
-2.4661147594451904	-3.7520835399627686
14.457939147949219	-1.0428344011306763
4.829936981201172	1.620580792427063
1.0979353189468384	1.5392438173294067
-5.266067981719971	-5.196628570556641
7.234189510345459	-6.5528669357299805
7.649574279785156	3.3773605823516846
-2.281646728515625	-0.19229665398597717
10.821953773498535	0.46259787678718567
8.292407989501953	3.740187883377075
-3.643496513366699	1.2275160551071167
2.579542398452759	-2.6904046535491943
6.182316303253174	-4.027614593505859
3.1662256717681885	-0.14264097809791565
6.07517147064209	1.8300126791000366
11.879581451416016	1.6675437688827515
5.209293365478516	0.48836371302604675
2.0126514434814453	-5.941728591918945
3.5733587741851807	4.887641429901123
2.5342304706573486	-1.9762808084487915
9.693432807922363	1.8165022134780884
7.511728763580322	-8.951150894165039
3.4866154193878174	2.170123815536499
6.635949611663818	-2.5861175060272217
3.981917381286621	4.259767055511475
4.917105674743652	1.6453568935394287
12.675802230834961	4.824643135070801
-0.5949670076370239	-10.095743179321289
9.072237968444824	-7.034608364105225
9.969385147094727	-2.5182087421417236
4.453171730041504	2.9912467002868652
14.254390716552734	1.9091553688049316
-2.891057252883911	-5.349780082702637
2.101040840148926	-2.9264919757843018
-2.482264280319214	-6.240134239196777
12.221826553344727	2.3343703746795654
1.9440804719924927	0.7667288780212402
6.198672294616699	-3.4709267616271973
0.3454829752445221	5.526834011077881
-2.0930137634277344	-0.34165051579475403
8.798774719238281	0.4203394949436188
7.009979248046875	-6.201797008514404
-3.462975025177002	3.745976686477661
3.880951404571533	-4.523344993591309
6.96906042098999	3.500654458999634
4.641407489776611	1.8338764905929565
9.357043266296387	1.8126333951950073
-1.1307445764541626	-9.941913604736328
1.5577284097671509	-0.5798282623291016
9.951911926269531	-3.643237352371216
6.813225746154785	-2.7704715728759766
12.66382884979248	2.6239418983459473
3.660059928894043	2.974741220474243
2.7248778343200684	-2.2258856296539307
-1.7565444707870483	-8.85862922668457
11.411857604980469	4.924210548400879
2.4059853553771973	0.33026978373527527
6.251644611358643	-3.2711870670318604
3.740417242050171	2.95383882522583
-1.624911904335022	0.7342783212661743
3.277855396270752	2.108560085296631
6.586404800415039	-5.518624782562256
0.8703871965408325	-0.3348456919193268
2.1859781742095947	-4.780303955078125
7.231635570526123	-2.391301393508911
4.193576812744141	4.043970108032227
-1.9958618879318237	-5.911841869354248
-2.2709178924560547	-9.135436058044434
7.126723289489746	-7.927450180053711
10.787403106689453	-3.599503755569458
7.305990219116211	0.10566994547843933
14.498499870300293	0.1684851348400116
10.674426078796387	-5.778598785400391
3.6818723678588867	-2.3908207416534424
-0.8356221914291382	1.3949941396713257
13.135242462158203	1.8779963254928589
0.27470913529396057	-5.602631568908691
6.460955619812012	-4.435050010681152
9.435297012329102	7.963076114654541
-1.7908388376235962	-0.8502177000045776
-2.75576114654541	-0.19517865777015686
5.313858985900879	-7.316925525665283
7.424238204956055	0.05973842740058899
2.972689151763916	-2.920671224594116
-3.819467544555664	1.1989675760269165
3.216507911682129	-2.1202664375305176
6.1165313720703125	1.7778674364089966
13.26506519317627	0.7981241941452026
8.490423202514648	2.0577311515808105
3.9527409076690674	2.808314085006714
10.822748184204102	-3.0807931423187256
6.015316009521484	-3.7116024494171143
4.708571910858154	4.488672256469727
6.940201282501221	-6.519545078277588
-4.323372840881348	-3.518693685531616
6.565298080444336	-4.742518424987793
7.4185404777526855	-0.2753712832927704
2.913970708847046	-2.749767541885376
0.6149066686630249	3.209289073944092
5.066408634185791	0.44349560141563416
1.2402173280715942	-2.6960389614105225
5.514266490936279	-1.4113309383392334
3.606289863586426	-7.768413543701172
-3.9231419563293457	-8.295567512512207
12.759420394897461	1.8090718984603882
2.958653211593628	-2.3987784385681152
-1.6832834482192993	2.3539156913757324
11.740459442138672	1.3730227947235107
13.43145751953125	2.964216709136963
-1.4107452630996704	-1.892921805381775
-0.2519371211528778	0.5657539367675781
3.8663418292999268	-4.982497692108154
9.199665069580078	-10.534013748168945
11.969382286071777	-0.6363992691040039
10.258424758911133	-3.8669393062591553
6.839044570922852	-4.088993549346924
10.70633316040039	5.78912353515625
8.61263656616211	-4.321229934692383
4.054196834564209	0.5661494731903076
4.617524147033691	-5.555758476257324
2.5822906494140625	-0.9712835550308228
-1.409155011177063	-9.561293601989746
10.636696815490723	-4.476744651794434
13.361234664916992	3.6089837551116943
8.173478126525879	7.691572666168213
8.822052955627441	-7.062366008758545
2.26405930519104	7.40316104888916
11.981565475463867	0.7016340494155884
5.494582176208496	-7.919706344604492
-3.012986183166504	-0.14738455414772034
8.294672012329102	2.2907042503356934
11.15184211730957	3.2752277851104736
6.561050891876221	-5.401185989379883
10.106073379516602	-4.884390830993652
1.702832818031311	7.01841926574707
-2.6545395851135254	-9.174695014953613
-1.163227915763855	-7.09128475189209
4.9058942794799805	0.7412710189819336
1.7177449464797974	4.636785984039307
-2.4606916904449463	-9.498414993286133
7.877480983734131	-2.3429019451141357
6.276180267333984	-4.500645160675049
-3.108024835586548	3.01073956489563
3.9863505363464355	3.7024033069610596
4.682279109954834	-2.995987892150879
12.759811401367188	2.3306221961975098
3.5765790939331055	6.537201881408691
9.000598907470703	-6.823945045471191
10.210352897644043	3.3701703548431396
2.61155366897583	-1.967797875404358
7.990346431732178	-6.6425933837890625
-2.058037757873535	-2.195005416870117
5.393062114715576	1.5258351564407349
2.398902416229248	-4.401780605316162
-3.315894603729248	2.8014075756073
11.359552383422852	3.1965770721435547
4.0865325927734375	-5.11734676361084
8.077655792236328	-3.425196886062622
6.900169372558594	-5.606750011444092
-1.9256960153579712	-1.993003487586975
1.467272162437439	1.3185557126998901
11.051151275634766	2.0641753673553467
4.413046836853027	-7.080803394317627
8.945241928100586	-0.6024317741394043
3.8168416023254395	1.4322254657745361
-2.93518328666687	-8.539135932922363
8.500188827514648	-8.033636093139648
12.981718063354492	0.7634682655334473
1.607216477394104	-2.459728479385376
11.650335311889648	-2.4463131427764893
10.643121719360352	-0.5467216968536377
11.608053207397461	2.285874128341675
6.429562568664551	-4.459450721740723
8.120915412902832	-7.73586368560791
2.705873489379883	7.0567946434021
-2.403836250305176	0.7622183561325073
-1.810066819190979	2.5033862590789795
-1.510114312171936	-10.014432907104492
-0.10046777129173279	-1.2058017253875732
8.805343627929688	-3.589858293533325
-3.5421013832092285	0.6320856809616089
5.7825541496276855	-1.859549641609192
5.786210536956787	1.9578269720077515
3.253674030303955	-4.487744331359863
1.8197675943374634	5.9509077072143555
7.215444564819336	-7.335690498352051
9.015467643737793	2.774226427078247
10.313334465026855	-5.032932281494141
9.874184608459473	3.7607228755950928
-1.6118215322494507	-9.597726821899414
2.2701845169067383	-2.2346651554107666
-2.615471839904785	-8.911419868469238
8.047196388244629	4.520977020263672
11.945108413696289	2.610755205154419
-3.8864216804504395	-5.407876968383789
-2.508936643600464	-0.84975266456604
14.208158493041992	0.49487563967704773
6.770932197570801	-4.980088233947754
1.7841047048568726	-2.9533255100250244
10.160326957702637	0.44439420104026794
8.583086013793945	3.0187623500823975
12.338688850402832	0.4069155156612396
7.888684272766113	2.438629150390625
2.5570430755615234	-1.833741307258606
2.326714038848877	0.6743954420089722
6.331268310546875	-2.5129430294036865
3.8515427112579346	1.4537456035614014
3.0050554275512695	-1.6641284227371216
6.2568840980529785	-7.432219982147217
-2.219311237335205	-1.1959327459335327
3.9379680156707764	2.856367349624634
2.7360246181488037	-2.7791903018951416
8.551101684570312	2.610769033432007
13.358701705932617	1.3493787050247192
4.522529602050781	1.6467758417129517
5.568049907684326	-1.0399965047836304
4.4034647941589355	1.8576747179031372
13.120750427246094	0.980278730392456
8.964178085327148	1.0270012617111206
8.68004322052002	-0.514163613319397
-2.1717801094055176	-1.2408288717269897
9.507497787475586	-5.494986534118652
6.4062981605529785	7.355248928070068
13.6235990524292	1.8902136087417603
-3.149407386779785	4.507437229156494
3.5429747104644775	2.3836240768432617
-0.5705410242080688	-6.8016557693481445
-3.5742404460906982	-8.388773918151855
6.965669631958008	1.9817661046981812
10.084724426269531	2.3461480140686035
15.866142272949219	0.19054803252220154
15.778243064880371	3.9782142639160156
5.332912921905518	0.10167261958122253
1.0184587240219116	-2.071967840194702
8.518213272094727	4.2383809089660645
11.265298843383789	2.3391122817993164
-2.7880008220672607	-0.3385097086429596
7.074390888214111	-7.533517837524414
1.5657447576522827	1.831826090812683
-2.0204062461853027	0.7545875310897827
0.9067615270614624	-2.9801061153411865
6.304776191711426	-9.297561645507812
12.92326831817627	6.2425312995910645
3.7218449115753174	-3.8346526622772217
-1.4823247194290161	-1.3488858938217163
3.8147706985473633	2.2734527587890625
13.887295722961426	-1.8974286317825317
-3.6921451091766357	-8.545950889587402
5.0873918533325195	-2.1212446689605713
10.862919807434082	-1.7208162546157837
4.8588948249816895	-8.772296905517578
16.354503631591797	-0.0492493212223053
4.933152675628662	-7.253833770751953
1.9061695337295532	0.04162213206291199
5.211091995239258	1.8476923704147339
10.261214256286621	-1.314512848854065
0.01914873719215393	-1.4368706941604614
5.893159866333008	-3.0690720081329346
2.851630687713623	5.567933082580566
4.764264106750488	-0.7636662721633911
-2.016033172607422	2.505880355834961
-3.468656301498413	-8.835874557495117
3.1262717247009277	0.621468186378479
11.939128875732422	-3.769016981124878
-2.640514850616455	3.0886659622192383
16.06886863708496	1.0453579425811768
4.053195476531982	5.52738618850708
-1.5849467515945435	-0.5981663465499878
8.449193000793457	5.985357284545898
8.05092716217041	-7.298094272613525
1.7727118730545044	-0.7784625291824341
10.246508598327637	1.5489968061447144
11.709674835205078	-5.897700786590576
11.15524959564209	-2.802553415298462
3.7794103622436523	-5.202078819274902
-3.490347385406494	-8.357166290283203
0.4796659052371979	-9.566278457641602
11.123554229736328	-0.5173062086105347
4.788252353668213	-1.6712247133255005
8.749282836914062	-5.81519079208374
12.45955753326416	7.950545310974121
9.295730590820312	-6.183757781982422
1.6904600858688354	-0.8851789236068726
4.771568775177002	0.7028381824493408
-2.292217493057251	4.134306907653809
2.4778459072113037	1.768515944480896
3.9483561515808105	-3.1939961910247803
10.616825103759766	-0.34818705916404724
1.2537282705307007	-0.4092918932437897
-1.2067896127700806	3.2233364582061768
-0.4830184876918793	3.1617918014526367
5.542252540588379	-4.614912033081055
-2.9942967891693115	-2.1727349758148193
1.5238088369369507	-0.09258607029914856
6.00616455078125	3.5900356769561768
5.202170372009277	-3.0973093509674072
2.96376371383667	0.09881922602653503
-6.589646339416504	-4.831732749938965
-1.0983015298843384	-1.33968186378479
5.310617923736572	-2.029425859451294
7.98539924621582	-7.492615699768066
1.6168073415756226	-2.3340396881103516
10.258953094482422	-3.7909696102142334
9.94198226928711	3.527573823928833
6.191927433013916	-5.334848403930664
4.816581726074219	0.18059566617012024
7.875222206115723	-6.091458320617676
-4.383164882659912	-7.878954887390137
3.5430853366851807	3.31695818901062
12.607461929321289	3.6627025604248047
4.928442478179932	-0.9521265029907227
5.663141250610352	-3.901353120803833
12.360718727111816	3.457181930541992
3.4971301555633545	1.2414840459823608
8.952971458435059	-4.360186576843262
-0.16973885893821716	-10.414568901062012
12.054359436035156	4.557277202606201
-5.761053562164307	-6.199061870574951
-3.276656150817871	4.355921268463135
6.861262321472168	-5.811023235321045
7.199361324310303	3.4703047275543213
2.96738862991333	4.1707658767700195
10.697778701782227	5.827817916870117
2.8981616497039795	-0.7542629241943359
4.989602565765381	2.0383408069610596
-0.4331532418727875	3.071018934249878
11.389802932739258	5.567200660705566
-1.4980629682540894	3.5899341106414795
11.27842903137207	-5.419441223144531
6.8238935470581055	-5.789105415344238
10.388752937316895	-3.130099058151245
15.548396110534668	3.0224781036376953
9.46497631072998	-1.8163100481033325
5.761706352233887	-2.0982666015625
-3.936556816101074	-3.4822566509246826
4.7336344718933105	-1.0216484069824219
2.1531317234039307	-6.147324085235596
-0.6447468996047974	-0.9869741201400757
3.2656683921813965	-2.830946445465088
13.984203338623047	3.2744128704071045
3.5116043090820312	8.160721778869629
10.960731506347656	0.4455065429210663
6.294000625610352	-4.806906700134277
1.669765830039978	-2.178450345993042
4.175125598907471	-0.9303709268569946
10.609132766723633	-2.800446033477783
2.4003520011901855	-3.4842278957366943
2.4410219192504883	-2.9466803073883057
14.39548110961914	4.106094837188721
-6.58456563949585	-5.015585899353027
-2.473710060119629	2.935495138168335
-0.4173150956630707	-0.9257838726043701
5.987800598144531	-3.4932496547698975
4.6826558113098145	-0.19989290833473206
8.435615539550781	6.7268829345703125
6.9588518142700195	-6.020810127258301
2.6705360412597656	4.708073616027832
-0.8029733896255493	-2.4627630710601807
-5.509326934814453	-2.8227055072784424
-5.806082248687744	-6.307953834533691
-0.884823203086853	0.2855229079723358
3.259459972381592	-4.736454486846924
1.4282208681106567	-1.2346713542938232
11.808091163635254	-0.1478448212146759
1.3186370134353638	-2.7217369079589844
7.705323696136475	-3.4894349575042725
9.297630310058594	2.1130712032318115
10.656707763671875	1.3156919479370117
-2.872079610824585	-6.88432502746582
4.286859512329102	-4.301860332489014
-0.7040239572525024	-2.065570592880249
4.204902172088623	5.043093681335449
8.315366744995117	-0.5673775672912598
-6.760293960571289	-4.518383502960205
5.5434064865112305	2.1174113750457764
-0.28237923979759216	0.8106417655944824
7.384544372558594	-5.424408912658691
9.89305305480957	5.258726119995117
-3.3820853233337402	4.057765960693359
-1.5130647420883179	4.217397212982178
5.972414970397949	4.673637390136719
5.669191837310791	-1.253419280052185
10.303277969360352	-3.321303129196167
0.9188843965530396	-4.087839603424072
3.6782822608947754	7.939897060394287
3.6956334114074707	4.87282657623291
7.084263801574707	-8.540084838867188
-6.795820236206055	-4.037737846374512
9.982879638671875	2.1707816123962402
8.874625205993652	-0.17092183232307434
5.61867094039917	7.829320907592773
11.739713668823242	4.217259407043457
3.154534101486206	-5.188224792480469
1.730346918106079	-1.8859063386917114
2.5828819274902344	1.6528674364089966
10.585442543029785	3.878492593765259
4.7263383865356445	5.392338275909424
8.028359413146973	-5.47791862487793
-3.437255859375	-0.10295048356056213
-0.960309624671936	0.6726933717727661
-3.1919853687286377	-7.077828884124756
9.501713752746582	-0.680168867111206
2.185345411300659	7.735990524291992
7.35332727432251	-4.868452072143555
10.18409252166748	2.673931121826172
0.9945952892303467	6.074702739715576
3.016125440597534	1.28727388381958
-4.530094146728516	-7.788449287414551
-1.471206784248352	-5.619368076324463
8.045580863952637	1.9719691276550293
-2.545868396759033	4.141760349273682
12.919449806213379	4.543361663818359
2.156068801879883	-0.6634204387664795
-2.2578125	0.7903310060501099
5.701308250427246	5.769279479980469
6.726322650909424	-1.7410651445388794
-3.455470085144043	-5.585271835327148
2.288525342941284	-3.5949699878692627
11.149690628051758	1.8039741516113281
6.155490875244141	-0.2699134647846222
7.577549934387207	1.349465012550354
-5.9814605712890625	-4.51866340637207
2.1281039714813232	-5.512395858764648
10.544051170349121	-1.0925171375274658
12.882576942443848	-1.365782380104065
-3.5422186851501465	-9.121740341186523
6.138729095458984	-7.011440277099609
11.25339126586914	2.3814241886138916
-2.477234125137329	1.932922601699829
2.4215340614318848	-1.394720435142517
6.122922420501709	4.513599395751953
1.703187108039856	-0.34322431683540344
5.122733116149902	1.5299302339553833
11.839584350585938	3.542961359024048
4.0016632080078125	6.043478965759277
-0.1495426595211029	-5.4973344802856445
-6.647052764892578	-2.15323805809021
-5.5561842918396	-5.188045024871826
-3.411952018737793	2.530235528945923
2.8563053607940674	1.7605314254760742
-1.7279850244522095	-7.450780868530273
-5.645954132080078	-6.096363544464111
7.661188125610352	0.24799957871437073
12.19329833984375	1.2073777914047241
0.4496382772922516	4.201407432556152
10.531644821166992	-0.5753272771835327
2.8093221187591553	6.955842971801758
7.252298355102539	-3.796732187271118
7.622522354125977	-8.234563827514648
3.3181118965148926	6.262241363525391
1.3871327638626099	-2.8593504428863525
-6.045994281768799	-4.987226963043213
9.215047836303711	-4.434958457946777
12.325624465942383	1.9358949661254883
0.4915873110294342	1.3629372119903564
3.8683412075042725	-5.323136329650879
5.6956377029418945	-6.932888984680176
7.892353057861328	-0.9492738246917725
2.161841630935669	7.719203472137451
3.9477787017822266	-5.595348358154297
11.209256172180176	0.7880294322967529
9.91212272644043	-0.6337467432022095
1.8603588342666626	-1.8474584817886353
4.018787860870361	3.1261157989501953
13.04994010925293	4.398559093475342
11.506479263305664	1.7506707906723022
1.296127200126648	-2.265078544616699
8.636190414428711	2.524827718734741
2.3497962951660156	-1.8060766458511353
5.892809867858887	-3.9443905353546143
-1.5480791330337524	3.6251025199890137
-4.0281758308410645	-7.55256462097168
4.384570121765137	-5.964384078979492
6.507990837097168	-0.6792303323745728
-4.282314300537109	-5.724199295043945
10.182392120361328	5.951040267944336
5.309521675109863	5.3625664710998535
10.563191413879395	2.4402358531951904
1.1781209707260132	-5.792445182800293
-6.251273155212402	-5.7650041580200195
6.322193145751953	6.7942962646484375
-1.800535798072815	0.12493786215782166
3.5000391006469727	-5.820174694061279
0.30768266320228577	3.2756826877593994
3.2283365726470947	6.801243305206299
8.83016586303711	1.4721343517303467
12.201704025268555	2.807652473449707
-6.993372917175293	-4.140047550201416
-4.163780212402344	-5.466984272003174
1.9059244394302368	-2.2958579063415527
12.251005172729492	-1.409652829170227
8.182387351989746	5.66802978515625
8.234872817993164	-10.508925437927246
4.915738105773926	2.2885351181030273
-1.091725468635559	-1.8726979494094849
7.223616123199463	-1.97616446018219
8.604574203491211	2.9896419048309326
11.738447189331055	2.069183111190796
3.819003105163574	-0.01307728886604309
6.213977813720703	5.730009078979492
12.83735466003418	2.8466145992279053
10.958883285522461	5.640542030334473
6.554278373718262	-0.11294415593147278
2.707246780395508	0.48253652453422546
0.1591426432132721	-3.9806063175201416
2.3423376083374023	-4.189081192016602
11.771136283874512	6.379447937011719
12.524605751037598	4.886501312255859
4.050982475280762	4.705519676208496
-2.1522953510284424	1.1205097436904907
4.03786563873291	1.8283982276916504
-6.023121356964111	-4.5451459884643555
-3.9699831008911133	3.443035840988159
-1.8734983205795288	2.0558221340179443
15.057726860046387	3.4061696529388428
6.0515570640563965	-2.6207997798919678
0.9056292772293091	2.3982343673706055
2.0926222801208496	-2.5361902713775635
8.627595901489258	8.931205749511719
2.3248817920684814	-0.6570299863815308
1.5422865152359009	2.2772583961486816
5.213933944702148	5.5732598304748535
-3.494941234588623	0.7129253149032593
2.5964794158935547	-3.0900871753692627
1.598744511604309	6.275839805603027
1.9999140501022339	-1.7421575784683228
8.374425888061523	5.14607572555542
1.6899150609970093	-1.9797059297561646
1.2497926950454712	1.4610674381256104
2.224003314971924	-3.0695018768310547
-0.34029754996299744	-8.411462783813477
7.450193881988525	2.3305556774139404
4.808088302612305	-4.821310997009277
4.149719715118408	-2.7173917293548584
6.542477130889893	5.807183265686035
7.254214286804199	-5.688185691833496
4.70576286315918	-6.217562675476074
-0.09170827269554138	-9.883977890014648
3.9307451248168945	4.587407112121582
11.638120651245117	-7.150120258331299
7.109464168548584	0.39882543683052063
10.7424955368042	-4.994112968444824
-3.6371312141418457	2.7681446075439453
4.209011077880859	-5.696271896362305
8.861353874206543	-0.898084282875061
6.7789411544799805	-6.583854675292969
3.1056699752807617	7.333264350891113
-0.576877236366272	-4.956871032714844
-0.1020422875881195	-8.228013038635254
9.222238540649414	-9.33194351196289
4.081259727478027	-0.1508409082889557
7.384936332702637	-6.983541488647461
0.9496876001358032	3.0655949115753174
-0.18038615584373474	-9.83819580078125
2.1386470794677734	-1.7654086351394653
10.646615028381348	-8.706212043762207
-2.648574113845825	-6.873344421386719
10.591891288757324	-8.212810516357422
4.626789093017578	1.5364466905593872
5.6458258628845215	-9.250165939331055
6.269357681274414	-5.1217827796936035
-0.039332956075668335	-5.325738430023193
13.945211410522461	2.4269607067108154
8.776081085205078	-10.605960845947266
-2.3546485900878906	-0.827968955039978
8.169178009033203	-6.212632179260254
10.694952964782715	4.026956558227539
-0.03654775023460388	-10.371016502380371
1.3216990232467651	-1.4216657876968384
10.476801872253418	-5.952240943908691
10.834320068359375	-1.6390725374221802
5.381104469299316	-7.632142066955566
-2.146831750869751	3.3697543144226074
0.7310489416122437	-5.9978837966918945
11.644432067871094	3.8108670711517334
8.02735710144043	-10.003681182861328
4.364439487457275	-0.4773029386997223
6.202247142791748	-10.504030227661133
7.942289352416992	7.706046104431152
8.237133979797363	-9.588095664978027
4.3309431076049805	2.109121561050415
-0.8047124147415161	-4.294482231140137
13.225756645202637	4.9210615158081055
5.182070732116699	-9.769046783447266
6.001708984375	-1.6060506105422974
-0.4280587136745453	-5.195000648498535
-0.7466434240341187	-8.157780647277832
0.11340227723121643	-6.274667739868164
2.9119341373443604	-0.40830448269844055
11.200550079345703	-6.606644630432129
10.994758605957031	1.4292716979980469
4.236727714538574	-8.99731159210205
10.30408000946045	0.23923155665397644
10.395574569702148	-7.978281021118164
-3.0943868160247803	-5.272212982177734
6.786920547485352	-2.5502445697784424
4.64683723449707	-4.572165012359619
13.65262222290039	-4.2935614585876465
-5.463741302490234	-3.3149383068084717
2.300750255584717	-10.56803035736084
8.05030632019043	-5.033506393432617
13.794234275817871	-3.1988284587860107
6.766956329345703	3.4775702953338623
9.110063552856445	-9.755207061767578
2.4348511695861816	3.104090690612793
11.524059295654297	-3.7188971042633057
0.7601331472396851	-3.433337926864624
0.5195926427841187	-5.877602577209473
-1.2894853353500366	-7.435650825500488
4.912963390350342	-8.780092239379883
8.85151481628418	-1.3759284019470215
11.781675338745117	-5.415314674377441
1.4274872541427612	2.410527467727661
6.985753059387207	-6.161934852600098
2.8732943534851074	0.20110544562339783
4.692215919494629	-10.57921028137207
8.15927505493164	3.229626417160034
4.483748912811279	-8.561372756958008
11.329118728637695	-3.5807483196258545
10.870031356811523	-6.592072486877441
7.630917549133301	3.9028327465057373
11.208772659301758	-6.132930755615234
9.187674522399902	-5.197511196136475
10.447486877441406	-9.818279266357422
5.615936279296875	-3.389024257659912
8.706160545349121	-10.597411155700684
4.7389068603515625	0.9970850944519043
6.715632915496826	-10.498929977416992
2.821409225463867	2.42995023727417
5.379566669464111	-9.249582290649414
2.791487216949463	-1.4724291563034058
3.95819091796875	-9.393637657165527
10.587841987609863	6.214236736297607
2.787447452545166	-10.89268684387207
8.66986083984375	4.465775966644287
10.454509735107422	-6.354902744293213
1.8350073099136353	-1.2302346229553223
-0.05760106444358826	-4.312610149383545
9.477405548095703	-3.139228343963623
10.666305541992188	-1.9006701707839966
-0.5595494508743286	-0.6987196207046509
11.80173397064209	-1.9447468519210815
1.537404179573059	-2.4978749752044678
4.828833103179932	-10.492165565490723
8.361724853515625	7.911771774291992
9.702840805053711	-10.085467338562012
13.557841300964355	-4.277392387390137
5.481903076171875	-8.858831405639648
2.222308397293091	-6.652998447418213
2.6924328804016113	-10.970734596252441
6.150922775268555	1.4771291017532349
13.270116806030273	-1.6395050287246704
10.378097534179688	-3.393954277038574
7.451155185699463	-6.93904972076416
11.926898956298828	1.0387005805969238
11.305460929870605	-4.2632060050964355
-2.2051360607147217	-1.8726412057876587
11.736915588378906	-4.105094909667969
-1.7325717210769653	3.383833169937134
7.122102737426758	-6.4127702713012695
6.04716157913208	0.16218850016593933
5.916380405426025	-8.305335998535156
-1.0615631341934204	4.846799373626709
3.798569679260254	-8.875001907348633
1.2348443269729614	2.5504112243652344
8.270657539367676	-10.343131065368652
4.441476345062256	6.6952314376831055
11.811029434204102	-2.817237615585327
11.766056060791016	6.736996650695801
11.598180770874023	0.15239053964614868
-0.513809323310852	1.5232230424880981
13.406573295593262	-5.084773063659668
0.5104156732559204	-2.6233508586883545
12.43760871887207	-3.546881914138794
7.272790431976318	-4.029499053955078
10.369903564453125	-6.248074531555176
9.830709457397461	4.741019248962402
-2.172971487045288	-8.466238021850586
-3.279897928237915	0.4819045960903168
8.05497932434082	-6.91908073425293
13.403688430786133	2.160674810409546
9.922686576843262	-4.9723052978515625
-2.1072731018066406	-3.3810276985168457
7.731564044952393	-7.718112945556641
6.514461517333984	2.306889295578003
7.121652126312256	-9.56663703918457
5.854377746582031	6.149534702301025
1.489841103553772	-10.734455108642578
-3.459378242492676	3.6836791038513184
6.055097579956055	-8.686866760253906
8.036903381347656	0.6199029684066772
-0.9592305421829224	-2.990590810775757
10.738341331481934	4.242473125457764
7.777393341064453	-9.960196495056152
5.37175178527832	-2.8798999786376953
8.671669006347656	-10.502618789672852
10.005035400390625	8.032877922058105
8.491008758544922	-5.911473751068115
4.431753158569336	-2.273127794265747
-0.6825286149978638	-4.30656099319458
9.641465187072754	1.571002721786499
4.680539608001709	-7.846710205078125
4.536083698272705	-0.36689046025276184
-0.6047369241714478	-5.279526710510254
9.489118576049805	1.3861790895462036
7.405269622802734	-6.979959964752197
6.222601890563965	-5.928493499755859
11.936966896057129	-4.526495933532715
13.363710403442383	1.3739757537841797
-1.9402161836624146	-2.591420888900757
-1.6761385202407837	-6.1696882247924805
3.8561432361602783	-8.149391174316406
12.609119415283203	1.6159201860427856
10.30735969543457	-5.576380729675293
7.635727405548096	-6.63258695602417
7.31540584564209	-6.766016006469727
2.193026542663574	3.728769540786743
9.517887115478516	-6.620760917663574
9.001180648803711	-1.9439812898635864
6.899601936340332	-2.0176563262939453
12.918395042419434	-3.256589651107788
2.736726760864258	-10.788053512573242
5.643126964569092	1.2505789995193481
8.542786598205566	-6.585679054260254
4.903671741485596	4.217087268829346
1.608559012413025	-10.636886596679688
6.545350074768066	-4.1159281730651855
8.038641929626465	-7.305654525756836
6.060012340545654	-0.6067306995391846
5.501834869384766	-9.032470703125
9.110601425170898	3.6351282596588135
2.988908529281616	-10.463589668273926
0.34969857335090637	2.7200448513031006
8.385252952575684	-9.557489395141602
9.935914993286133	0.5187018513679504
2.852273464202881	-6.590793132781982
2.3819780349731445	1.2985508441925049
-0.9538995027542114	-4.860907554626465
11.958829879760742	2.7869997024536133
4.439845561981201	-9.765083312988281
8.973915100097656	-3.8955795764923096
11.000042915344238	-5.664342880249023
3.8165786266326904	6.546452045440674
8.54884147644043	-10.491951942443848
11.779672622680664	-5.2565202713012695
8.141897201538086	-10.355937957763672
5.675336837768555	5.761499404907227
10.703351974487305	-6.28557014465332
-2.245299816131592	1.5419018268585205
7.999974727630615	-9.86020278930664
-0.4738546311855316	-8.045729637145996
10.992837905883789	-7.7423810958862305
1.7798930406570435	-2.3525469303131104
11.507780075073242	-5.625040054321289
7.839756965637207	-7.8660736083984375
4.580068588256836	-9.046323776245117
2.3590118885040283	-5.7806782722473145
6.757586479187012	-10.210311889648438
7.364559173583984	2.0166780948638916
5.203943252563477	0.466352254152298
9.150644302368164	-7.358283519744873
0.3772663176059723	-10.335184097290039
12.250589370727539	1.4490809440612793
11.17375373840332	-0.824007511138916
0.879217267036438	1.932319164276123
15.76075267791748	-0.41098108887672424
2.944992780685425	-0.6197981834411621
4.946929931640625	-5.309360504150391
-0.01507827639579773	1.3858550786972046
12.067461013793945	2.1073648929595947
5.189823627471924	-0.9703494310379028
5.561241149902344	-2.6819305419921875
-1.8462392091751099	5.34652853012085
-2.498124599456787	-0.0726260244846344
6.430200576782227	-0.9743655920028687
7.127803802490234	-4.069515705108643
13.90979290008545	1.9527896642684937
0.45813265442848206	-4.752429008483887
-3.34329891204834	2.328773260116577
6.303153991699219	-1.886269450187683
4.248998641967773	2.3857510089874268
-1.1870070695877075	-9.697789192199707
0.899863600730896	-3.3241806030273438
11.582010269165039	-3.177037000656128
9.601316452026367	6.832190990447998
13.97315788269043	2.575634717941284
11.747733116149902	1.4657059907913208
1.336013674736023	-1.7433983087539673
15.512188911437988	-2.2008752822875977
10.346746444702148	1.5150948762893677
5.544763565063477	-0.15481898188591003
4.840585231781006	-0.6724799871444702
10.472794532775879	-1.9409719705581665
-0.8844605684280396	3.348085641860962
6.3124518394470215	5.730855941772461
7.438809394836426	-2.3236942291259766
0.577724814414978	4.962988376617432
-0.71220862865448	-3.940009355545044
10.322732925415039	-0.32306554913520813
5.6129961013793945	-0.7235389947891235
8.057389259338379	3.4433977603912354
-1.2428635358810425	-9.118979454040527
2.4406869411468506	-3.6282284259796143
9.886564254760742	-2.8394994735717773
4.968985557556152	-3.531633138656616
14.529719352722168	3.284203052520752
0.1486136019229889	-8.480194091796875
-2.15234375	2.0737431049346924
-2.9168004989624023	-4.510209560394287
5.319293975830078	-5.28349494934082
4.543866157531738	3.701643228530884
0.4291464388370514	-5.350413799285889
7.348559856414795	-6.117952346801758
3.290256977081299	-2.5529568195343018
-4.1511054039001465	-6.0167059898376465
1.798427939414978	-4.294915199279785
0.6966038942337036	3.3002331256866455
4.0932183265686035	-3.4696178436279297
2.7427823543548584	-0.023436695337295532
-6.366969585418701	-4.190098285675049
7.180596351623535	-2.247443914413452
0.4866153299808502	-3.043201208114624
7.3789567947387695	-7.628235816955566
10.661031723022461	1.182819128036499
9.45267391204834	0.8868042230606079
14.998270988464355	2.3162944316864014
10.42813491821289	5.471141815185547
5.830938339233398	-1.1004396677017212
0.5679091215133667	-8.482029914855957
2.7231101989746094	-4.984560966491699
9.884140968322754	6.785063743591309
5.638228416442871	-2.1693663597106934
5.770583152770996	4.762870788574219
3.085597276687622	-5.690581321716309
7.71379280090332	3.9698703289031982
5.591240882873535	-0.28130224347114563
2.6354658603668213	-4.573730945587158
9.358894348144531	2.9319612979888916
11.011155128479004	1.7815394401550293
-5.1770477294921875	-6.581791877746582
10.213637351989746	-1.9647451639175415
12.010149955749512	2.540477991104126
9.396589279174805	6.493966102600098
0.682616114616394	-2.5353338718414307
6.295503616333008	-1.2781485319137573
7.081815719604492	-3.8561065196990967
13.013456344604492	2.3861501216888428
-3.279796838760376	0.19192776083946228
6.823193073272705	-2.9912989139556885
5.31345272064209	-3.0907018184661865
5.321436882019043	-1.5306206941604614
8.305825233459473	-6.075125694274902
-3.121497392654419	-6.927457809448242
-0.5502163171768188	-10.530492782592773
1.161704421043396	-2.458226442337036
-0.4555092751979828	-1.10512113571167
-1.0811811685562134	1.2751284837722778
6.618197441101074	-0.908191442489624
4.794490337371826	3.3952043056488037
7.006595611572266	-6.100174903869629
7.078693389892578	-5.285548210144043
8.111340522766113	-3.791198968887329
5.302724838256836	-3.1275477409362793
3.2982289791107178	-4.150715351104736
2.186962366104126	-3.3564393520355225
11.521178245544434	-1.6720205545425415
4.5523223876953125	2.966184377670288
4.122084617614746	-4.558204650878906
6.436999320983887	-9.000792503356934
-2.2273998260498047	2.292076349258423
5.586304664611816	4.169755935668945
5.189624786376953	-1.788430094718933
10.350641250610352	0.7349510192871094
6.6662678718566895	-2.9087910652160645
4.029228687286377	0.8013113737106323
4.404993057250977	-5.371959209442139
6.317549705505371	-1.5198436975479126
-5.5496087074279785	-5.819032192230225
2.017606735229492	6.605480670928955
-2.7999465465545654	2.2121222019195557
8.39664077758789	4.119401931762695
-2.4362924098968506	0.4746151864528656
12.582317352294922	2.5753376483917236
-4.280794143676758	-7.92668342590332
-0.5233699083328247	-7.638240814208984
15.115278244018555	0.6788784265518188
3.0057287216186523	7.6846489906311035
7.538909912109375	0.7902047634124756
3.6334142684936523	6.792644023895264
14.308503150939941	2.8909554481506348
9.942682266235352	2.71305251121521
-1.4889861345291138	-9.29555892944336
5.136542320251465	2.233412504196167
3.944885492324829	-5.699513912200928
7.263770580291748	-1.8993464708328247
10.528020858764648	-0.3262486755847931
5.082931995391846	-1.9228330850601196
4.31760835647583	-4.756357192993164
8.51101016998291	-4.446712970733643
7.20318078994751	-3.9357078075408936
-2.72309947013855	-4.880276203155518
3.4321327209472656	-5.1597113609313965
1.8075681924819946	-2.034884214401245
-3.3929295539855957	0.7218624353408813
-1.9017561674118042	-5.7301788330078125
9.435070991516113	1.6722564697265625
11.900232315063477	-5.013225555419922
13.943964004516602	2.2950189113616943
2.0839359760284424	-4.049932479858398
4.9491753578186035	-2.1948325634002686
2.7695493698120117	-4.063817977905273
0.08651915192604065	-1.4059290885925293
13.713309288024902	-1.2727320194244385
5.343753337860107	-2.691720724105835
8.94884204864502	3.510558843612671
11.073694229125977	4.137499809265137
4.817471504211426	-2.0420608520507812
9.915681838989258	-1.0946601629257202
3.8431618213653564	4.728093147277832
10.92208480834961	-1.1256897449493408
-2.6857047080993652	-2.3099071979522705
2.7199172973632812	-2.537015676498413
14.5675630569458	0.2432328164577484
6.818563938140869	-3.830732583999634
4.054877758026123	-1.6985195875167847
2.8709793090820312	-6.872442245483398
-3.197233200073242	0.8775933980941772
5.91754150390625	-0.666872501373291
4.477733135223389	2.7350363731384277
9.188590049743652	3.357126235961914
4.475788116455078	-2.4535794258117676
11.711790084838867	3.6695754528045654
-0.045245736837387085	2.6753790378570557
10.919366836547852	5.197214603424072
5.838610649108887	-1.0384130477905273
-2.157181978225708	-8.934843063354492
3.3834853172302246	-1.3483110666275024
15.806218147277832	2.777853488922119
6.0327606201171875	-2.2537801265716553
16.28199005126953	4.032617092132568
6.420465469360352	6.405022621154785
-0.5943208932876587	-3.680677652359009
7.248426914215088	-8.1431245803833
12.330340385437012	2.047807455062866
12.625385284423828	3.5149285793304443
-0.7458964586257935	1.102685809135437
2.8922972679138184	7.563225746154785
2.0613019466400146	-1.8718944787979126
8.234533309936523	6.842586517333984
6.66851282119751	-2.8654606342315674
8.981433868408203	4.611959934234619
9.346439361572266	2.754281759262085
3.84094500541687	6.016960144042969
-2.953850746154785	-9.079446792602539
8.284524917602539	0.4059899151325226
13.550396919250488	3.850949764251709
4.938136100769043	2.2919697761535645
-2.657365322113037	-9.207889556884766
8.70517349243164	1.3240681886672974
14.18379020690918	3.5023016929626465
1.1591888666152954	1.690808653831482
3.863619804382324	3.47591233253479
3.842268466949463	5.177859306335449
-3.7685885429382324	-6.016556262969971
-0.8367477655410767	4.117974281311035
7.783644199371338	3.352841377258301
1.4929860830307007	-6.349946975708008
12.475724220275879	6.356350421905518
2.0158166885375977	-1.1833604574203491
2.8465394973754883	-0.042205601930618286
1.5740774869918823	6.055585861206055
8.453258514404297	6.589627742767334
10.7219820022583	0.10793530941009521
5.256784439086914	-1.712624430656433
7.16507625579834	-9.879288673400879
-2.070641279220581	3.8451826572418213
2.5816495418548584	2.2180004119873047
7.5534749031066895	-2.8971407413482666
3.944974184036255	-1.4201600551605225
2.9658889770507812	0.37892839312553406
7.856679439544678	2.9487574100494385
2.754558563232422	6.18344783782959
3.379964828491211	6.818749904632568
-4.229098320007324	-7.068192481994629
1.8490022420883179	-6.1745219230651855
8.12271785736084	2.1074910163879395
0.5424600839614868	2.5605955123901367
13.835618019104004	4.961113929748535
1.3764792680740356	0.668959379196167
3.044567584991455	1.1864041090011597
11.4366455078125	-1.521281361579895
7.946247100830078	6.95947265625
-2.3131375312805176	-0.05226960778236389
6.630210876464844	-2.184845447540283
10.020843505859375	4.750188827514648
-3.115849256515503	4.153352737426758
-2.731738805770874	-5.325880527496338
6.809892654418945	-0.18907210230827332
8.023659706115723	1.6042758226394653
2.0175042152404785	-1.7308493852615356
10.662160873413086	4.967907905578613
4.429377555847168	5.1503005027771
3.350727081298828	-1.895487904548645
-5.15304708480835	-5.836591720581055
7.1881208419799805	3.8047029972076416
7.9456987380981445	2.794057607650757
9.716796875	5.792314529418945
13.64889144897461	4.949153900146484
0.632952094078064	3.5747148990631104
1.9718308448791504	1.3637818098068237
-4.029202461242676	-4.142611503601074
-2.6661911010742188	3.9273061752319336
-1.192184567451477	-1.956396222114563
9.087796211242676	-5.99791145324707
-3.8807296752929688	-6.41478967666626
1.8903385400772095	-2.6490182876586914
6.956148624420166	6.593405246734619
12.592828750610352	2.588141679763794
7.0674943923950195	8.5775146484375
1.4724864959716797	0.6381477117538452
6.553380966186523	1.0694643259048462
-6.526745319366455	-4.120469093322754
5.938558578491211	3.4069583415985107
1.2360734939575195	-0.05715075135231018
9.479328155517578	5.360342025756836
5.948075294494629	-2.648991584777832
6.790083408355713	8.196314811706543
4.086460113525391	-0.20326486229896545
1.0603421926498413	2.034597873687744
-3.105830192565918	2.9778859615325928
9.687929153442383	2.826561689376831
13.58359146118164	3.4693641662597656
0.05217209458351135	-7.596744537353516
12.399002075195312	5.491878986358643
6.59659481048584	-1.9769984483718872
7.7839765548706055	3.631632089614868
-3.6299402713775635	-7.415684223175049
-3.3362956047058105	-7.319526672363281
4.483134746551514	5.394184589385986
3.765855312347412	-0.9702781438827515
5.2293477058410645	-6.148228645324707
2.1069839000701904	1.8267487287521362
5.286646366119385	-3.003106117248535
-3.239722490310669	1.664223313331604
4.912603855133057	3.4832112789154053
9.895673751831055	7.340590953826904
10.040271759033203	3.5935943126678467
7.6680779457092285	5.687188148498535
2.8953585624694824	-2.6835319995880127
0.7071458101272583	0.3041439950466156
7.389336109161377	-4.1976776123046875
2.922813653945923	-0.6537662744522095
-0.6580010652542114	-7.286853790283203
-5.043522357940674	-4.7915120124816895
12.620606422424316	5.706244468688965
-5.402443885803223	-4.654693603515625
-2.959991931915283	-5.238635063171387
4.72784948348999	3.1121537685394287
12.191422462463379	-2.74220609664917
-4.754316329956055	-5.666994571685791
3.033520221710205	-4.453853607177734
0.6412869691848755	-1.566367745399475
5.055347919464111	0.8807724714279175
6.998120307922363	-3.1336445808410645
6.743059158325195	0.9084506034851074
5.565568923950195	1.4611963033676147
-0.7151898145675659	-7.374135494232178
8.014215469360352	2.1701061725616455
6.404061317443848	-2.9272654056549072
8.248144149780273	-4.209867477416992
5.98433780670166	4.333988189697266
7.843382835388184	2.4738008975982666
-5.614231109619141	-2.388803720474243
-4.26434850692749	-6.3089070320129395
9.973543167114258	6.407413482666016
-2.85994029045105	3.0690739154815674
2.1842594146728516	2.249321937561035
9.94120979309082	8.307730674743652
10.917135238647461	3.1415562629699707
4.786163330078125	4.581320285797119
11.171721458435059	-5.319812774658203
5.018082618713379	5.403329372406006
6.625351905822754	-3.991671323776245
8.35516357421875	1.5988606214523315
-0.02021130919456482	-4.121227741241455
5.055489540100098	6.037240505218506
-3.8097586631774902	0.9623879194259644
6.446258544921875	-0.9240257740020752
0.7513585090637207	6.191734313964844
1.5614715814590454	0.06389960646629333
-2.680739402770996	-7.442544937133789
7.531059265136719	1.5822652578353882
0.8002771139144897	-3.1062872409820557
10.706354141235352	5.1032233238220215
0.9452217817306519	-1.11876380443573
-3.470038652420044	2.723050117492676
3.7435381412506104	1.210374116897583
7.135470390319824	-5.696835041046143
4.4205145835876465	3.4262845516204834
2.584970235824585	-1.0717347860336304
0.7148267030715942	-2.978339195251465
8.394927978515625	-3.7724592685699463
-3.3746418952941895	0.6072100400924683
-2.8873915672302246	2.5882880687713623
2.934236526489258	0.6319663524627686
7.925581932067871	-4.848827362060547
7.089332103729248	-8.561079025268555
2.3141441345214844	0.823839545249939
8.520212173461914	5.6604204177856445
8.28139877319336	3.467311143875122
9.179483413696289	4.296983242034912
8.777422904968262	3.5742576122283936
12.953691482543945	5.45121955871582
3.6036558151245117	-0.30697253346443176
3.1201837062835693	-7.010112762451172
8.240424156188965	-3.876328706741333
10.233806610107422	-4.028635025024414
6.211466312408447	-1.6646000146865845
1.7144345045089722	-0.05842283368110657
0.9555181264877319	0.23235687613487244
3.2356436252593994	-0.30460408329963684
0.7922595739364624	-1.4100643396377563
10.437053680419922	1.253639817237854
1.0391045808792114	-0.3574914038181305
7.798410415649414	-5.22391414642334
3.1539621353149414	6.813178062438965
-3.90438175201416	3.8345324993133545
4.110936641693115	6.165461540222168
8.615026473999023	-5.998604774475098
6.362586975097656	-4.896530628204346
8.511649131774902	5.410231590270996
4.187747478485107	4.561098575592041
9.74163818359375	-1.4520080089569092
8.007081031799316	-4.631758213043213
14.286262512207031	6.508315086364746
5.503423690795898	-1.143250823020935
9.577743530273438	-4.023948669433594
5.530787467956543	-1.9158631563186646
3.5166268348693848	2.84572696685791
9.387287139892578	-2.7243378162384033
9.543807983398438	-4.141522407531738
6.891968727111816	6.585968017578125
-4.739502906799316	-3.0883915424346924
-4.077932357788086	-6.411200523376465
7.931706428527832	-3.328073263168335
-2.861581802368164	4.494235992431641
11.515886306762695	1.0781972408294678
11.06039810180664	6.319828510284424
6.688406944274902	-4.990878105163574
6.961772918701172	-3.1793577671051025
4.709991931915283	-4.966946601867676
7.1719160079956055	5.2039971351623535
2.6960086822509766	6.566765785217285
3.819762706756592	6.889749526977539
3.146358013153076	7.505417823791504
11.371925354003906	5.256261825561523
7.971187114715576	5.197990417480469
6.843079090118408	-4.254398345947266
5.328728199005127	-0.3828635513782501
-2.444401264190674	4.342172145843506
5.783558368682861	6.032724380493164
11.742181777954102	4.30712366104126
7.351748466491699	7.230922698974609
-3.9876232147216797	-6.659961700439453
5.546010971069336	-7.239737510681152
12.693010330200195	5.666370868682861
8.16872501373291	3.404446601867676
2.483441114425659	-2.116485357284546
5.31199312210083	-9.384357452392578
6.767897605895996	6.617269515991211
4.91047477722168	-1.2979434728622437
-6.376867294311523	-4.778809547424316
-1.3837920427322388	-7.123228549957275
6.777284622192383	5.9380106925964355
3.8098068237304688	-2.1233322620391846
3.5212666988372803	5.9392781257629395
4.703436851501465	-3.3694469928741455
-3.385870933532715	3.020055055618286
-2.9132585525512695	-5.557895183563232
7.712841510772705	2.431314706802368
10.491386413574219	5.075560569763184
-2.8964881896972656	3.916276693344116
6.052882671356201	-9.613420486450195
1.586623191833496	2.0851998329162598
6.658639907836914	0.24587878584861755
11.384937286376953	4.2235918045043945
5.393593788146973	-1.238187313079834
-4.965961933135986	-6.214497089385986
-3.3678059577941895	-0.43168774247169495
-2.632357120513916	3.248607635498047
13.237765312194824	-1.4191778898239136
6.070754528045654	-1.315911054611206
12.341947555541992	-2.010404348373413
5.274273872375488	1.7247134447097778
-1.3435865640640259	-6.606163024902344
1.3871458768844604	-10.079479217529297
-0.3487449586391449	0.9977256059646606
9.94271469116211	-1.9853581190109253
3.624945640563965	-4.814119338989258
16.1259765625	-0.7059117555618286
5.667304039001465	1.604434847831726
4.853898048400879	-5.3066606521606445
-2.918452501296997	-3.716228723526001
14.288253784179688	-0.6762431859970093
-3.208954334259033	-0.704382061958313
6.986677646636963	-6.968177795410156
0.714484453201294	1.256344199180603
-1.2987881898880005	-1.8269373178482056
6.627805233001709	5.970650672912598
10.512683868408203	-6.3079915046691895
3.4602622985839844	-0.6850565671920776
3.7415037155151367	-3.1500234603881836
10.710671424865723	-1.3119741678237915
5.153300762176514	2.7147891521453857
-3.2955148220062256	5.003414154052734
1.5834606885910034	-10.280941009521484
-3.00180721282959	-8.875804901123047
10.927214622497559	-5.142036437988281
12.282190322875977	-0.8680475950241089
12.579182624816895	-7.066156387329102
9.425930976867676	5.515735149383545
3.8604118824005127	-7.137196063995361
4.2656660079956055	-1.620209813117981
8.350846290588379	1.242749571800232
3.3564369678497314	5.872317314147949
8.395651817321777	-10.294778823852539
7.02268648147583	5.029979705810547
-1.163582444190979	-3.082489252090454
9.065093994140625	8.124181747436523
10.09520435333252	-8.517716407775879
8.075133323669434	1.9106489419937134
1.8520513772964478	-5.05284309387207
3.2859816551208496	8.883614540100098
6.125649929046631	-0.7139649391174316
2.552814483642578	-2.375800848007202
-0.4035535752773285	-9.290184020996094
7.254504203796387	0.3747919797897339
11.326942443847656	-1.6181524991989136
2.1023459434509277	1.9018160104751587
15.182050704956055	0.843025803565979
3.540065288543701	-1.2020714282989502
2.2977352142333984	-4.200019836425781
4.193769931793213	2.8775179386138916
14.14272403717041	0.29656216502189636
6.600409030914307	8.251054763793945
6.294978141784668	-5.527109146118164
5.695347785949707	-0.40759900212287903
-2.593973159790039	-1.142535924911499
6.211997032165527	-2.6212661266326904
9.552495956420898	-6.792131423950195
7.186256408691406	3.577671766281128
1.5019532442092896	-6.293125152587891
7.326306343078613	4.844875335693359
5.530485153198242	-0.27337005734443665
3.870619535446167	4.769165992736816
-2.0245015621185303	-2.7670249938964844
6.0690813064575195	7.388141632080078
6.19618558883667	-5.822335243225098
6.31602668762207	-2.0984086990356445
1.1852515935897827	-1.5592910051345825
2.102689027786255	4.231692790985107
2.643982410430908	-7.975715637207031
3.664135217666626	-0.7165677547454834
6.013669967651367	-1.2371666431427002
9.01776123046875	6.920352458953857
1.3499478101730347	-10.412249565124512
-2.2264740467071533	-6.653923511505127
3.212678909301758	-3.5453951358795166
3.1092848777770996	-1.686165452003479
9.997420310974121	5.830953598022461
10.397321701049805	-2.4127087593078613
-1.5056885480880737	-9.77955150604248
5.127011775970459	7.215220928192139
7.053534507751465	-6.709249496459961
7.334799766540527	-4.612866401672363
-2.5057528018951416	-1.9653016328811646
9.321849822998047	-6.217942714691162
14.467222213745117	0.9958387613296509
0.9570194482803345	0.36191830039024353
8.665048599243164	0.7964019179344177
15.114967346191406	-1.044246792793274
3.5631983280181885	-0.20052912831306458
6.492480278015137	1.9168195724487305
6.6599440574646	-2.6871936321258545
0.2025388777256012	-3.25801157951355
13.503865242004395	-0.1038457453250885
6.842080116271973	4.077259063720703
6.287489891052246	-8.803812980651855
1.723307728767395	-3.29465651512146
-2.2610349655151367	-1.6383610963821411
1.4578832387924194	0.6648707389831543
11.506593704223633	3.528470039367676
-4.9387946128845215	-3.779479742050171
0.6205748319625854	-6.1248979568481445
6.807535171508789	6.184016227722168
3.6102490425109863	-7.367668151855469
2.227724552154541	-5.662890911102295
11.804333686828613	3.7529964447021484
-2.504920244216919	-6.339459419250488
10.536771774291992	-7.3412017822265625
6.5207719802856445	-2.6157047748565674
-1.8853029012680054	-7.264834880828857
2.4252536296844482	5.367560863494873
10.527966499328613	-1.8629032373428345
8.230802536010742	-9.509703636169434
1.7954775094985962	-5.123626232147217
1.6336044073104858	-2.7714908123016357
7.1799116134643555	-8.891820907592773
8.96888542175293	3.831448793411255
-1.5576907396316528	-2.9866788387298584
7.90349006652832	-0.19361355900764465
14.449174880981445	-3.1679675579071045
5.526461601257324	-0.07036128640174866
6.551723480224609	-4.7996015548706055
-3.7979488372802734	0.6436203718185425
14.715410232543945	0.21539625525474548
3.426485061645508	-0.30406442284584045
13.008682250976562	1.2834059000015259
3.5796732902526855	-4.460304260253906
9.199822425842285	-8.139476776123047
10.876676559448242	-3.040644407272339
12.724569320678711	-4.244656562805176
9.698500633239746	0.6076972484588623
1.608246922492981	-4.780815124511719
-2.1488232612609863	1.5275152921676636
7.791937828063965	-3.7713944911956787
7.690425872802734	6.346536636352539
15.37496566772461	-2.9977519512176514
9.917362213134766	-0.7441359758377075
2.9657082557678223	-7.273675918579102
10.449995040893555	1.3813906908035278
-1.4925166368484497	-0.9395891427993774
0.989646315574646	2.41745924949646
-2.456374168395996	-7.635560035705566
9.130278587341309	3.5577640533447266
4.637710094451904	-6.614775657653809
4.839885234832764	0.1645859181880951
14.52299690246582	-0.5436184406280518
-2.495945453643799	4.405676364898682
-0.33281955122947693	-4.116857528686523
4.993212699890137	-7.468866348266602
6.870789527893066	-8.726362228393555
9.012540817260742	-8.149778366088867
10.202183723449707	-2.086756944656372
3.821160078048706	5.583933353424072
1.246313452720642	-10.183854103088379
4.920624732971191	-0.1063862144947052
13.145359992980957	-2.323758363723755
3.921015977859497	-4.31770133972168
14.467046737670898	-2.1353065967559814
14.30040168762207	0.8855489492416382
7.917272567749023	-1.5412291288375854
8.914931297302246	6.281425952911377
14.556310653686523	-1.118482232093811
7.311358451843262	-1.3520207405090332
9.955989837646484	-6.927753448486328
